order_id,product_id,unit_price,quantity,discount,gross_sales,discount_value,net_sales,customer_id,employee_id,order_date,required_date,shipped_date,ship_via,freight,ship_country,productID,productName,categoryID,unitPrice,discontinued,category_id,category_name,delivery_days,on_time,year,month
10248,11,14.0,12,0.0,168.0,0.0,168.0,VINET,5,1996-07-04,1996-08-01,1996-07-16,3,32.38,France,11,Queso Cabrales,4,21.0,0,4,Dairy Products,12.0,True,1996,1996-07
10248,42,9.8,10,0.0,98.0,0.0,98.0,VINET,5,1996-07-04,1996-08-01,1996-07-16,3,32.38,France,42,Singaporean Hokkien Fried Mee,5,14.0,1,5,Grains/Cereals,12.0,True,1996,1996-07
10248,72,34.8,5,0.0,174.0,0.0,174.0,VINET,5,1996-07-04,1996-08-01,1996-07-16,3,32.38,France,72,Mozzarella di Giovanni,4,34.8,0,4,Dairy Products,12.0,True,1996,1996-07
10249,14,18.6,9,0.0,167.4,0.0,167.4,TOMSP,6,1996-07-05,1996-08-16,1996-07-10,1,11.61,Germany,14,Tofu,7,23.25,0,7,Produce,5.0,True,1996,1996-07
10249,51,42.4,40,0.0,1696.0,0.0,1696.0,TOMSP,6,1996-07-05,1996-08-16,1996-07-10,1,11.61,Germany,51,Manjimup Dried Apples,7,53.0,0,7,Produce,5.0,True,1996,1996-07
10250,41,7.7,10,0.0,77.0,0.0,77.0,HANAR,4,1996-07-08,1996-08-05,1996-07-12,2,65.83,Brazil,41,Jack's New England Clam Chowder,8,9.65,0,8,Seafood,4.0,True,1996,1996-07
10250,51,42.4,35,0.15,1484.0,222.6,1261.4,HANAR,4,1996-07-08,1996-08-05,1996-07-12,2,65.83,Brazil,51,Manjimup Dried Apples,7,53.0,0,7,Produce,4.0,True,1996,1996-07
10250,65,16.8,15,0.15,252.0,37.8,214.2,HANAR,4,1996-07-08,1996-08-05,1996-07-12,2,65.83,Brazil,65,Louisiana Fiery Hot Pepper Sauce,2,21.05,0,2,Condiments,4.0,True,1996,1996-07
10251,22,16.8,6,0.05,100.80000000000001,5.040000000000001,95.76,VICTE,3,1996-07-08,1996-08-05,1996-07-15,1,41.34,France,22,Gustaf's Knäckebröd,5,21.0,0,5,Grains/Cereals,7.0,True,1996,1996-07
10251,57,15.6,15,0.05,234.0,11.700000000000001,222.3,VICTE,3,1996-07-08,1996-08-05,1996-07-15,1,41.34,France,57,Ravioli Angelo,5,19.5,0,5,Grains/Cereals,7.0,True,1996,1996-07
10251,65,16.8,20,0.0,336.0,0.0,336.0,VICTE,3,1996-07-08,1996-08-05,1996-07-15,1,41.34,France,65,Louisiana Fiery Hot Pepper Sauce,2,21.05,0,2,Condiments,7.0,True,1996,1996-07
10252,20,64.8,40,0.05,2592.0,129.6,2462.4,SUPRD,4,1996-07-09,1996-08-06,1996-07-11,2,51.3,Belgium,20,Sir Rodney's Marmalade,3,81.0,0,3,Confections,2.0,True,1996,1996-07
10252,33,2.0,25,0.05,50.0,2.5,47.5,SUPRD,4,1996-07-09,1996-08-06,1996-07-11,2,51.3,Belgium,33,Geitost,4,2.5,0,4,Dairy Products,2.0,True,1996,1996-07
10252,60,27.2,40,0.0,1088.0,0.0,1088.0,SUPRD,4,1996-07-09,1996-08-06,1996-07-11,2,51.3,Belgium,60,Camembert Pierrot,4,34.0,0,4,Dairy Products,2.0,True,1996,1996-07
10253,31,10.0,20,0.0,200.0,0.0,200.0,HANAR,3,1996-07-10,1996-07-24,1996-07-16,2,58.17,Brazil,31,Gorgonzola Telino,4,12.5,0,4,Dairy Products,6.0,True,1996,1996-07
10253,39,14.4,42,0.0,604.8000000000001,0.0,604.8000000000001,HANAR,3,1996-07-10,1996-07-24,1996-07-16,2,58.17,Brazil,39,Chartreuse verte,1,18.0,0,1,Beverages,6.0,True,1996,1996-07
10253,49,16.0,40,0.0,640.0,0.0,640.0,HANAR,3,1996-07-10,1996-07-24,1996-07-16,2,58.17,Brazil,49,Maxilaku,3,20.0,0,3,Confections,6.0,True,1996,1996-07
10254,24,3.6,15,0.15,54.0,8.1,45.9,CHOPS,5,1996-07-11,1996-08-08,1996-07-23,2,22.98,Switzerland,24,Guaraná Fantástica,1,4.5,1,1,Beverages,12.0,True,1996,1996-07
10254,55,19.2,21,0.15,403.2,60.48,342.71999999999997,CHOPS,5,1996-07-11,1996-08-08,1996-07-23,2,22.98,Switzerland,55,Pâté chinois,6,24.0,0,6,Meat/Poultry,12.0,True,1996,1996-07
10254,74,8.0,21,0.0,168.0,0.0,168.0,CHOPS,5,1996-07-11,1996-08-08,1996-07-23,2,22.98,Switzerland,74,Longlife Tofu,7,10.0,0,7,Produce,12.0,True,1996,1996-07
10255,2,15.2,20,0.0,304.0,0.0,304.0,RICSU,9,1996-07-12,1996-08-09,1996-07-15,3,148.33,Switzerland,2,Chang,1,19.0,0,1,Beverages,3.0,True,1996,1996-07
10255,16,13.9,35,0.0,486.5,0.0,486.5,RICSU,9,1996-07-12,1996-08-09,1996-07-15,3,148.33,Switzerland,16,Pavlova,3,17.45,0,3,Confections,3.0,True,1996,1996-07
10255,36,15.2,25,0.0,380.0,0.0,380.0,RICSU,9,1996-07-12,1996-08-09,1996-07-15,3,148.33,Switzerland,36,Inlagd Sill,8,19.0,0,8,Seafood,3.0,True,1996,1996-07
10255,59,44.0,30,0.0,1320.0,0.0,1320.0,RICSU,9,1996-07-12,1996-08-09,1996-07-15,3,148.33,Switzerland,59,Raclette Courdavault,4,55.0,0,4,Dairy Products,3.0,True,1996,1996-07
10256,53,26.2,15,0.0,393.0,0.0,393.0,WELLI,3,1996-07-15,1996-08-12,1996-07-17,2,13.97,Brazil,53,Perth Pasties,6,32.8,1,6,Meat/Poultry,2.0,True,1996,1996-07
10256,77,10.4,12,0.0,124.80000000000001,0.0,124.80000000000001,WELLI,3,1996-07-15,1996-08-12,1996-07-17,2,13.97,Brazil,77,Original Frankfurter grüne Soße,2,13.0,0,2,Condiments,2.0,True,1996,1996-07
10257,27,35.1,25,0.0,877.5,0.0,877.5,HILAA,4,1996-07-16,1996-08-13,1996-07-22,3,81.91,Venezuela,27,Schoggi Schokolade,3,43.9,0,3,Confections,6.0,True,1996,1996-07
10257,39,14.4,6,0.0,86.4,0.0,86.4,HILAA,4,1996-07-16,1996-08-13,1996-07-22,3,81.91,Venezuela,39,Chartreuse verte,1,18.0,0,1,Beverages,6.0,True,1996,1996-07
10257,77,10.4,15,0.0,156.0,0.0,156.0,HILAA,4,1996-07-16,1996-08-13,1996-07-22,3,81.91,Venezuela,77,Original Frankfurter grüne Soße,2,13.0,0,2,Condiments,6.0,True,1996,1996-07
10258,2,15.2,50,0.2,760.0,152.0,608.0,ERNSH,1,1996-07-17,1996-08-14,1996-07-23,1,140.51,Austria,2,Chang,1,19.0,0,1,Beverages,6.0,True,1996,1996-07
10258,5,17.0,65,0.2,1105.0,221.0,884.0,ERNSH,1,1996-07-17,1996-08-14,1996-07-23,1,140.51,Austria,5,Chef Anton's Gumbo Mix,2,21.35,1,2,Condiments,6.0,True,1996,1996-07
10258,32,25.6,6,0.2,153.60000000000002,30.720000000000006,122.88000000000002,ERNSH,1,1996-07-17,1996-08-14,1996-07-23,1,140.51,Austria,32,Mascarpone Fabioli,4,32.0,0,4,Dairy Products,6.0,True,1996,1996-07
10259,21,8.0,10,0.0,80.0,0.0,80.0,CENTC,4,1996-07-18,1996-08-15,1996-07-25,3,3.25,Mexico,21,Sir Rodney's Scones,3,10.0,0,3,Confections,7.0,True,1996,1996-07
10259,37,20.8,1,0.0,20.8,0.0,20.8,CENTC,4,1996-07-18,1996-08-15,1996-07-25,3,3.25,Mexico,37,Gravad lax,8,26.0,0,8,Seafood,7.0,True,1996,1996-07
10260,41,7.7,16,0.25,123.2,30.8,92.4,OTTIK,4,1996-07-19,1996-08-16,1996-07-29,1,55.09,Germany,41,Jack's New England Clam Chowder,8,9.65,0,8,Seafood,10.0,True,1996,1996-07
10260,57,15.6,50,0.0,780.0,0.0,780.0,OTTIK,4,1996-07-19,1996-08-16,1996-07-29,1,55.09,Germany,57,Ravioli Angelo,5,19.5,0,5,Grains/Cereals,10.0,True,1996,1996-07
10260,62,39.4,15,0.25,591.0,147.75,443.25,OTTIK,4,1996-07-19,1996-08-16,1996-07-29,1,55.09,Germany,62,Tarte au sucre,3,49.3,0,3,Confections,10.0,True,1996,1996-07
10260,70,12.0,21,0.25,252.0,63.0,189.0,OTTIK,4,1996-07-19,1996-08-16,1996-07-29,1,55.09,Germany,70,Outback Lager,1,15.0,0,1,Beverages,10.0,True,1996,1996-07
10261,21,8.0,20,0.0,160.0,0.0,160.0,QUEDE,4,1996-07-19,1996-08-16,1996-07-30,2,3.05,Brazil,21,Sir Rodney's Scones,3,10.0,0,3,Confections,11.0,True,1996,1996-07
10261,35,14.4,20,0.0,288.0,0.0,288.0,QUEDE,4,1996-07-19,1996-08-16,1996-07-30,2,3.05,Brazil,35,Steeleye Stout,1,18.0,0,1,Beverages,11.0,True,1996,1996-07
10262,5,17.0,12,0.2,204.0,40.800000000000004,163.2,RATTC,8,1996-07-22,1996-08-19,1996-07-25,3,48.29,USA,5,Chef Anton's Gumbo Mix,2,21.35,1,2,Condiments,3.0,True,1996,1996-07
10262,7,24.0,15,0.0,360.0,0.0,360.0,RATTC,8,1996-07-22,1996-08-19,1996-07-25,3,48.29,USA,7,Uncle Bob's Organic Dried Pears,7,30.0,0,7,Produce,3.0,True,1996,1996-07
10262,56,30.4,2,0.0,60.8,0.0,60.8,RATTC,8,1996-07-22,1996-08-19,1996-07-25,3,48.29,USA,56,Gnocchi di nonna Alice,5,38.0,0,5,Grains/Cereals,3.0,True,1996,1996-07
10263,16,13.9,60,0.25,834.0,208.5,625.5,ERNSH,9,1996-07-23,1996-08-20,1996-07-31,3,146.06,Austria,16,Pavlova,3,17.45,0,3,Confections,8.0,True,1996,1996-07
10263,24,3.6,28,0.0,100.8,0.0,100.8,ERNSH,9,1996-07-23,1996-08-20,1996-07-31,3,146.06,Austria,24,Guaraná Fantástica,1,4.5,1,1,Beverages,8.0,True,1996,1996-07
10263,30,20.7,60,0.25,1242.0,310.5,931.5,ERNSH,9,1996-07-23,1996-08-20,1996-07-31,3,146.06,Austria,30,Nord-Ost Matjeshering,8,25.89,0,8,Seafood,8.0,True,1996,1996-07
10263,74,8.0,36,0.25,288.0,72.0,216.0,ERNSH,9,1996-07-23,1996-08-20,1996-07-31,3,146.06,Austria,74,Longlife Tofu,7,10.0,0,7,Produce,8.0,True,1996,1996-07
10264,2,15.2,35,0.0,532.0,0.0,532.0,FOLKO,6,1996-07-24,1996-08-21,1996-08-23,3,3.67,Sweden,2,Chang,1,19.0,0,1,Beverages,30.0,False,1996,1996-07
10264,41,7.7,25,0.15,192.5,28.875,163.625,FOLKO,6,1996-07-24,1996-08-21,1996-08-23,3,3.67,Sweden,41,Jack's New England Clam Chowder,8,9.65,0,8,Seafood,30.0,False,1996,1996-07
10265,17,31.2,30,0.0,936.0,0.0,936.0,BLONP,2,1996-07-25,1996-08-22,1996-08-12,1,55.28,France,17,Alice Mutton,6,39.0,1,6,Meat/Poultry,18.0,True,1996,1996-07
10265,70,12.0,20,0.0,240.0,0.0,240.0,BLONP,2,1996-07-25,1996-08-22,1996-08-12,1,55.28,France,70,Outback Lager,1,15.0,0,1,Beverages,18.0,True,1996,1996-07
10266,12,30.4,12,0.05,364.79999999999995,18.24,346.55999999999995,WARTH,3,1996-07-26,1996-09-06,1996-07-31,3,25.73,Finland,12,Queso Manchego La Pastora,4,38.0,0,4,Dairy Products,5.0,True,1996,1996-07
10267,40,14.7,50,0.0,735.0,0.0,735.0,FRANK,4,1996-07-29,1996-08-26,1996-08-06,1,208.58,Germany,40,Boston Crab Meat,8,18.4,0,8,Seafood,8.0,True,1996,1996-07
10267,59,44.0,70,0.15,3080.0,462.0,2618.0,FRANK,4,1996-07-29,1996-08-26,1996-08-06,1,208.58,Germany,59,Raclette Courdavault,4,55.0,0,4,Dairy Products,8.0,True,1996,1996-07
10267,76,14.4,15,0.15,216.0,32.4,183.6,FRANK,4,1996-07-29,1996-08-26,1996-08-06,1,208.58,Germany,76,Lakkalikööri,1,18.0,0,1,Beverages,8.0,True,1996,1996-07
10268,29,99.0,10,0.0,990.0,0.0,990.0,GROSR,8,1996-07-30,1996-08-27,1996-08-02,3,66.29,Venezuela,29,Thüringer Rostbratwurst,6,123.79,1,6,Meat/Poultry,3.0,True,1996,1996-07
10268,72,27.8,4,0.0,111.2,0.0,111.2,GROSR,8,1996-07-30,1996-08-27,1996-08-02,3,66.29,Venezuela,72,Mozzarella di Giovanni,4,34.8,0,4,Dairy Products,3.0,True,1996,1996-07
10269,33,2.0,60,0.05,120.0,6.0,114.0,WHITC,5,1996-07-31,1996-08-14,1996-08-09,1,4.56,USA,33,Geitost,4,2.5,0,4,Dairy Products,9.0,True,1996,1996-07
10269,72,27.8,20,0.05,556.0,27.8,528.2,WHITC,5,1996-07-31,1996-08-14,1996-08-09,1,4.56,USA,72,Mozzarella di Giovanni,4,34.8,0,4,Dairy Products,9.0,True,1996,1996-07
10270,36,15.2,30,0.0,456.0,0.0,456.0,WARTH,1,1996-08-01,1996-08-29,1996-08-02,1,136.54,Finland,36,Inlagd Sill,8,19.0,0,8,Seafood,1.0,True,1996,1996-08
10270,43,36.8,25,0.0,919.9999999999999,0.0,919.9999999999999,WARTH,1,1996-08-01,1996-08-29,1996-08-02,1,136.54,Finland,43,Ipoh Coffee,1,46.0,0,1,Beverages,1.0,True,1996,1996-08
10271,33,2.0,24,0.0,48.0,0.0,48.0,SPLIR,6,1996-08-01,1996-08-29,1996-08-30,2,4.54,USA,33,Geitost,4,2.5,0,4,Dairy Products,29.0,False,1996,1996-08
10272,20,64.8,6,0.0,388.79999999999995,0.0,388.79999999999995,RATTC,6,1996-08-02,1996-08-30,1996-08-06,2,98.03,USA,20,Sir Rodney's Marmalade,3,81.0,0,3,Confections,4.0,True,1996,1996-08
10272,31,10.0,40,0.0,400.0,0.0,400.0,RATTC,6,1996-08-02,1996-08-30,1996-08-06,2,98.03,USA,31,Gorgonzola Telino,4,12.5,0,4,Dairy Products,4.0,True,1996,1996-08
10272,72,27.8,24,0.0,667.2,0.0,667.2,RATTC,6,1996-08-02,1996-08-30,1996-08-06,2,98.03,USA,72,Mozzarella di Giovanni,4,34.8,0,4,Dairy Products,4.0,True,1996,1996-08
10273,10,24.8,24,0.05,595.2,29.760000000000005,565.44,QUICK,3,1996-08-05,1996-09-02,1996-08-12,3,76.07,Germany,10,Ikura,8,31.0,0,8,Seafood,7.0,True,1996,1996-08
10273,31,10.0,15,0.05,150.0,7.5,142.5,QUICK,3,1996-08-05,1996-09-02,1996-08-12,3,76.07,Germany,31,Gorgonzola Telino,4,12.5,0,4,Dairy Products,7.0,True,1996,1996-08
10273,33,2.0,20,0.0,40.0,0.0,40.0,QUICK,3,1996-08-05,1996-09-02,1996-08-12,3,76.07,Germany,33,Geitost,4,2.5,0,4,Dairy Products,7.0,True,1996,1996-08
10273,40,14.7,60,0.05,882.0,44.1,837.9,QUICK,3,1996-08-05,1996-09-02,1996-08-12,3,76.07,Germany,40,Boston Crab Meat,8,18.4,0,8,Seafood,7.0,True,1996,1996-08
10273,76,14.4,33,0.05,475.2,23.76,451.44,QUICK,3,1996-08-05,1996-09-02,1996-08-12,3,76.07,Germany,76,Lakkalikööri,1,18.0,0,1,Beverages,7.0,True,1996,1996-08
10274,71,17.2,20,0.0,344.0,0.0,344.0,VINET,6,1996-08-06,1996-09-03,1996-08-16,1,6.01,France,71,Flotemysost,4,21.5,0,4,Dairy Products,10.0,True,1996,1996-08
10274,72,27.8,7,0.0,194.6,0.0,194.6,VINET,6,1996-08-06,1996-09-03,1996-08-16,1,6.01,France,72,Mozzarella di Giovanni,4,34.8,0,4,Dairy Products,10.0,True,1996,1996-08
10275,24,3.6,12,0.05,43.2,2.16,41.040000000000006,MAGAA,1,1996-08-07,1996-09-04,1996-08-09,1,26.93,Italy,24,Guaraná Fantástica,1,4.5,1,1,Beverages,2.0,True,1996,1996-08
10275,59,44.0,6,0.05,264.0,13.200000000000001,250.8,MAGAA,1,1996-08-07,1996-09-04,1996-08-09,1,26.93,Italy,59,Raclette Courdavault,4,55.0,0,4,Dairy Products,2.0,True,1996,1996-08
10276,10,24.8,15,0.0,372.0,0.0,372.0,TORTU,8,1996-08-08,1996-08-22,1996-08-14,3,13.84,Mexico,10,Ikura,8,31.0,0,8,Seafood,6.0,True,1996,1996-08
10276,13,4.8,10,0.0,48.0,0.0,48.0,TORTU,8,1996-08-08,1996-08-22,1996-08-14,3,13.84,Mexico,13,Konbu,8,6.0,0,8,Seafood,6.0,True,1996,1996-08
10277,28,36.4,20,0.0,728.0,0.0,728.0,MORGK,2,1996-08-09,1996-09-06,1996-08-13,3,125.77,Germany,28,Rössle Sauerkraut,7,45.6,1,7,Produce,4.0,True,1996,1996-08
10277,62,39.4,12,0.0,472.79999999999995,0.0,472.79999999999995,MORGK,2,1996-08-09,1996-09-06,1996-08-13,3,125.77,Germany,62,Tarte au sucre,3,49.3,0,3,Confections,4.0,True,1996,1996-08
10278,44,15.5,16,0.0,248.0,0.0,248.0,BERGS,8,1996-08-12,1996-09-09,1996-08-16,2,92.69,Sweden,44,Gula Malacca,2,19.45,0,2,Condiments,4.0,True,1996,1996-08
10278,59,44.0,15,0.0,660.0,0.0,660.0,BERGS,8,1996-08-12,1996-09-09,1996-08-16,2,92.69,Sweden,59,Raclette Courdavault,4,55.0,0,4,Dairy Products,4.0,True,1996,1996-08
10278,63,35.1,8,0.0,280.8,0.0,280.8,BERGS,8,1996-08-12,1996-09-09,1996-08-16,2,92.69,Sweden,63,Vegie-spread,2,43.9,0,2,Condiments,4.0,True,1996,1996-08
10278,73,12.0,25,0.0,300.0,0.0,300.0,BERGS,8,1996-08-12,1996-09-09,1996-08-16,2,92.69,Sweden,73,Röd Kaviar,8,15.0,0,8,Seafood,4.0,True,1996,1996-08
10279,17,31.2,15,0.25,468.0,117.0,351.0,LEHMS,8,1996-08-13,1996-09-10,1996-08-16,2,25.83,Germany,17,Alice Mutton,6,39.0,1,6,Meat/Poultry,3.0,True,1996,1996-08
10280,24,3.6,12,0.0,43.2,0.0,43.2,BERGS,2,1996-08-14,1996-09-11,1996-09-12,1,8.98,Sweden,24,Guaraná Fantástica,1,4.5,1,1,Beverages,29.0,False,1996,1996-08
10280,55,19.2,20,0.0,384.0,0.0,384.0,BERGS,2,1996-08-14,1996-09-11,1996-09-12,1,8.98,Sweden,55,Pâté chinois,6,24.0,0,6,Meat/Poultry,29.0,False,1996,1996-08
10280,75,6.2,30,0.0,186.0,0.0,186.0,BERGS,2,1996-08-14,1996-09-11,1996-09-12,1,8.98,Sweden,75,Rhönbräu Klosterbier,1,7.75,0,1,Beverages,29.0,False,1996,1996-08
10281,19,7.3,1,0.0,7.3,0.0,7.3,ROMEY,4,1996-08-14,1996-08-28,1996-08-21,1,2.94,Spain,19,Teatime Chocolate Biscuits,3,9.2,0,3,Confections,7.0,True,1996,1996-08
10281,24,3.6,6,0.0,21.6,0.0,21.6,ROMEY,4,1996-08-14,1996-08-28,1996-08-21,1,2.94,Spain,24,Guaraná Fantástica,1,4.5,1,1,Beverages,7.0,True,1996,1996-08
10281,35,14.4,4,0.0,57.6,0.0,57.6,ROMEY,4,1996-08-14,1996-08-28,1996-08-21,1,2.94,Spain,35,Steeleye Stout,1,18.0,0,1,Beverages,7.0,True,1996,1996-08
10282,30,20.7,6,0.0,124.19999999999999,0.0,124.19999999999999,ROMEY,4,1996-08-15,1996-09-12,1996-08-21,1,12.69,Spain,30,Nord-Ost Matjeshering,8,25.89,0,8,Seafood,6.0,True,1996,1996-08
10282,57,15.6,2,0.0,31.2,0.0,31.2,ROMEY,4,1996-08-15,1996-09-12,1996-08-21,1,12.69,Spain,57,Ravioli Angelo,5,19.5,0,5,Grains/Cereals,6.0,True,1996,1996-08
10283,15,12.4,20,0.0,248.0,0.0,248.0,LILAS,3,1996-08-16,1996-09-13,1996-08-23,3,84.81,Venezuela,15,Genen Shouyu,2,15.5,0,2,Condiments,7.0,True,1996,1996-08
10283,19,7.3,18,0.0,131.4,0.0,131.4,LILAS,3,1996-08-16,1996-09-13,1996-08-23,3,84.81,Venezuela,19,Teatime Chocolate Biscuits,3,9.2,0,3,Confections,7.0,True,1996,1996-08
10283,60,27.2,35,0.0,952.0,0.0,952.0,LILAS,3,1996-08-16,1996-09-13,1996-08-23,3,84.81,Venezuela,60,Camembert Pierrot,4,34.0,0,4,Dairy Products,7.0,True,1996,1996-08
10283,72,27.8,3,0.0,83.4,0.0,83.4,LILAS,3,1996-08-16,1996-09-13,1996-08-23,3,84.81,Venezuela,72,Mozzarella di Giovanni,4,34.8,0,4,Dairy Products,7.0,True,1996,1996-08
10284,27,35.1,15,0.25,526.5,131.625,394.875,LEHMS,4,1996-08-19,1996-09-16,1996-08-27,1,76.56,Germany,27,Schoggi Schokolade,3,43.9,0,3,Confections,8.0,True,1996,1996-08
10284,44,15.5,21,0.0,325.5,0.0,325.5,LEHMS,4,1996-08-19,1996-09-16,1996-08-27,1,76.56,Germany,44,Gula Malacca,2,19.45,0,2,Condiments,8.0,True,1996,1996-08
10284,60,27.2,20,0.25,544.0,136.0,408.0,LEHMS,4,1996-08-19,1996-09-16,1996-08-27,1,76.56,Germany,60,Camembert Pierrot,4,34.0,0,4,Dairy Products,8.0,True,1996,1996-08
10284,67,11.2,5,0.25,56.0,14.0,42.0,LEHMS,4,1996-08-19,1996-09-16,1996-08-27,1,76.56,Germany,67,Laughing Lumberjack Lager,1,14.0,0,1,Beverages,8.0,True,1996,1996-08
10285,1,14.4,45,0.2,648.0,129.6,518.4,QUICK,1,1996-08-20,1996-09-17,1996-08-26,2,76.83,Germany,1,Chai,1,18.0,0,1,Beverages,6.0,True,1996,1996-08
10285,40,14.7,40,0.2,588.0,117.60000000000001,470.4,QUICK,1,1996-08-20,1996-09-17,1996-08-26,2,76.83,Germany,40,Boston Crab Meat,8,18.4,0,8,Seafood,6.0,True,1996,1996-08
10285,53,26.2,36,0.2,943.1999999999999,188.64,754.56,QUICK,1,1996-08-20,1996-09-17,1996-08-26,2,76.83,Germany,53,Perth Pasties,6,32.8,1,6,Meat/Poultry,6.0,True,1996,1996-08
10286,35,14.4,100,0.0,1440.0,0.0,1440.0,QUICK,8,1996-08-21,1996-09-18,1996-08-30,3,229.24,Germany,35,Steeleye Stout,1,18.0,0,1,Beverages,9.0,True,1996,1996-08
10286,62,39.4,40,0.0,1576.0,0.0,1576.0,QUICK,8,1996-08-21,1996-09-18,1996-08-30,3,229.24,Germany,62,Tarte au sucre,3,49.3,0,3,Confections,9.0,True,1996,1996-08
10287,16,13.9,40,0.15,556.0,83.39999999999999,472.6,RICAR,8,1996-08-22,1996-09-19,1996-08-28,3,12.76,Brazil,16,Pavlova,3,17.45,0,3,Confections,6.0,True,1996,1996-08
10287,34,11.2,20,0.0,224.0,0.0,224.0,RICAR,8,1996-08-22,1996-09-19,1996-08-28,3,12.76,Brazil,34,Sasquatch Ale,1,14.0,0,1,Beverages,6.0,True,1996,1996-08
10287,46,9.6,15,0.15,144.0,21.599999999999998,122.4,RICAR,8,1996-08-22,1996-09-19,1996-08-28,3,12.76,Brazil,46,Spegesild,8,12.0,0,8,Seafood,6.0,True,1996,1996-08
10288,54,5.9,10,0.1,59.0,5.9,53.1,REGGC,4,1996-08-23,1996-09-20,1996-09-03,1,7.45,Italy,54,Tourtière,6,7.45,0,6,Meat/Poultry,11.0,True,1996,1996-08
10288,68,10.0,3,0.1,30.0,3.0,27.0,REGGC,4,1996-08-23,1996-09-20,1996-09-03,1,7.45,Italy,68,Scottish Longbreads,3,12.5,0,3,Confections,11.0,True,1996,1996-08
10289,3,8.0,30,0.0,240.0,0.0,240.0,BSBEV,7,1996-08-26,1996-09-23,1996-08-28,3,22.77,UK,3,Aniseed Syrup,2,10.0,0,2,Condiments,2.0,True,1996,1996-08
10289,64,26.6,9,0.0,239.4,0.0,239.4,BSBEV,7,1996-08-26,1996-09-23,1996-08-28,3,22.77,UK,64,Wimmers gute Semmelknödel,5,33.25,0,5,Grains/Cereals,2.0,True,1996,1996-08
10290,5,17.0,20,0.0,340.0,0.0,340.0,COMMI,8,1996-08-27,1996-09-24,1996-09-03,1,79.7,Brazil,5,Chef Anton's Gumbo Mix,2,21.35,1,2,Condiments,7.0,True,1996,1996-08
10290,29,99.0,15,0.0,1485.0,0.0,1485.0,COMMI,8,1996-08-27,1996-09-24,1996-09-03,1,79.7,Brazil,29,Thüringer Rostbratwurst,6,123.79,1,6,Meat/Poultry,7.0,True,1996,1996-08
10290,49,16.0,15,0.0,240.0,0.0,240.0,COMMI,8,1996-08-27,1996-09-24,1996-09-03,1,79.7,Brazil,49,Maxilaku,3,20.0,0,3,Confections,7.0,True,1996,1996-08
10290,77,10.4,10,0.0,104.0,0.0,104.0,COMMI,8,1996-08-27,1996-09-24,1996-09-03,1,79.7,Brazil,77,Original Frankfurter grüne Soße,2,13.0,0,2,Condiments,7.0,True,1996,1996-08
10291,13,4.8,20,0.1,96.0,9.600000000000001,86.4,QUEDE,6,1996-08-27,1996-09-24,1996-09-04,2,6.4,Brazil,13,Konbu,8,6.0,0,8,Seafood,8.0,True,1996,1996-08
10291,44,15.5,24,0.1,372.0,37.2,334.8,QUEDE,6,1996-08-27,1996-09-24,1996-09-04,2,6.4,Brazil,44,Gula Malacca,2,19.45,0,2,Condiments,8.0,True,1996,1996-08
10291,51,42.4,2,0.1,84.8,8.48,76.32,QUEDE,6,1996-08-27,1996-09-24,1996-09-04,2,6.4,Brazil,51,Manjimup Dried Apples,7,53.0,0,7,Produce,8.0,True,1996,1996-08
10292,20,64.8,20,0.0,1296.0,0.0,1296.0,TRADH,1,1996-08-28,1996-09-25,1996-09-02,2,1.35,Brazil,20,Sir Rodney's Marmalade,3,81.0,0,3,Confections,5.0,True,1996,1996-08
10293,18,50.0,12,0.0,600.0,0.0,600.0,TORTU,1,1996-08-29,1996-09-26,1996-09-11,3,21.18,Mexico,18,Carnarvon Tigers,8,62.5,0,8,Seafood,13.0,True,1996,1996-08
10293,24,3.6,10,0.0,36.0,0.0,36.0,TORTU,1,1996-08-29,1996-09-26,1996-09-11,3,21.18,Mexico,24,Guaraná Fantástica,1,4.5,1,1,Beverages,13.0,True,1996,1996-08
10293,63,35.1,5,0.0,175.5,0.0,175.5,TORTU,1,1996-08-29,1996-09-26,1996-09-11,3,21.18,Mexico,63,Vegie-spread,2,43.9,0,2,Condiments,13.0,True,1996,1996-08
10293,75,6.2,6,0.0,37.2,0.0,37.2,TORTU,1,1996-08-29,1996-09-26,1996-09-11,3,21.18,Mexico,75,Rhönbräu Klosterbier,1,7.75,0,1,Beverages,13.0,True,1996,1996-08
10294,1,14.4,18,0.0,259.2,0.0,259.2,RATTC,4,1996-08-30,1996-09-27,1996-09-05,2,147.26,USA,1,Chai,1,18.0,0,1,Beverages,6.0,True,1996,1996-08
10294,17,31.2,15,0.0,468.0,0.0,468.0,RATTC,4,1996-08-30,1996-09-27,1996-09-05,2,147.26,USA,17,Alice Mutton,6,39.0,1,6,Meat/Poultry,6.0,True,1996,1996-08
10294,43,36.8,15,0.0,552.0,0.0,552.0,RATTC,4,1996-08-30,1996-09-27,1996-09-05,2,147.26,USA,43,Ipoh Coffee,1,46.0,0,1,Beverages,6.0,True,1996,1996-08
10294,60,27.2,21,0.0,571.1999999999999,0.0,571.1999999999999,RATTC,4,1996-08-30,1996-09-27,1996-09-05,2,147.26,USA,60,Camembert Pierrot,4,34.0,0,4,Dairy Products,6.0,True,1996,1996-08
10294,75,6.2,6,0.0,37.2,0.0,37.2,RATTC,4,1996-08-30,1996-09-27,1996-09-05,2,147.26,USA,75,Rhönbräu Klosterbier,1,7.75,0,1,Beverages,6.0,True,1996,1996-08
10295,56,30.4,4,0.0,121.6,0.0,121.6,VINET,2,1996-09-02,1996-09-30,1996-09-10,2,1.15,France,56,Gnocchi di nonna Alice,5,38.0,0,5,Grains/Cereals,8.0,True,1996,1996-09
10296,11,16.8,12,0.0,201.60000000000002,0.0,201.60000000000002,LILAS,6,1996-09-03,1996-10-01,1996-09-11,1,0.12,Venezuela,11,Queso Cabrales,4,21.0,0,4,Dairy Products,8.0,True,1996,1996-09
10296,16,13.9,30,0.0,417.0,0.0,417.0,LILAS,6,1996-09-03,1996-10-01,1996-09-11,1,0.12,Venezuela,16,Pavlova,3,17.45,0,3,Confections,8.0,True,1996,1996-09
10296,69,28.8,15,0.0,432.0,0.0,432.0,LILAS,6,1996-09-03,1996-10-01,1996-09-11,1,0.12,Venezuela,69,Gudbrandsdalsost,4,36.0,0,4,Dairy Products,8.0,True,1996,1996-09
10297,39,14.4,60,0.0,864.0,0.0,864.0,BLONP,5,1996-09-04,1996-10-16,1996-09-10,2,5.74,France,39,Chartreuse verte,1,18.0,0,1,Beverages,6.0,True,1996,1996-09
10297,72,27.8,20,0.0,556.0,0.0,556.0,BLONP,5,1996-09-04,1996-10-16,1996-09-10,2,5.74,France,72,Mozzarella di Giovanni,4,34.8,0,4,Dairy Products,6.0,True,1996,1996-09
10298,2,15.2,40,0.0,608.0,0.0,608.0,HUNGO,6,1996-09-05,1996-10-03,1996-09-11,2,168.22,Ireland,2,Chang,1,19.0,0,1,Beverages,6.0,True,1996,1996-09
10298,36,15.2,40,0.25,608.0,152.0,456.0,HUNGO,6,1996-09-05,1996-10-03,1996-09-11,2,168.22,Ireland,36,Inlagd Sill,8,19.0,0,8,Seafood,6.0,True,1996,1996-09
10298,59,44.0,30,0.25,1320.0,330.0,990.0,HUNGO,6,1996-09-05,1996-10-03,1996-09-11,2,168.22,Ireland,59,Raclette Courdavault,4,55.0,0,4,Dairy Products,6.0,True,1996,1996-09
10298,62,39.4,15,0.0,591.0,0.0,591.0,HUNGO,6,1996-09-05,1996-10-03,1996-09-11,2,168.22,Ireland,62,Tarte au sucre,3,49.3,0,3,Confections,6.0,True,1996,1996-09
10299,19,7.3,15,0.0,109.5,0.0,109.5,RICAR,4,1996-09-06,1996-10-04,1996-09-13,2,29.76,Brazil,19,Teatime Chocolate Biscuits,3,9.2,0,3,Confections,7.0,True,1996,1996-09
10299,70,12.0,20,0.0,240.0,0.0,240.0,RICAR,4,1996-09-06,1996-10-04,1996-09-13,2,29.76,Brazil,70,Outback Lager,1,15.0,0,1,Beverages,7.0,True,1996,1996-09
10300,66,13.6,30,0.0,408.0,0.0,408.0,MAGAA,2,1996-09-09,1996-10-07,1996-09-18,2,17.68,Italy,66,Louisiana Hot Spiced Okra,2,17.0,0,2,Condiments,9.0,True,1996,1996-09
10300,68,10.0,20,0.0,200.0,0.0,200.0,MAGAA,2,1996-09-09,1996-10-07,1996-09-18,2,17.68,Italy,68,Scottish Longbreads,3,12.5,0,3,Confections,9.0,True,1996,1996-09
10301,40,14.7,10,0.0,147.0,0.0,147.0,WANDK,8,1996-09-09,1996-10-07,1996-09-17,2,45.08,Germany,40,Boston Crab Meat,8,18.4,0,8,Seafood,8.0,True,1996,1996-09
10301,56,30.4,20,0.0,608.0,0.0,608.0,WANDK,8,1996-09-09,1996-10-07,1996-09-17,2,45.08,Germany,56,Gnocchi di nonna Alice,5,38.0,0,5,Grains/Cereals,8.0,True,1996,1996-09
10302,17,31.2,40,0.0,1248.0,0.0,1248.0,SUPRD,4,1996-09-10,1996-10-08,1996-10-09,2,6.27,Belgium,17,Alice Mutton,6,39.0,1,6,Meat/Poultry,29.0,False,1996,1996-09
10302,28,36.4,28,0.0,1019.1999999999999,0.0,1019.1999999999999,SUPRD,4,1996-09-10,1996-10-08,1996-10-09,2,6.27,Belgium,28,Rössle Sauerkraut,7,45.6,1,7,Produce,29.0,False,1996,1996-09
10302,43,36.8,12,0.0,441.59999999999997,0.0,441.59999999999997,SUPRD,4,1996-09-10,1996-10-08,1996-10-09,2,6.27,Belgium,43,Ipoh Coffee,1,46.0,0,1,Beverages,29.0,False,1996,1996-09
10303,40,14.7,40,0.1,588.0,58.800000000000004,529.2,GODOS,7,1996-09-11,1996-10-09,1996-09-18,2,107.83,Spain,40,Boston Crab Meat,8,18.4,0,8,Seafood,7.0,True,1996,1996-09
10303,65,16.8,30,0.1,504.0,50.400000000000006,453.6,GODOS,7,1996-09-11,1996-10-09,1996-09-18,2,107.83,Spain,65,Louisiana Fiery Hot Pepper Sauce,2,21.05,0,2,Condiments,7.0,True,1996,1996-09
10303,68,10.0,15,0.1,150.0,15.0,135.0,GODOS,7,1996-09-11,1996-10-09,1996-09-18,2,107.83,Spain,68,Scottish Longbreads,3,12.5,0,3,Confections,7.0,True,1996,1996-09
10304,49,16.0,30,0.0,480.0,0.0,480.0,TORTU,1,1996-09-12,1996-10-10,1996-09-17,2,63.79,Mexico,49,Maxilaku,3,20.0,0,3,Confections,5.0,True,1996,1996-09
10304,59,44.0,10,0.0,440.0,0.0,440.0,TORTU,1,1996-09-12,1996-10-10,1996-09-17,2,63.79,Mexico,59,Raclette Courdavault,4,55.0,0,4,Dairy Products,5.0,True,1996,1996-09
10304,71,17.2,2,0.0,34.4,0.0,34.4,TORTU,1,1996-09-12,1996-10-10,1996-09-17,2,63.79,Mexico,71,Flotemysost,4,21.5,0,4,Dairy Products,5.0,True,1996,1996-09
10305,18,50.0,25,0.1,1250.0,125.0,1125.0,OLDWO,8,1996-09-13,1996-10-11,1996-10-09,3,257.62,USA,18,Carnarvon Tigers,8,62.5,0,8,Seafood,26.0,True,1996,1996-09
10305,29,99.0,25,0.1,2475.0,247.5,2227.5,OLDWO,8,1996-09-13,1996-10-11,1996-10-09,3,257.62,USA,29,Thüringer Rostbratwurst,6,123.79,1,6,Meat/Poultry,26.0,True,1996,1996-09
10305,39,14.4,30,0.1,432.0,43.2,388.8,OLDWO,8,1996-09-13,1996-10-11,1996-10-09,3,257.62,USA,39,Chartreuse verte,1,18.0,0,1,Beverages,26.0,True,1996,1996-09
10306,30,20.7,10,0.0,207.0,0.0,207.0,ROMEY,1,1996-09-16,1996-10-14,1996-09-23,3,7.56,Spain,30,Nord-Ost Matjeshering,8,25.89,0,8,Seafood,7.0,True,1996,1996-09
10306,53,26.2,10,0.0,262.0,0.0,262.0,ROMEY,1,1996-09-16,1996-10-14,1996-09-23,3,7.56,Spain,53,Perth Pasties,6,32.8,1,6,Meat/Poultry,7.0,True,1996,1996-09
10306,54,5.9,5,0.0,29.5,0.0,29.5,ROMEY,1,1996-09-16,1996-10-14,1996-09-23,3,7.56,Spain,54,Tourtière,6,7.45,0,6,Meat/Poultry,7.0,True,1996,1996-09
10307,62,39.4,10,0.0,394.0,0.0,394.0,LONEP,2,1996-09-17,1996-10-15,1996-09-25,2,0.56,USA,62,Tarte au sucre,3,49.3,0,3,Confections,8.0,True,1996,1996-09
10307,68,10.0,3,0.0,30.0,0.0,30.0,LONEP,2,1996-09-17,1996-10-15,1996-09-25,2,0.56,USA,68,Scottish Longbreads,3,12.5,0,3,Confections,8.0,True,1996,1996-09
10308,69,28.8,1,0.0,28.8,0.0,28.8,ANATR,7,1996-09-18,1996-10-16,1996-09-24,3,1.61,Mexico,69,Gudbrandsdalsost,4,36.0,0,4,Dairy Products,6.0,True,1996,1996-09
10308,70,12.0,5,0.0,60.0,0.0,60.0,ANATR,7,1996-09-18,1996-10-16,1996-09-24,3,1.61,Mexico,70,Outback Lager,1,15.0,0,1,Beverages,6.0,True,1996,1996-09
10309,4,17.6,20,0.0,352.0,0.0,352.0,HUNGO,3,1996-09-19,1996-10-17,1996-10-23,1,47.3,Ireland,4,Chef Anton's Cajun Seasoning,2,22.0,0,2,Condiments,34.0,False,1996,1996-09
10309,6,20.0,30,0.0,600.0,0.0,600.0,HUNGO,3,1996-09-19,1996-10-17,1996-10-23,1,47.3,Ireland,6,Grandma's Boysenberry Spread,2,25.0,0,2,Condiments,34.0,False,1996,1996-09
10309,42,11.2,2,0.0,22.4,0.0,22.4,HUNGO,3,1996-09-19,1996-10-17,1996-10-23,1,47.3,Ireland,42,Singaporean Hokkien Fried Mee,5,14.0,1,5,Grains/Cereals,34.0,False,1996,1996-09
10309,43,36.8,20,0.0,736.0,0.0,736.0,HUNGO,3,1996-09-19,1996-10-17,1996-10-23,1,47.3,Ireland,43,Ipoh Coffee,1,46.0,0,1,Beverages,34.0,False,1996,1996-09
10309,71,17.2,3,0.0,51.599999999999994,0.0,51.599999999999994,HUNGO,3,1996-09-19,1996-10-17,1996-10-23,1,47.3,Ireland,71,Flotemysost,4,21.5,0,4,Dairy Products,34.0,False,1996,1996-09
10310,16,13.9,10,0.0,139.0,0.0,139.0,THEBI,8,1996-09-20,1996-10-18,1996-09-27,2,17.52,USA,16,Pavlova,3,17.45,0,3,Confections,7.0,True,1996,1996-09
10310,62,39.4,5,0.0,197.0,0.0,197.0,THEBI,8,1996-09-20,1996-10-18,1996-09-27,2,17.52,USA,62,Tarte au sucre,3,49.3,0,3,Confections,7.0,True,1996,1996-09
10311,42,11.2,6,0.0,67.19999999999999,0.0,67.19999999999999,DUMON,1,1996-09-20,1996-10-04,1996-09-26,3,24.69,France,42,Singaporean Hokkien Fried Mee,5,14.0,1,5,Grains/Cereals,6.0,True,1996,1996-09
10311,69,28.8,7,0.0,201.6,0.0,201.6,DUMON,1,1996-09-20,1996-10-04,1996-09-26,3,24.69,France,69,Gudbrandsdalsost,4,36.0,0,4,Dairy Products,6.0,True,1996,1996-09
10312,28,36.4,4,0.0,145.6,0.0,145.6,WANDK,2,1996-09-23,1996-10-21,1996-10-03,2,40.26,Germany,28,Rössle Sauerkraut,7,45.6,1,7,Produce,10.0,True,1996,1996-09
10312,43,36.8,24,0.0,883.1999999999999,0.0,883.1999999999999,WANDK,2,1996-09-23,1996-10-21,1996-10-03,2,40.26,Germany,43,Ipoh Coffee,1,46.0,0,1,Beverages,10.0,True,1996,1996-09
10312,53,26.2,20,0.0,524.0,0.0,524.0,WANDK,2,1996-09-23,1996-10-21,1996-10-03,2,40.26,Germany,53,Perth Pasties,6,32.8,1,6,Meat/Poultry,10.0,True,1996,1996-09
10312,75,6.2,10,0.0,62.0,0.0,62.0,WANDK,2,1996-09-23,1996-10-21,1996-10-03,2,40.26,Germany,75,Rhönbräu Klosterbier,1,7.75,0,1,Beverages,10.0,True,1996,1996-09
10313,36,15.2,12,0.0,182.39999999999998,0.0,182.39999999999998,QUICK,2,1996-09-24,1996-10-22,1996-10-04,2,1.96,Germany,36,Inlagd Sill,8,19.0,0,8,Seafood,10.0,True,1996,1996-09
10314,32,25.6,40,0.1,1024.0,102.4,921.6,RATTC,1,1996-09-25,1996-10-23,1996-10-04,2,74.16,USA,32,Mascarpone Fabioli,4,32.0,0,4,Dairy Products,9.0,True,1996,1996-09
10314,58,10.6,30,0.1,318.0,31.8,286.2,RATTC,1,1996-09-25,1996-10-23,1996-10-04,2,74.16,USA,58,Escargots de Bourgogne,8,13.25,0,8,Seafood,9.0,True,1996,1996-09
10314,62,39.4,25,0.1,985.0,98.5,886.5,RATTC,1,1996-09-25,1996-10-23,1996-10-04,2,74.16,USA,62,Tarte au sucre,3,49.3,0,3,Confections,9.0,True,1996,1996-09
10315,34,11.2,14,0.0,156.79999999999998,0.0,156.79999999999998,ISLAT,4,1996-09-26,1996-10-24,1996-10-03,2,41.76,UK,34,Sasquatch Ale,1,14.0,0,1,Beverages,7.0,True,1996,1996-09
10315,70,12.0,30,0.0,360.0,0.0,360.0,ISLAT,4,1996-09-26,1996-10-24,1996-10-03,2,41.76,UK,70,Outback Lager,1,15.0,0,1,Beverages,7.0,True,1996,1996-09
10316,41,7.7,10,0.0,77.0,0.0,77.0,RATTC,1,1996-09-27,1996-10-25,1996-10-08,3,150.15,USA,41,Jack's New England Clam Chowder,8,9.65,0,8,Seafood,11.0,True,1996,1996-09
10316,62,39.4,70,0.0,2758.0,0.0,2758.0,RATTC,1,1996-09-27,1996-10-25,1996-10-08,3,150.15,USA,62,Tarte au sucre,3,49.3,0,3,Confections,11.0,True,1996,1996-09
10317,1,14.4,20,0.0,288.0,0.0,288.0,LONEP,6,1996-09-30,1996-10-28,1996-10-10,1,12.69,USA,1,Chai,1,18.0,0,1,Beverages,10.0,True,1996,1996-09
10318,41,7.7,20,0.0,154.0,0.0,154.0,ISLAT,8,1996-10-01,1996-10-29,1996-10-04,2,4.73,UK,41,Jack's New England Clam Chowder,8,9.65,0,8,Seafood,3.0,True,1996,1996-10
10318,76,14.4,6,0.0,86.4,0.0,86.4,ISLAT,8,1996-10-01,1996-10-29,1996-10-04,2,4.73,UK,76,Lakkalikööri,1,18.0,0,1,Beverages,3.0,True,1996,1996-10
10319,17,31.2,8,0.0,249.6,0.0,249.6,TORTU,7,1996-10-02,1996-10-30,1996-10-11,3,64.5,Mexico,17,Alice Mutton,6,39.0,1,6,Meat/Poultry,9.0,True,1996,1996-10
10319,28,36.4,14,0.0,509.59999999999997,0.0,509.59999999999997,TORTU,7,1996-10-02,1996-10-30,1996-10-11,3,64.5,Mexico,28,Rössle Sauerkraut,7,45.6,1,7,Produce,9.0,True,1996,1996-10
10319,76,14.4,30,0.0,432.0,0.0,432.0,TORTU,7,1996-10-02,1996-10-30,1996-10-11,3,64.5,Mexico,76,Lakkalikööri,1,18.0,0,1,Beverages,9.0,True,1996,1996-10
10320,71,17.2,30,0.0,516.0,0.0,516.0,WARTH,5,1996-10-03,1996-10-17,1996-10-18,3,34.57,Finland,71,Flotemysost,4,21.5,0,4,Dairy Products,15.0,False,1996,1996-10
10321,35,14.4,10,0.0,144.0,0.0,144.0,ISLAT,3,1996-10-03,1996-10-31,1996-10-11,2,3.43,UK,35,Steeleye Stout,1,18.0,0,1,Beverages,8.0,True,1996,1996-10
10322,52,5.6,20,0.0,112.0,0.0,112.0,PERIC,7,1996-10-04,1996-11-01,1996-10-23,3,0.4,Mexico,52,Filo Mix,5,7.0,0,5,Grains/Cereals,19.0,True,1996,1996-10
10323,15,12.4,5,0.0,62.0,0.0,62.0,KOENE,4,1996-10-07,1996-11-04,1996-10-14,1,4.88,Germany,15,Genen Shouyu,2,15.5,0,2,Condiments,7.0,True,1996,1996-10
10323,25,11.2,4,0.0,44.8,0.0,44.8,KOENE,4,1996-10-07,1996-11-04,1996-10-14,1,4.88,Germany,25,NuNuCa Nuß-Nougat-Creme,3,14.0,0,3,Confections,7.0,True,1996,1996-10
10323,39,14.4,4,0.0,57.6,0.0,57.6,KOENE,4,1996-10-07,1996-11-04,1996-10-14,1,4.88,Germany,39,Chartreuse verte,1,18.0,0,1,Beverages,7.0,True,1996,1996-10
10324,16,13.9,21,0.15,291.90000000000003,43.785000000000004,248.11500000000004,SAVEA,9,1996-10-08,1996-11-05,1996-10-10,1,214.27,USA,16,Pavlova,3,17.45,0,3,Confections,2.0,True,1996,1996-10
10324,35,14.4,70,0.15,1008.0,151.2,856.8,SAVEA,9,1996-10-08,1996-11-05,1996-10-10,1,214.27,USA,35,Steeleye Stout,1,18.0,0,1,Beverages,2.0,True,1996,1996-10
10324,46,9.6,30,0.0,288.0,0.0,288.0,SAVEA,9,1996-10-08,1996-11-05,1996-10-10,1,214.27,USA,46,Spegesild,8,12.0,0,8,Seafood,2.0,True,1996,1996-10
10324,59,44.0,40,0.15,1760.0,264.0,1496.0,SAVEA,9,1996-10-08,1996-11-05,1996-10-10,1,214.27,USA,59,Raclette Courdavault,4,55.0,0,4,Dairy Products,2.0,True,1996,1996-10
10324,63,35.1,80,0.15,2808.0,421.2,2386.8,SAVEA,9,1996-10-08,1996-11-05,1996-10-10,1,214.27,USA,63,Vegie-spread,2,43.9,0,2,Condiments,2.0,True,1996,1996-10
10325,6,20.0,6,0.0,120.0,0.0,120.0,KOENE,1,1996-10-09,1996-10-23,1996-10-14,3,64.86,Germany,6,Grandma's Boysenberry Spread,2,25.0,0,2,Condiments,5.0,True,1996,1996-10
10325,13,4.8,12,0.0,57.599999999999994,0.0,57.599999999999994,KOENE,1,1996-10-09,1996-10-23,1996-10-14,3,64.86,Germany,13,Konbu,8,6.0,0,8,Seafood,5.0,True,1996,1996-10
10325,14,18.6,9,0.0,167.4,0.0,167.4,KOENE,1,1996-10-09,1996-10-23,1996-10-14,3,64.86,Germany,14,Tofu,7,23.25,0,7,Produce,5.0,True,1996,1996-10
10325,31,10.0,4,0.0,40.0,0.0,40.0,KOENE,1,1996-10-09,1996-10-23,1996-10-14,3,64.86,Germany,31,Gorgonzola Telino,4,12.5,0,4,Dairy Products,5.0,True,1996,1996-10
10325,72,27.8,40,0.0,1112.0,0.0,1112.0,KOENE,1,1996-10-09,1996-10-23,1996-10-14,3,64.86,Germany,72,Mozzarella di Giovanni,4,34.8,0,4,Dairy Products,5.0,True,1996,1996-10
10326,4,17.6,24,0.0,422.40000000000003,0.0,422.40000000000003,BOLID,4,1996-10-10,1996-11-07,1996-10-14,2,77.92,Spain,4,Chef Anton's Cajun Seasoning,2,22.0,0,2,Condiments,4.0,True,1996,1996-10
10326,57,15.6,16,0.0,249.6,0.0,249.6,BOLID,4,1996-10-10,1996-11-07,1996-10-14,2,77.92,Spain,57,Ravioli Angelo,5,19.5,0,5,Grains/Cereals,4.0,True,1996,1996-10
10326,75,6.2,50,0.0,310.0,0.0,310.0,BOLID,4,1996-10-10,1996-11-07,1996-10-14,2,77.92,Spain,75,Rhönbräu Klosterbier,1,7.75,0,1,Beverages,4.0,True,1996,1996-10
10327,2,15.2,25,0.2,380.0,76.0,304.0,FOLKO,2,1996-10-11,1996-11-08,1996-10-14,1,63.36,Sweden,2,Chang,1,19.0,0,1,Beverages,3.0,True,1996,1996-10
10327,11,16.8,50,0.2,840.0,168.0,672.0,FOLKO,2,1996-10-11,1996-11-08,1996-10-14,1,63.36,Sweden,11,Queso Cabrales,4,21.0,0,4,Dairy Products,3.0,True,1996,1996-10
10327,30,20.7,35,0.2,724.5,144.9,579.6,FOLKO,2,1996-10-11,1996-11-08,1996-10-14,1,63.36,Sweden,30,Nord-Ost Matjeshering,8,25.89,0,8,Seafood,3.0,True,1996,1996-10
10327,58,10.6,30,0.2,318.0,63.6,254.4,FOLKO,2,1996-10-11,1996-11-08,1996-10-14,1,63.36,Sweden,58,Escargots de Bourgogne,8,13.25,0,8,Seafood,3.0,True,1996,1996-10
10328,59,44.0,9,0.0,396.0,0.0,396.0,FURIB,4,1996-10-14,1996-11-11,1996-10-17,3,87.03,Portugal,59,Raclette Courdavault,4,55.0,0,4,Dairy Products,3.0,True,1996,1996-10
10328,65,16.8,40,0.0,672.0,0.0,672.0,FURIB,4,1996-10-14,1996-11-11,1996-10-17,3,87.03,Portugal,65,Louisiana Fiery Hot Pepper Sauce,2,21.05,0,2,Condiments,3.0,True,1996,1996-10
10328,68,10.0,10,0.0,100.0,0.0,100.0,FURIB,4,1996-10-14,1996-11-11,1996-10-17,3,87.03,Portugal,68,Scottish Longbreads,3,12.5,0,3,Confections,3.0,True,1996,1996-10
10329,19,7.3,10,0.05,73.0,3.6500000000000004,69.35,SPLIR,4,1996-10-15,1996-11-26,1996-10-23,2,191.67,USA,19,Teatime Chocolate Biscuits,3,9.2,0,3,Confections,8.0,True,1996,1996-10
10329,30,20.7,8,0.05,165.6,8.28,157.32,SPLIR,4,1996-10-15,1996-11-26,1996-10-23,2,191.67,USA,30,Nord-Ost Matjeshering,8,25.89,0,8,Seafood,8.0,True,1996,1996-10
10329,38,210.8,20,0.05,4216.0,210.8,4005.2,SPLIR,4,1996-10-15,1996-11-26,1996-10-23,2,191.67,USA,38,Côte de Blaye,1,263.5,0,1,Beverages,8.0,True,1996,1996-10
10329,56,30.4,12,0.05,364.79999999999995,18.24,346.55999999999995,SPLIR,4,1996-10-15,1996-11-26,1996-10-23,2,191.67,USA,56,Gnocchi di nonna Alice,5,38.0,0,5,Grains/Cereals,8.0,True,1996,1996-10
10330,26,24.9,50,0.15,1245.0,186.75,1058.25,LILAS,3,1996-10-16,1996-11-13,1996-10-28,1,12.75,Venezuela,26,Gumbär Gummibärchen,3,31.23,0,3,Confections,12.0,True,1996,1996-10
10330,72,27.8,25,0.15,695.0,104.25,590.75,LILAS,3,1996-10-16,1996-11-13,1996-10-28,1,12.75,Venezuela,72,Mozzarella di Giovanni,4,34.8,0,4,Dairy Products,12.0,True,1996,1996-10
10331,54,5.9,15,0.0,88.5,0.0,88.5,BONAP,9,1996-10-16,1996-11-27,1996-10-21,1,10.19,France,54,Tourtière,6,7.45,0,6,Meat/Poultry,5.0,True,1996,1996-10
10332,18,50.0,40,0.2,2000.0,400.0,1600.0,MEREP,3,1996-10-17,1996-11-28,1996-10-21,2,52.84,Canada,18,Carnarvon Tigers,8,62.5,0,8,Seafood,4.0,True,1996,1996-10
10332,42,11.2,10,0.2,112.0,22.400000000000002,89.6,MEREP,3,1996-10-17,1996-11-28,1996-10-21,2,52.84,Canada,42,Singaporean Hokkien Fried Mee,5,14.0,1,5,Grains/Cereals,4.0,True,1996,1996-10
10332,47,7.6,16,0.2,121.6,24.32,97.28,MEREP,3,1996-10-17,1996-11-28,1996-10-21,2,52.84,Canada,47,Zaanse koeken,3,9.5,0,3,Confections,4.0,True,1996,1996-10
10333,14,18.6,10,0.0,186.0,0.0,186.0,WARTH,5,1996-10-18,1996-11-15,1996-10-25,3,0.59,Finland,14,Tofu,7,23.25,0,7,Produce,7.0,True,1996,1996-10
10333,21,8.0,10,0.1,80.0,8.0,72.0,WARTH,5,1996-10-18,1996-11-15,1996-10-25,3,0.59,Finland,21,Sir Rodney's Scones,3,10.0,0,3,Confections,7.0,True,1996,1996-10
10333,71,17.2,40,0.1,688.0,68.8,619.2,WARTH,5,1996-10-18,1996-11-15,1996-10-25,3,0.59,Finland,71,Flotemysost,4,21.5,0,4,Dairy Products,7.0,True,1996,1996-10
10334,52,5.6,8,0.0,44.8,0.0,44.8,VICTE,8,1996-10-21,1996-11-18,1996-10-28,2,8.56,France,52,Filo Mix,5,7.0,0,5,Grains/Cereals,7.0,True,1996,1996-10
10334,68,10.0,10,0.0,100.0,0.0,100.0,VICTE,8,1996-10-21,1996-11-18,1996-10-28,2,8.56,France,68,Scottish Longbreads,3,12.5,0,3,Confections,7.0,True,1996,1996-10
10335,2,15.2,7,0.2,106.39999999999999,21.28,85.11999999999999,HUNGO,7,1996-10-22,1996-11-19,1996-10-24,2,42.11,Ireland,2,Chang,1,19.0,0,1,Beverages,2.0,True,1996,1996-10
10335,31,10.0,25,0.2,250.0,50.0,200.0,HUNGO,7,1996-10-22,1996-11-19,1996-10-24,2,42.11,Ireland,31,Gorgonzola Telino,4,12.5,0,4,Dairy Products,2.0,True,1996,1996-10
10335,32,25.6,6,0.2,153.60000000000002,30.720000000000006,122.88000000000002,HUNGO,7,1996-10-22,1996-11-19,1996-10-24,2,42.11,Ireland,32,Mascarpone Fabioli,4,32.0,0,4,Dairy Products,2.0,True,1996,1996-10
10335,51,42.4,48,0.2,2035.1999999999998,407.03999999999996,1628.1599999999999,HUNGO,7,1996-10-22,1996-11-19,1996-10-24,2,42.11,Ireland,51,Manjimup Dried Apples,7,53.0,0,7,Produce,2.0,True,1996,1996-10
10336,4,17.6,18,0.1,316.8,31.680000000000003,285.12,PRINI,7,1996-10-23,1996-11-20,1996-10-25,2,15.51,Portugal,4,Chef Anton's Cajun Seasoning,2,22.0,0,2,Condiments,2.0,True,1996,1996-10
10337,23,7.2,40,0.0,288.0,0.0,288.0,FRANK,4,1996-10-24,1996-11-21,1996-10-29,3,108.26,Germany,23,Tunnbröd,5,9.0,0,5,Grains/Cereals,5.0,True,1996,1996-10
10337,26,24.9,24,0.0,597.5999999999999,0.0,597.5999999999999,FRANK,4,1996-10-24,1996-11-21,1996-10-29,3,108.26,Germany,26,Gumbär Gummibärchen,3,31.23,0,3,Confections,5.0,True,1996,1996-10
10337,36,15.2,20,0.0,304.0,0.0,304.0,FRANK,4,1996-10-24,1996-11-21,1996-10-29,3,108.26,Germany,36,Inlagd Sill,8,19.0,0,8,Seafood,5.0,True,1996,1996-10
10337,37,20.8,28,0.0,582.4,0.0,582.4,FRANK,4,1996-10-24,1996-11-21,1996-10-29,3,108.26,Germany,37,Gravad lax,8,26.0,0,8,Seafood,5.0,True,1996,1996-10
10337,72,27.8,25,0.0,695.0,0.0,695.0,FRANK,4,1996-10-24,1996-11-21,1996-10-29,3,108.26,Germany,72,Mozzarella di Giovanni,4,34.8,0,4,Dairy Products,5.0,True,1996,1996-10
10338,17,31.2,20,0.0,624.0,0.0,624.0,OLDWO,4,1996-10-25,1996-11-22,1996-10-29,3,84.21,USA,17,Alice Mutton,6,39.0,1,6,Meat/Poultry,4.0,True,1996,1996-10
10338,30,20.7,15,0.0,310.5,0.0,310.5,OLDWO,4,1996-10-25,1996-11-22,1996-10-29,3,84.21,USA,30,Nord-Ost Matjeshering,8,25.89,0,8,Seafood,4.0,True,1996,1996-10
10339,4,17.6,10,0.0,176.0,0.0,176.0,MEREP,2,1996-10-28,1996-11-25,1996-11-04,2,15.66,Canada,4,Chef Anton's Cajun Seasoning,2,22.0,0,2,Condiments,7.0,True,1996,1996-10
10339,17,31.2,70,0.05,2184.0,109.2,2074.8,MEREP,2,1996-10-28,1996-11-25,1996-11-04,2,15.66,Canada,17,Alice Mutton,6,39.0,1,6,Meat/Poultry,7.0,True,1996,1996-10
10339,62,39.4,28,0.0,1103.2,0.0,1103.2,MEREP,2,1996-10-28,1996-11-25,1996-11-04,2,15.66,Canada,62,Tarte au sucre,3,49.3,0,3,Confections,7.0,True,1996,1996-10
10340,18,50.0,20,0.05,1000.0,50.0,950.0,BONAP,1,1996-10-29,1996-11-26,1996-11-08,3,166.31,France,18,Carnarvon Tigers,8,62.5,0,8,Seafood,10.0,True,1996,1996-10
10340,41,7.7,12,0.05,92.4,4.62,87.78,BONAP,1,1996-10-29,1996-11-26,1996-11-08,3,166.31,France,41,Jack's New England Clam Chowder,8,9.65,0,8,Seafood,10.0,True,1996,1996-10
10340,43,36.8,40,0.05,1472.0,73.60000000000001,1398.4,BONAP,1,1996-10-29,1996-11-26,1996-11-08,3,166.31,France,43,Ipoh Coffee,1,46.0,0,1,Beverages,10.0,True,1996,1996-10
10341,33,2.0,8,0.0,16.0,0.0,16.0,SIMOB,7,1996-10-29,1996-11-26,1996-11-05,3,26.78,Denmark,33,Geitost,4,2.5,0,4,Dairy Products,7.0,True,1996,1996-10
10341,59,44.0,9,0.15,396.0,59.4,336.6,SIMOB,7,1996-10-29,1996-11-26,1996-11-05,3,26.78,Denmark,59,Raclette Courdavault,4,55.0,0,4,Dairy Products,7.0,True,1996,1996-10
10342,2,15.2,24,0.2,364.79999999999995,72.96,291.84,FRANK,4,1996-10-30,1996-11-13,1996-11-04,2,54.83,Germany,2,Chang,1,19.0,0,1,Beverages,5.0,True,1996,1996-10
10342,31,10.0,56,0.2,560.0,112.0,448.0,FRANK,4,1996-10-30,1996-11-13,1996-11-04,2,54.83,Germany,31,Gorgonzola Telino,4,12.5,0,4,Dairy Products,5.0,True,1996,1996-10
10342,36,15.2,40,0.2,608.0,121.60000000000001,486.4,FRANK,4,1996-10-30,1996-11-13,1996-11-04,2,54.83,Germany,36,Inlagd Sill,8,19.0,0,8,Seafood,5.0,True,1996,1996-10
10342,55,19.2,40,0.2,768.0,153.60000000000002,614.4,FRANK,4,1996-10-30,1996-11-13,1996-11-04,2,54.83,Germany,55,Pâté chinois,6,24.0,0,6,Meat/Poultry,5.0,True,1996,1996-10
10343,64,26.6,50,0.0,1330.0,0.0,1330.0,LEHMS,4,1996-10-31,1996-11-28,1996-11-06,1,110.37,Germany,64,Wimmers gute Semmelknödel,5,33.25,0,5,Grains/Cereals,6.0,True,1996,1996-10
10343,68,10.0,4,0.05,40.0,2.0,38.0,LEHMS,4,1996-10-31,1996-11-28,1996-11-06,1,110.37,Germany,68,Scottish Longbreads,3,12.5,0,3,Confections,6.0,True,1996,1996-10
10343,76,14.4,15,0.0,216.0,0.0,216.0,LEHMS,4,1996-10-31,1996-11-28,1996-11-06,1,110.37,Germany,76,Lakkalikööri,1,18.0,0,1,Beverages,6.0,True,1996,1996-10
10344,4,17.6,35,0.0,616.0,0.0,616.0,WHITC,4,1996-11-01,1996-11-29,1996-11-05,2,23.29,USA,4,Chef Anton's Cajun Seasoning,2,22.0,0,2,Condiments,4.0,True,1996,1996-11
10344,8,32.0,70,0.25,2240.0,560.0,1680.0,WHITC,4,1996-11-01,1996-11-29,1996-11-05,2,23.29,USA,8,Northwoods Cranberry Sauce,2,40.0,0,2,Condiments,4.0,True,1996,1996-11
10345,8,32.0,70,0.0,2240.0,0.0,2240.0,QUICK,2,1996-11-04,1996-12-02,1996-11-11,2,249.06,Germany,8,Northwoods Cranberry Sauce,2,40.0,0,2,Condiments,7.0,True,1996,1996-11
10345,19,7.3,80,0.0,584.0,0.0,584.0,QUICK,2,1996-11-04,1996-12-02,1996-11-11,2,249.06,Germany,19,Teatime Chocolate Biscuits,3,9.2,0,3,Confections,7.0,True,1996,1996-11
10345,42,11.2,9,0.0,100.8,0.0,100.8,QUICK,2,1996-11-04,1996-12-02,1996-11-11,2,249.06,Germany,42,Singaporean Hokkien Fried Mee,5,14.0,1,5,Grains/Cereals,7.0,True,1996,1996-11
10346,17,31.2,36,0.1,1123.2,112.32000000000001,1010.88,RATTC,3,1996-11-05,1996-12-17,1996-11-08,3,142.08,USA,17,Alice Mutton,6,39.0,1,6,Meat/Poultry,3.0,True,1996,1996-11
10346,56,30.4,20,0.0,608.0,0.0,608.0,RATTC,3,1996-11-05,1996-12-17,1996-11-08,3,142.08,USA,56,Gnocchi di nonna Alice,5,38.0,0,5,Grains/Cereals,3.0,True,1996,1996-11
10347,25,11.2,10,0.0,112.0,0.0,112.0,FAMIA,4,1996-11-06,1996-12-04,1996-11-08,3,3.1,Brazil,25,NuNuCa Nuß-Nougat-Creme,3,14.0,0,3,Confections,2.0,True,1996,1996-11
10347,39,14.4,50,0.15,720.0,108.0,612.0,FAMIA,4,1996-11-06,1996-12-04,1996-11-08,3,3.1,Brazil,39,Chartreuse verte,1,18.0,0,1,Beverages,2.0,True,1996,1996-11
10347,40,14.7,4,0.0,58.8,0.0,58.8,FAMIA,4,1996-11-06,1996-12-04,1996-11-08,3,3.1,Brazil,40,Boston Crab Meat,8,18.4,0,8,Seafood,2.0,True,1996,1996-11
10347,75,6.2,6,0.15,37.2,5.58,31.620000000000005,FAMIA,4,1996-11-06,1996-12-04,1996-11-08,3,3.1,Brazil,75,Rhönbräu Klosterbier,1,7.75,0,1,Beverages,2.0,True,1996,1996-11
10348,1,14.4,15,0.15,216.0,32.4,183.6,WANDK,4,1996-11-07,1996-12-05,1996-11-15,2,0.78,Germany,1,Chai,1,18.0,0,1,Beverages,8.0,True,1996,1996-11
10348,23,7.2,25,0.0,180.0,0.0,180.0,WANDK,4,1996-11-07,1996-12-05,1996-11-15,2,0.78,Germany,23,Tunnbröd,5,9.0,0,5,Grains/Cereals,8.0,True,1996,1996-11
10349,54,5.9,24,0.0,141.60000000000002,0.0,141.60000000000002,SPLIR,7,1996-11-08,1996-12-06,1996-11-15,1,8.63,USA,54,Tourtière,6,7.45,0,6,Meat/Poultry,7.0,True,1996,1996-11
10350,50,13.0,15,0.1,195.0,19.5,175.5,LAMAI,6,1996-11-11,1996-12-09,1996-12-03,2,64.19,France,50,Valkoinen suklaa,3,16.25,0,3,Confections,22.0,True,1996,1996-11
10350,69,28.8,18,0.1,518.4,51.84,466.55999999999995,LAMAI,6,1996-11-11,1996-12-09,1996-12-03,2,64.19,France,69,Gudbrandsdalsost,4,36.0,0,4,Dairy Products,22.0,True,1996,1996-11
10351,38,210.8,20,0.05,4216.0,210.8,4005.2,ERNSH,1,1996-11-11,1996-12-09,1996-11-20,1,162.33,Austria,38,Côte de Blaye,1,263.5,0,1,Beverages,9.0,True,1996,1996-11
10351,41,7.7,13,0.0,100.10000000000001,0.0,100.10000000000001,ERNSH,1,1996-11-11,1996-12-09,1996-11-20,1,162.33,Austria,41,Jack's New England Clam Chowder,8,9.65,0,8,Seafood,9.0,True,1996,1996-11
10351,44,15.5,77,0.05,1193.5,59.675000000000004,1133.825,ERNSH,1,1996-11-11,1996-12-09,1996-11-20,1,162.33,Austria,44,Gula Malacca,2,19.45,0,2,Condiments,9.0,True,1996,1996-11
10351,65,16.8,10,0.05,168.0,8.4,159.6,ERNSH,1,1996-11-11,1996-12-09,1996-11-20,1,162.33,Austria,65,Louisiana Fiery Hot Pepper Sauce,2,21.05,0,2,Condiments,9.0,True,1996,1996-11
10352,24,3.6,10,0.0,36.0,0.0,36.0,FURIB,3,1996-11-12,1996-11-26,1996-11-18,3,1.3,Portugal,24,Guaraná Fantástica,1,4.5,1,1,Beverages,6.0,True,1996,1996-11
10352,54,5.9,20,0.15,118.0,17.7,100.3,FURIB,3,1996-11-12,1996-11-26,1996-11-18,3,1.3,Portugal,54,Tourtière,6,7.45,0,6,Meat/Poultry,6.0,True,1996,1996-11
10353,11,16.8,12,0.2,201.60000000000002,40.32000000000001,161.28000000000003,PICCO,7,1996-11-13,1996-12-11,1996-11-25,3,360.63,Austria,11,Queso Cabrales,4,21.0,0,4,Dairy Products,12.0,True,1996,1996-11
10353,38,210.8,50,0.2,10540.0,2108.0,8432.0,PICCO,7,1996-11-13,1996-12-11,1996-11-25,3,360.63,Austria,38,Côte de Blaye,1,263.5,0,1,Beverages,12.0,True,1996,1996-11
10354,1,14.4,12,0.0,172.8,0.0,172.8,PERIC,8,1996-11-14,1996-12-12,1996-11-20,3,53.8,Mexico,1,Chai,1,18.0,0,1,Beverages,6.0,True,1996,1996-11
10354,29,99.0,4,0.0,396.0,0.0,396.0,PERIC,8,1996-11-14,1996-12-12,1996-11-20,3,53.8,Mexico,29,Thüringer Rostbratwurst,6,123.79,1,6,Meat/Poultry,6.0,True,1996,1996-11
10355,24,3.6,25,0.0,90.0,0.0,90.0,AROUT,6,1996-11-15,1996-12-13,1996-11-20,1,41.95,UK,24,Guaraná Fantástica,1,4.5,1,1,Beverages,5.0,True,1996,1996-11
10355,57,15.6,25,0.0,390.0,0.0,390.0,AROUT,6,1996-11-15,1996-12-13,1996-11-20,1,41.95,UK,57,Ravioli Angelo,5,19.5,0,5,Grains/Cereals,5.0,True,1996,1996-11
10356,31,10.0,30,0.0,300.0,0.0,300.0,WANDK,6,1996-11-18,1996-12-16,1996-11-27,2,36.71,Germany,31,Gorgonzola Telino,4,12.5,0,4,Dairy Products,9.0,True,1996,1996-11
10356,55,19.2,12,0.0,230.39999999999998,0.0,230.39999999999998,WANDK,6,1996-11-18,1996-12-16,1996-11-27,2,36.71,Germany,55,Pâté chinois,6,24.0,0,6,Meat/Poultry,9.0,True,1996,1996-11
10356,69,28.8,20,0.0,576.0,0.0,576.0,WANDK,6,1996-11-18,1996-12-16,1996-11-27,2,36.71,Germany,69,Gudbrandsdalsost,4,36.0,0,4,Dairy Products,9.0,True,1996,1996-11
10357,10,24.8,30,0.2,744.0,148.8,595.2,LILAS,1,1996-11-19,1996-12-17,1996-12-02,3,34.88,Venezuela,10,Ikura,8,31.0,0,8,Seafood,13.0,True,1996,1996-11
10357,26,24.9,16,0.0,398.4,0.0,398.4,LILAS,1,1996-11-19,1996-12-17,1996-12-02,3,34.88,Venezuela,26,Gumbär Gummibärchen,3,31.23,0,3,Confections,13.0,True,1996,1996-11
10357,60,27.2,8,0.2,217.6,43.52,174.07999999999998,LILAS,1,1996-11-19,1996-12-17,1996-12-02,3,34.88,Venezuela,60,Camembert Pierrot,4,34.0,0,4,Dairy Products,13.0,True,1996,1996-11
10358,24,3.6,10,0.05,36.0,1.8,34.2,LAMAI,5,1996-11-20,1996-12-18,1996-11-27,1,19.64,France,24,Guaraná Fantástica,1,4.5,1,1,Beverages,7.0,True,1996,1996-11
10358,34,11.2,10,0.05,112.0,5.6000000000000005,106.4,LAMAI,5,1996-11-20,1996-12-18,1996-11-27,1,19.64,France,34,Sasquatch Ale,1,14.0,0,1,Beverages,7.0,True,1996,1996-11
10358,36,15.2,20,0.05,304.0,15.200000000000001,288.8,LAMAI,5,1996-11-20,1996-12-18,1996-11-27,1,19.64,France,36,Inlagd Sill,8,19.0,0,8,Seafood,7.0,True,1996,1996-11
10359,16,13.9,56,0.05,778.4,38.92,739.48,SEVES,5,1996-11-21,1996-12-19,1996-11-26,3,288.43,UK,16,Pavlova,3,17.45,0,3,Confections,5.0,True,1996,1996-11
10359,31,10.0,70,0.05,700.0,35.0,665.0,SEVES,5,1996-11-21,1996-12-19,1996-11-26,3,288.43,UK,31,Gorgonzola Telino,4,12.5,0,4,Dairy Products,5.0,True,1996,1996-11
10359,60,27.2,80,0.05,2176.0,108.80000000000001,2067.2,SEVES,5,1996-11-21,1996-12-19,1996-11-26,3,288.43,UK,60,Camembert Pierrot,4,34.0,0,4,Dairy Products,5.0,True,1996,1996-11
10360,28,36.4,30,0.0,1092.0,0.0,1092.0,BLONP,4,1996-11-22,1996-12-20,1996-12-02,3,131.7,France,28,Rössle Sauerkraut,7,45.6,1,7,Produce,10.0,True,1996,1996-11
10360,29,99.0,35,0.0,3465.0,0.0,3465.0,BLONP,4,1996-11-22,1996-12-20,1996-12-02,3,131.7,France,29,Thüringer Rostbratwurst,6,123.79,1,6,Meat/Poultry,10.0,True,1996,1996-11
10360,38,210.8,10,0.0,2108.0,0.0,2108.0,BLONP,4,1996-11-22,1996-12-20,1996-12-02,3,131.7,France,38,Côte de Blaye,1,263.5,0,1,Beverages,10.0,True,1996,1996-11
10360,49,16.0,35,0.0,560.0,0.0,560.0,BLONP,4,1996-11-22,1996-12-20,1996-12-02,3,131.7,France,49,Maxilaku,3,20.0,0,3,Confections,10.0,True,1996,1996-11
10360,54,5.9,28,0.0,165.20000000000002,0.0,165.20000000000002,BLONP,4,1996-11-22,1996-12-20,1996-12-02,3,131.7,France,54,Tourtière,6,7.45,0,6,Meat/Poultry,10.0,True,1996,1996-11
10361,39,14.4,54,0.1,777.6,77.76,699.84,QUICK,1,1996-11-22,1996-12-20,1996-12-03,2,183.17,Germany,39,Chartreuse verte,1,18.0,0,1,Beverages,11.0,True,1996,1996-11
10361,60,27.2,55,0.1,1496.0,149.6,1346.4,QUICK,1,1996-11-22,1996-12-20,1996-12-03,2,183.17,Germany,60,Camembert Pierrot,4,34.0,0,4,Dairy Products,11.0,True,1996,1996-11
10362,25,11.2,50,0.0,560.0,0.0,560.0,BONAP,3,1996-11-25,1996-12-23,1996-11-28,1,96.04,France,25,NuNuCa Nuß-Nougat-Creme,3,14.0,0,3,Confections,3.0,True,1996,1996-11
10362,51,42.4,20,0.0,848.0,0.0,848.0,BONAP,3,1996-11-25,1996-12-23,1996-11-28,1,96.04,France,51,Manjimup Dried Apples,7,53.0,0,7,Produce,3.0,True,1996,1996-11
10362,54,5.9,24,0.0,141.60000000000002,0.0,141.60000000000002,BONAP,3,1996-11-25,1996-12-23,1996-11-28,1,96.04,France,54,Tourtière,6,7.45,0,6,Meat/Poultry,3.0,True,1996,1996-11
10363,31,10.0,20,0.0,200.0,0.0,200.0,DRACD,4,1996-11-26,1996-12-24,1996-12-04,3,30.54,Germany,31,Gorgonzola Telino,4,12.5,0,4,Dairy Products,8.0,True,1996,1996-11
10363,75,6.2,12,0.0,74.4,0.0,74.4,DRACD,4,1996-11-26,1996-12-24,1996-12-04,3,30.54,Germany,75,Rhönbräu Klosterbier,1,7.75,0,1,Beverages,8.0,True,1996,1996-11
10363,76,14.4,12,0.0,172.8,0.0,172.8,DRACD,4,1996-11-26,1996-12-24,1996-12-04,3,30.54,Germany,76,Lakkalikööri,1,18.0,0,1,Beverages,8.0,True,1996,1996-11
10364,69,28.8,30,0.0,864.0,0.0,864.0,EASTC,1,1996-11-26,1997-01-07,1996-12-04,1,71.97,UK,69,Gudbrandsdalsost,4,36.0,0,4,Dairy Products,8.0,True,1996,1996-11
10364,71,17.2,5,0.0,86.0,0.0,86.0,EASTC,1,1996-11-26,1997-01-07,1996-12-04,1,71.97,UK,71,Flotemysost,4,21.5,0,4,Dairy Products,8.0,True,1996,1996-11
10365,11,16.8,24,0.0,403.20000000000005,0.0,403.20000000000005,ANTON,3,1996-11-27,1996-12-25,1996-12-02,2,22.0,Mexico,11,Queso Cabrales,4,21.0,0,4,Dairy Products,5.0,True,1996,1996-11
10366,65,16.8,5,0.0,84.0,0.0,84.0,GALED,8,1996-11-28,1997-01-09,1996-12-30,2,10.14,Spain,65,Louisiana Fiery Hot Pepper Sauce,2,21.05,0,2,Condiments,32.0,True,1996,1996-11
10366,77,10.4,5,0.0,52.0,0.0,52.0,GALED,8,1996-11-28,1997-01-09,1996-12-30,2,10.14,Spain,77,Original Frankfurter grüne Soße,2,13.0,0,2,Condiments,32.0,True,1996,1996-11
10367,34,11.2,36,0.0,403.2,0.0,403.2,VAFFE,7,1996-11-28,1996-12-26,1996-12-02,3,13.55,Denmark,34,Sasquatch Ale,1,14.0,0,1,Beverages,4.0,True,1996,1996-11
10367,54,5.9,18,0.0,106.2,0.0,106.2,VAFFE,7,1996-11-28,1996-12-26,1996-12-02,3,13.55,Denmark,54,Tourtière,6,7.45,0,6,Meat/Poultry,4.0,True,1996,1996-11
10367,65,16.8,15,0.0,252.0,0.0,252.0,VAFFE,7,1996-11-28,1996-12-26,1996-12-02,3,13.55,Denmark,65,Louisiana Fiery Hot Pepper Sauce,2,21.05,0,2,Condiments,4.0,True,1996,1996-11
10367,77,10.4,7,0.0,72.8,0.0,72.8,VAFFE,7,1996-11-28,1996-12-26,1996-12-02,3,13.55,Denmark,77,Original Frankfurter grüne Soße,2,13.0,0,2,Condiments,4.0,True,1996,1996-11
10368,21,8.0,5,0.1,40.0,4.0,36.0,ERNSH,2,1996-11-29,1996-12-27,1996-12-02,2,101.95,Austria,21,Sir Rodney's Scones,3,10.0,0,3,Confections,3.0,True,1996,1996-11
10368,28,36.4,13,0.1,473.2,47.32,425.88,ERNSH,2,1996-11-29,1996-12-27,1996-12-02,2,101.95,Austria,28,Rössle Sauerkraut,7,45.6,1,7,Produce,3.0,True,1996,1996-11
10368,57,15.6,25,0.0,390.0,0.0,390.0,ERNSH,2,1996-11-29,1996-12-27,1996-12-02,2,101.95,Austria,57,Ravioli Angelo,5,19.5,0,5,Grains/Cereals,3.0,True,1996,1996-11
10368,64,26.6,35,0.1,931.0,93.10000000000001,837.9,ERNSH,2,1996-11-29,1996-12-27,1996-12-02,2,101.95,Austria,64,Wimmers gute Semmelknödel,5,33.25,0,5,Grains/Cereals,3.0,True,1996,1996-11
10369,29,99.0,20,0.0,1980.0,0.0,1980.0,SPLIR,8,1996-12-02,1996-12-30,1996-12-09,2,195.68,USA,29,Thüringer Rostbratwurst,6,123.79,1,6,Meat/Poultry,7.0,True,1996,1996-12
10369,56,30.4,18,0.25,547.1999999999999,136.79999999999998,410.4,SPLIR,8,1996-12-02,1996-12-30,1996-12-09,2,195.68,USA,56,Gnocchi di nonna Alice,5,38.0,0,5,Grains/Cereals,7.0,True,1996,1996-12
10370,1,14.4,15,0.15,216.0,32.4,183.6,CHOPS,6,1996-12-03,1996-12-31,1996-12-27,2,1.17,Switzerland,1,Chai,1,18.0,0,1,Beverages,24.0,True,1996,1996-12
10370,64,26.6,30,0.0,798.0,0.0,798.0,CHOPS,6,1996-12-03,1996-12-31,1996-12-27,2,1.17,Switzerland,64,Wimmers gute Semmelknödel,5,33.25,0,5,Grains/Cereals,24.0,True,1996,1996-12
10370,74,8.0,20,0.15,160.0,24.0,136.0,CHOPS,6,1996-12-03,1996-12-31,1996-12-27,2,1.17,Switzerland,74,Longlife Tofu,7,10.0,0,7,Produce,24.0,True,1996,1996-12
10371,36,15.2,6,0.2,91.19999999999999,18.24,72.96,LAMAI,1,1996-12-03,1996-12-31,1996-12-24,1,0.45,France,36,Inlagd Sill,8,19.0,0,8,Seafood,21.0,True,1996,1996-12
10372,20,64.8,12,0.25,777.5999999999999,194.39999999999998,583.1999999999999,QUEEN,5,1996-12-04,1997-01-01,1996-12-09,2,890.78,Brazil,20,Sir Rodney's Marmalade,3,81.0,0,3,Confections,5.0,True,1996,1996-12
10372,38,210.8,40,0.25,8432.0,2108.0,6324.0,QUEEN,5,1996-12-04,1997-01-01,1996-12-09,2,890.78,Brazil,38,Côte de Blaye,1,263.5,0,1,Beverages,5.0,True,1996,1996-12
10372,60,27.2,70,0.25,1904.0,476.0,1428.0,QUEEN,5,1996-12-04,1997-01-01,1996-12-09,2,890.78,Brazil,60,Camembert Pierrot,4,34.0,0,4,Dairy Products,5.0,True,1996,1996-12
10372,72,27.8,42,0.25,1167.6000000000001,291.90000000000003,875.7,QUEEN,5,1996-12-04,1997-01-01,1996-12-09,2,890.78,Brazil,72,Mozzarella di Giovanni,4,34.8,0,4,Dairy Products,5.0,True,1996,1996-12
10373,58,10.6,80,0.2,848.0,169.60000000000002,678.4,HUNGO,4,1996-12-05,1997-01-02,1996-12-11,3,124.12,Ireland,58,Escargots de Bourgogne,8,13.25,0,8,Seafood,6.0,True,1996,1996-12
10373,71,17.2,50,0.2,860.0,172.0,688.0,HUNGO,4,1996-12-05,1997-01-02,1996-12-11,3,124.12,Ireland,71,Flotemysost,4,21.5,0,4,Dairy Products,6.0,True,1996,1996-12
10374,31,10.0,30,0.0,300.0,0.0,300.0,WOLZA,1,1996-12-05,1997-01-02,1996-12-09,3,3.94,Poland,31,Gorgonzola Telino,4,12.5,0,4,Dairy Products,4.0,True,1996,1996-12
10374,58,10.6,15,0.0,159.0,0.0,159.0,WOLZA,1,1996-12-05,1997-01-02,1996-12-09,3,3.94,Poland,58,Escargots de Bourgogne,8,13.25,0,8,Seafood,4.0,True,1996,1996-12
10375,14,18.6,15,0.0,279.0,0.0,279.0,HUNGC,3,1996-12-06,1997-01-03,1996-12-09,2,20.12,USA,14,Tofu,7,23.25,0,7,Produce,3.0,True,1996,1996-12
10375,54,5.9,10,0.0,59.0,0.0,59.0,HUNGC,3,1996-12-06,1997-01-03,1996-12-09,2,20.12,USA,54,Tourtière,6,7.45,0,6,Meat/Poultry,3.0,True,1996,1996-12
10376,31,10.0,42,0.05,420.0,21.0,399.0,MEREP,1,1996-12-09,1997-01-06,1996-12-13,2,20.39,Canada,31,Gorgonzola Telino,4,12.5,0,4,Dairy Products,4.0,True,1996,1996-12
10377,28,36.4,20,0.15,728.0,109.2,618.8,SEVES,1,1996-12-09,1997-01-06,1996-12-13,3,22.21,UK,28,Rössle Sauerkraut,7,45.6,1,7,Produce,4.0,True,1996,1996-12
10377,39,14.4,20,0.15,288.0,43.199999999999996,244.8,SEVES,1,1996-12-09,1997-01-06,1996-12-13,3,22.21,UK,39,Chartreuse verte,1,18.0,0,1,Beverages,4.0,True,1996,1996-12
10378,71,17.2,6,0.0,103.19999999999999,0.0,103.19999999999999,FOLKO,5,1996-12-10,1997-01-07,1996-12-19,3,5.44,Sweden,71,Flotemysost,4,21.5,0,4,Dairy Products,9.0,True,1996,1996-12
10379,41,7.7,8,0.1,61.6,6.16,55.44,QUEDE,2,1996-12-11,1997-01-08,1996-12-13,1,45.03,Brazil,41,Jack's New England Clam Chowder,8,9.65,0,8,Seafood,2.0,True,1996,1996-12
10379,63,35.1,16,0.1,561.6,56.160000000000004,505.44,QUEDE,2,1996-12-11,1997-01-08,1996-12-13,1,45.03,Brazil,63,Vegie-spread,2,43.9,0,2,Condiments,2.0,True,1996,1996-12
10379,65,16.8,20,0.1,336.0,33.6,302.4,QUEDE,2,1996-12-11,1997-01-08,1996-12-13,1,45.03,Brazil,65,Louisiana Fiery Hot Pepper Sauce,2,21.05,0,2,Condiments,2.0,True,1996,1996-12
10380,30,20.7,18,0.1,372.59999999999997,37.26,335.34,HUNGO,8,1996-12-12,1997-01-09,1997-01-16,3,35.03,Ireland,30,Nord-Ost Matjeshering,8,25.89,0,8,Seafood,35.0,False,1996,1996-12
10380,53,26.2,20,0.1,524.0,52.400000000000006,471.6,HUNGO,8,1996-12-12,1997-01-09,1997-01-16,3,35.03,Ireland,53,Perth Pasties,6,32.8,1,6,Meat/Poultry,35.0,False,1996,1996-12
10380,60,27.2,6,0.1,163.2,16.32,146.88,HUNGO,8,1996-12-12,1997-01-09,1997-01-16,3,35.03,Ireland,60,Camembert Pierrot,4,34.0,0,4,Dairy Products,35.0,False,1996,1996-12
10380,70,12.0,30,0.0,360.0,0.0,360.0,HUNGO,8,1996-12-12,1997-01-09,1997-01-16,3,35.03,Ireland,70,Outback Lager,1,15.0,0,1,Beverages,35.0,False,1996,1996-12
10381,74,8.0,14,0.0,112.0,0.0,112.0,LILAS,3,1996-12-12,1997-01-09,1996-12-13,3,7.99,Venezuela,74,Longlife Tofu,7,10.0,0,7,Produce,1.0,True,1996,1996-12
10382,5,17.0,32,0.0,544.0,0.0,544.0,ERNSH,4,1996-12-13,1997-01-10,1996-12-16,1,94.77,Austria,5,Chef Anton's Gumbo Mix,2,21.35,1,2,Condiments,3.0,True,1996,1996-12
10382,18,50.0,9,0.0,450.0,0.0,450.0,ERNSH,4,1996-12-13,1997-01-10,1996-12-16,1,94.77,Austria,18,Carnarvon Tigers,8,62.5,0,8,Seafood,3.0,True,1996,1996-12
10382,29,99.0,14,0.0,1386.0,0.0,1386.0,ERNSH,4,1996-12-13,1997-01-10,1996-12-16,1,94.77,Austria,29,Thüringer Rostbratwurst,6,123.79,1,6,Meat/Poultry,3.0,True,1996,1996-12
10382,33,2.0,60,0.0,120.0,0.0,120.0,ERNSH,4,1996-12-13,1997-01-10,1996-12-16,1,94.77,Austria,33,Geitost,4,2.5,0,4,Dairy Products,3.0,True,1996,1996-12
10382,74,8.0,50,0.0,400.0,0.0,400.0,ERNSH,4,1996-12-13,1997-01-10,1996-12-16,1,94.77,Austria,74,Longlife Tofu,7,10.0,0,7,Produce,3.0,True,1996,1996-12
10383,13,4.8,20,0.0,96.0,0.0,96.0,AROUT,8,1996-12-16,1997-01-13,1996-12-18,3,34.24,UK,13,Konbu,8,6.0,0,8,Seafood,2.0,True,1996,1996-12
10383,50,13.0,15,0.0,195.0,0.0,195.0,AROUT,8,1996-12-16,1997-01-13,1996-12-18,3,34.24,UK,50,Valkoinen suklaa,3,16.25,0,3,Confections,2.0,True,1996,1996-12
10383,56,30.4,20,0.0,608.0,0.0,608.0,AROUT,8,1996-12-16,1997-01-13,1996-12-18,3,34.24,UK,56,Gnocchi di nonna Alice,5,38.0,0,5,Grains/Cereals,2.0,True,1996,1996-12
10384,20,64.8,28,0.0,1814.3999999999999,0.0,1814.3999999999999,BERGS,3,1996-12-16,1997-01-13,1996-12-20,3,168.64,Sweden,20,Sir Rodney's Marmalade,3,81.0,0,3,Confections,4.0,True,1996,1996-12
10384,60,27.2,15,0.0,408.0,0.0,408.0,BERGS,3,1996-12-16,1997-01-13,1996-12-20,3,168.64,Sweden,60,Camembert Pierrot,4,34.0,0,4,Dairy Products,4.0,True,1996,1996-12
10385,7,24.0,10,0.2,240.0,48.0,192.0,SPLIR,1,1996-12-17,1997-01-14,1996-12-23,2,30.96,USA,7,Uncle Bob's Organic Dried Pears,7,30.0,0,7,Produce,6.0,True,1996,1996-12
10385,60,27.2,20,0.2,544.0,108.80000000000001,435.2,SPLIR,1,1996-12-17,1997-01-14,1996-12-23,2,30.96,USA,60,Camembert Pierrot,4,34.0,0,4,Dairy Products,6.0,True,1996,1996-12
10385,68,10.0,8,0.2,80.0,16.0,64.0,SPLIR,1,1996-12-17,1997-01-14,1996-12-23,2,30.96,USA,68,Scottish Longbreads,3,12.5,0,3,Confections,6.0,True,1996,1996-12
10386,24,3.6,15,0.0,54.0,0.0,54.0,FAMIA,9,1996-12-18,1997-01-01,1996-12-25,3,13.99,Brazil,24,Guaraná Fantástica,1,4.5,1,1,Beverages,7.0,True,1996,1996-12
10386,34,11.2,10,0.0,112.0,0.0,112.0,FAMIA,9,1996-12-18,1997-01-01,1996-12-25,3,13.99,Brazil,34,Sasquatch Ale,1,14.0,0,1,Beverages,7.0,True,1996,1996-12
10387,24,3.6,15,0.0,54.0,0.0,54.0,SANTG,1,1996-12-18,1997-01-15,1996-12-20,2,93.63,Norway,24,Guaraná Fantástica,1,4.5,1,1,Beverages,2.0,True,1996,1996-12
10387,28,36.4,6,0.0,218.39999999999998,0.0,218.39999999999998,SANTG,1,1996-12-18,1997-01-15,1996-12-20,2,93.63,Norway,28,Rössle Sauerkraut,7,45.6,1,7,Produce,2.0,True,1996,1996-12
10387,59,44.0,12,0.0,528.0,0.0,528.0,SANTG,1,1996-12-18,1997-01-15,1996-12-20,2,93.63,Norway,59,Raclette Courdavault,4,55.0,0,4,Dairy Products,2.0,True,1996,1996-12
10387,71,17.2,15,0.0,258.0,0.0,258.0,SANTG,1,1996-12-18,1997-01-15,1996-12-20,2,93.63,Norway,71,Flotemysost,4,21.5,0,4,Dairy Products,2.0,True,1996,1996-12
10388,45,7.6,15,0.2,114.0,22.8,91.2,SEVES,2,1996-12-19,1997-01-16,1996-12-20,1,34.86,UK,45,Rogede sild,8,9.5,0,8,Seafood,1.0,True,1996,1996-12
10388,52,5.6,20,0.2,112.0,22.400000000000002,89.6,SEVES,2,1996-12-19,1997-01-16,1996-12-20,1,34.86,UK,52,Filo Mix,5,7.0,0,5,Grains/Cereals,1.0,True,1996,1996-12
10388,53,26.2,40,0.0,1048.0,0.0,1048.0,SEVES,2,1996-12-19,1997-01-16,1996-12-20,1,34.86,UK,53,Perth Pasties,6,32.8,1,6,Meat/Poultry,1.0,True,1996,1996-12
10389,10,24.8,16,0.0,396.8,0.0,396.8,BOTTM,4,1996-12-20,1997-01-17,1996-12-24,2,47.42,Canada,10,Ikura,8,31.0,0,8,Seafood,4.0,True,1996,1996-12
10389,55,19.2,15,0.0,288.0,0.0,288.0,BOTTM,4,1996-12-20,1997-01-17,1996-12-24,2,47.42,Canada,55,Pâté chinois,6,24.0,0,6,Meat/Poultry,4.0,True,1996,1996-12
10389,62,39.4,20,0.0,788.0,0.0,788.0,BOTTM,4,1996-12-20,1997-01-17,1996-12-24,2,47.42,Canada,62,Tarte au sucre,3,49.3,0,3,Confections,4.0,True,1996,1996-12
10389,70,12.0,30,0.0,360.0,0.0,360.0,BOTTM,4,1996-12-20,1997-01-17,1996-12-24,2,47.42,Canada,70,Outback Lager,1,15.0,0,1,Beverages,4.0,True,1996,1996-12
10390,31,10.0,60,0.1,600.0,60.0,540.0,ERNSH,6,1996-12-23,1997-01-20,1996-12-26,1,126.38,Austria,31,Gorgonzola Telino,4,12.5,0,4,Dairy Products,3.0,True,1996,1996-12
10390,35,14.4,40,0.1,576.0,57.6,518.4,ERNSH,6,1996-12-23,1997-01-20,1996-12-26,1,126.38,Austria,35,Steeleye Stout,1,18.0,0,1,Beverages,3.0,True,1996,1996-12
10390,46,9.6,45,0.0,432.0,0.0,432.0,ERNSH,6,1996-12-23,1997-01-20,1996-12-26,1,126.38,Austria,46,Spegesild,8,12.0,0,8,Seafood,3.0,True,1996,1996-12
10390,72,27.8,24,0.1,667.2,66.72000000000001,600.48,ERNSH,6,1996-12-23,1997-01-20,1996-12-26,1,126.38,Austria,72,Mozzarella di Giovanni,4,34.8,0,4,Dairy Products,3.0,True,1996,1996-12
10391,13,4.8,18,0.0,86.39999999999999,0.0,86.39999999999999,DRACD,3,1996-12-23,1997-01-20,1996-12-31,3,5.45,Germany,13,Konbu,8,6.0,0,8,Seafood,8.0,True,1996,1996-12
10392,69,28.8,50,0.0,1440.0,0.0,1440.0,PICCO,2,1996-12-24,1997-01-21,1997-01-01,3,122.46,Austria,69,Gudbrandsdalsost,4,36.0,0,4,Dairy Products,8.0,True,1996,1996-12
10393,2,15.2,25,0.25,380.0,95.0,285.0,SAVEA,1,1996-12-25,1997-01-22,1997-01-03,3,126.56,USA,2,Chang,1,19.0,0,1,Beverages,9.0,True,1996,1996-12
10393,14,18.6,42,0.25,781.2,195.3,585.9000000000001,SAVEA,1,1996-12-25,1997-01-22,1997-01-03,3,126.56,USA,14,Tofu,7,23.25,0,7,Produce,9.0,True,1996,1996-12
10393,25,11.2,7,0.25,78.39999999999999,19.599999999999998,58.8,SAVEA,1,1996-12-25,1997-01-22,1997-01-03,3,126.56,USA,25,NuNuCa Nuß-Nougat-Creme,3,14.0,0,3,Confections,9.0,True,1996,1996-12
10393,26,24.9,70,0.25,1743.0,435.75,1307.25,SAVEA,1,1996-12-25,1997-01-22,1997-01-03,3,126.56,USA,26,Gumbär Gummibärchen,3,31.23,0,3,Confections,9.0,True,1996,1996-12
10393,31,10.0,32,0.0,320.0,0.0,320.0,SAVEA,1,1996-12-25,1997-01-22,1997-01-03,3,126.56,USA,31,Gorgonzola Telino,4,12.5,0,4,Dairy Products,9.0,True,1996,1996-12
10394,13,4.8,10,0.0,48.0,0.0,48.0,HUNGC,1,1996-12-25,1997-01-22,1997-01-03,3,30.34,USA,13,Konbu,8,6.0,0,8,Seafood,9.0,True,1996,1996-12
10394,62,39.4,10,0.0,394.0,0.0,394.0,HUNGC,1,1996-12-25,1997-01-22,1997-01-03,3,30.34,USA,62,Tarte au sucre,3,49.3,0,3,Confections,9.0,True,1996,1996-12
10395,46,9.6,28,0.1,268.8,26.880000000000003,241.92000000000002,HILAA,6,1996-12-26,1997-01-23,1997-01-03,1,184.41,Venezuela,46,Spegesild,8,12.0,0,8,Seafood,8.0,True,1996,1996-12
10395,53,26.2,70,0.1,1834.0,183.4,1650.6,HILAA,6,1996-12-26,1997-01-23,1997-01-03,1,184.41,Venezuela,53,Perth Pasties,6,32.8,1,6,Meat/Poultry,8.0,True,1996,1996-12
10395,69,28.8,8,0.0,230.4,0.0,230.4,HILAA,6,1996-12-26,1997-01-23,1997-01-03,1,184.41,Venezuela,69,Gudbrandsdalsost,4,36.0,0,4,Dairy Products,8.0,True,1996,1996-12
10396,23,7.2,40,0.0,288.0,0.0,288.0,FRANK,1,1996-12-27,1997-01-10,1997-01-06,3,135.35,Germany,23,Tunnbröd,5,9.0,0,5,Grains/Cereals,10.0,True,1996,1996-12
10396,71,17.2,60,0.0,1032.0,0.0,1032.0,FRANK,1,1996-12-27,1997-01-10,1997-01-06,3,135.35,Germany,71,Flotemysost,4,21.5,0,4,Dairy Products,10.0,True,1996,1996-12
10396,72,27.8,21,0.0,583.8000000000001,0.0,583.8000000000001,FRANK,1,1996-12-27,1997-01-10,1997-01-06,3,135.35,Germany,72,Mozzarella di Giovanni,4,34.8,0,4,Dairy Products,10.0,True,1996,1996-12
10397,21,8.0,10,0.15,80.0,12.0,68.0,PRINI,5,1996-12-27,1997-01-24,1997-01-02,1,60.26,Portugal,21,Sir Rodney's Scones,3,10.0,0,3,Confections,6.0,True,1996,1996-12
10397,51,42.4,18,0.15,763.1999999999999,114.47999999999999,648.7199999999999,PRINI,5,1996-12-27,1997-01-24,1997-01-02,1,60.26,Portugal,51,Manjimup Dried Apples,7,53.0,0,7,Produce,6.0,True,1996,1996-12
10398,35,14.4,30,0.0,432.0,0.0,432.0,SAVEA,2,1996-12-30,1997-01-27,1997-01-09,3,89.16,USA,35,Steeleye Stout,1,18.0,0,1,Beverages,10.0,True,1996,1996-12
10398,55,19.2,120,0.1,2304.0,230.4,2073.6,SAVEA,2,1996-12-30,1997-01-27,1997-01-09,3,89.16,USA,55,Pâté chinois,6,24.0,0,6,Meat/Poultry,10.0,True,1996,1996-12
10399,68,10.0,60,0.0,600.0,0.0,600.0,VAFFE,8,1996-12-31,1997-01-14,1997-01-08,3,27.36,Denmark,68,Scottish Longbreads,3,12.5,0,3,Confections,8.0,True,1996,1996-12
10399,71,17.2,30,0.0,516.0,0.0,516.0,VAFFE,8,1996-12-31,1997-01-14,1997-01-08,3,27.36,Denmark,71,Flotemysost,4,21.5,0,4,Dairy Products,8.0,True,1996,1996-12
10399,76,14.4,35,0.0,504.0,0.0,504.0,VAFFE,8,1996-12-31,1997-01-14,1997-01-08,3,27.36,Denmark,76,Lakkalikööri,1,18.0,0,1,Beverages,8.0,True,1996,1996-12
10399,77,10.4,14,0.0,145.6,0.0,145.6,VAFFE,8,1996-12-31,1997-01-14,1997-01-08,3,27.36,Denmark,77,Original Frankfurter grüne Soße,2,13.0,0,2,Condiments,8.0,True,1996,1996-12
10400,29,99.0,21,0.0,2079.0,0.0,2079.0,EASTC,1,1997-01-01,1997-01-29,1997-01-16,3,83.93,UK,29,Thüringer Rostbratwurst,6,123.79,1,6,Meat/Poultry,15.0,True,1997,1997-01
10400,35,14.4,35,0.0,504.0,0.0,504.0,EASTC,1,1997-01-01,1997-01-29,1997-01-16,3,83.93,UK,35,Steeleye Stout,1,18.0,0,1,Beverages,15.0,True,1997,1997-01
10400,49,16.0,30,0.0,480.0,0.0,480.0,EASTC,1,1997-01-01,1997-01-29,1997-01-16,3,83.93,UK,49,Maxilaku,3,20.0,0,3,Confections,15.0,True,1997,1997-01
10401,30,20.7,18,0.0,372.59999999999997,0.0,372.59999999999997,RATTC,1,1997-01-01,1997-01-29,1997-01-10,1,12.51,USA,30,Nord-Ost Matjeshering,8,25.89,0,8,Seafood,9.0,True,1997,1997-01
10401,56,30.4,70,0.0,2128.0,0.0,2128.0,RATTC,1,1997-01-01,1997-01-29,1997-01-10,1,12.51,USA,56,Gnocchi di nonna Alice,5,38.0,0,5,Grains/Cereals,9.0,True,1997,1997-01
10401,65,16.8,20,0.0,336.0,0.0,336.0,RATTC,1,1997-01-01,1997-01-29,1997-01-10,1,12.51,USA,65,Louisiana Fiery Hot Pepper Sauce,2,21.05,0,2,Condiments,9.0,True,1997,1997-01
10401,71,17.2,60,0.0,1032.0,0.0,1032.0,RATTC,1,1997-01-01,1997-01-29,1997-01-10,1,12.51,USA,71,Flotemysost,4,21.5,0,4,Dairy Products,9.0,True,1997,1997-01
10402,23,7.2,60,0.0,432.0,0.0,432.0,ERNSH,8,1997-01-02,1997-02-13,1997-01-10,2,67.88,Austria,23,Tunnbröd,5,9.0,0,5,Grains/Cereals,8.0,True,1997,1997-01
10402,63,35.1,65,0.0,2281.5,0.0,2281.5,ERNSH,8,1997-01-02,1997-02-13,1997-01-10,2,67.88,Austria,63,Vegie-spread,2,43.9,0,2,Condiments,8.0,True,1997,1997-01
10403,16,13.9,21,0.15,291.90000000000003,43.785000000000004,248.11500000000004,ERNSH,4,1997-01-03,1997-01-31,1997-01-09,3,73.79,Austria,16,Pavlova,3,17.45,0,3,Confections,6.0,True,1997,1997-01
10403,48,10.2,70,0.15,714.0,107.1,606.9,ERNSH,4,1997-01-03,1997-01-31,1997-01-09,3,73.79,Austria,48,Chocolade,3,12.75,0,3,Confections,6.0,True,1997,1997-01
10404,26,24.9,30,0.05,747.0,37.35,709.65,MAGAA,2,1997-01-03,1997-01-31,1997-01-08,1,155.97,Italy,26,Gumbär Gummibärchen,3,31.23,0,3,Confections,5.0,True,1997,1997-01
10404,42,11.2,40,0.05,448.0,22.400000000000002,425.6,MAGAA,2,1997-01-03,1997-01-31,1997-01-08,1,155.97,Italy,42,Singaporean Hokkien Fried Mee,5,14.0,1,5,Grains/Cereals,5.0,True,1997,1997-01
10404,49,16.0,30,0.05,480.0,24.0,456.0,MAGAA,2,1997-01-03,1997-01-31,1997-01-08,1,155.97,Italy,49,Maxilaku,3,20.0,0,3,Confections,5.0,True,1997,1997-01
10405,3,8.0,50,0.0,400.0,0.0,400.0,LINOD,1,1997-01-06,1997-02-03,1997-01-22,1,34.82,Venezuela,3,Aniseed Syrup,2,10.0,0,2,Condiments,16.0,True,1997,1997-01
10406,1,14.4,10,0.0,144.0,0.0,144.0,QUEEN,7,1997-01-07,1997-02-18,1997-01-13,1,108.04,Brazil,1,Chai,1,18.0,0,1,Beverages,6.0,True,1997,1997-01
10406,21,8.0,30,0.1,240.0,24.0,216.0,QUEEN,7,1997-01-07,1997-02-18,1997-01-13,1,108.04,Brazil,21,Sir Rodney's Scones,3,10.0,0,3,Confections,6.0,True,1997,1997-01
10406,28,36.4,42,0.1,1528.8,152.88,1375.92,QUEEN,7,1997-01-07,1997-02-18,1997-01-13,1,108.04,Brazil,28,Rössle Sauerkraut,7,45.6,1,7,Produce,6.0,True,1997,1997-01
10406,36,15.2,5,0.1,76.0,7.6000000000000005,68.4,QUEEN,7,1997-01-07,1997-02-18,1997-01-13,1,108.04,Brazil,36,Inlagd Sill,8,19.0,0,8,Seafood,6.0,True,1997,1997-01
10406,40,14.7,2,0.1,29.4,2.94,26.459999999999997,QUEEN,7,1997-01-07,1997-02-18,1997-01-13,1,108.04,Brazil,40,Boston Crab Meat,8,18.4,0,8,Seafood,6.0,True,1997,1997-01
10407,11,16.8,30,0.0,504.0,0.0,504.0,OTTIK,2,1997-01-07,1997-02-04,1997-01-30,2,91.48,Germany,11,Queso Cabrales,4,21.0,0,4,Dairy Products,23.0,True,1997,1997-01
10407,69,28.8,15,0.0,432.0,0.0,432.0,OTTIK,2,1997-01-07,1997-02-04,1997-01-30,2,91.48,Germany,69,Gudbrandsdalsost,4,36.0,0,4,Dairy Products,23.0,True,1997,1997-01
10407,71,17.2,15,0.0,258.0,0.0,258.0,OTTIK,2,1997-01-07,1997-02-04,1997-01-30,2,91.48,Germany,71,Flotemysost,4,21.5,0,4,Dairy Products,23.0,True,1997,1997-01
10408,37,20.8,10,0.0,208.0,0.0,208.0,FOLIG,8,1997-01-08,1997-02-05,1997-01-14,1,11.26,France,37,Gravad lax,8,26.0,0,8,Seafood,6.0,True,1997,1997-01
10408,54,5.9,6,0.0,35.400000000000006,0.0,35.400000000000006,FOLIG,8,1997-01-08,1997-02-05,1997-01-14,1,11.26,France,54,Tourtière,6,7.45,0,6,Meat/Poultry,6.0,True,1997,1997-01
10408,62,39.4,35,0.0,1379.0,0.0,1379.0,FOLIG,8,1997-01-08,1997-02-05,1997-01-14,1,11.26,France,62,Tarte au sucre,3,49.3,0,3,Confections,6.0,True,1997,1997-01
10409,14,18.6,12,0.0,223.20000000000002,0.0,223.20000000000002,OCEAN,3,1997-01-09,1997-02-06,1997-01-14,1,29.83,Argentina,14,Tofu,7,23.25,0,7,Produce,5.0,True,1997,1997-01
10409,21,8.0,12,0.0,96.0,0.0,96.0,OCEAN,3,1997-01-09,1997-02-06,1997-01-14,1,29.83,Argentina,21,Sir Rodney's Scones,3,10.0,0,3,Confections,5.0,True,1997,1997-01
10410,33,2.0,49,0.0,98.0,0.0,98.0,BOTTM,3,1997-01-10,1997-02-07,1997-01-15,3,2.4,Canada,33,Geitost,4,2.5,0,4,Dairy Products,5.0,True,1997,1997-01
10410,59,44.0,16,0.0,704.0,0.0,704.0,BOTTM,3,1997-01-10,1997-02-07,1997-01-15,3,2.4,Canada,59,Raclette Courdavault,4,55.0,0,4,Dairy Products,5.0,True,1997,1997-01
10411,41,7.7,25,0.2,192.5,38.5,154.0,BOTTM,9,1997-01-10,1997-02-07,1997-01-21,3,23.65,Canada,41,Jack's New England Clam Chowder,8,9.65,0,8,Seafood,11.0,True,1997,1997-01
10411,44,15.5,40,0.2,620.0,124.0,496.0,BOTTM,9,1997-01-10,1997-02-07,1997-01-21,3,23.65,Canada,44,Gula Malacca,2,19.45,0,2,Condiments,11.0,True,1997,1997-01
10411,59,44.0,9,0.2,396.0,79.2,316.8,BOTTM,9,1997-01-10,1997-02-07,1997-01-21,3,23.65,Canada,59,Raclette Courdavault,4,55.0,0,4,Dairy Products,11.0,True,1997,1997-01
10412,14,18.6,20,0.1,372.0,37.2,334.8,WARTH,8,1997-01-13,1997-02-10,1997-01-15,2,3.77,Finland,14,Tofu,7,23.25,0,7,Produce,2.0,True,1997,1997-01
10413,1,14.4,24,0.0,345.6,0.0,345.6,LAMAI,3,1997-01-14,1997-02-11,1997-01-16,2,95.66,France,1,Chai,1,18.0,0,1,Beverages,2.0,True,1997,1997-01
10413,62,39.4,40,0.0,1576.0,0.0,1576.0,LAMAI,3,1997-01-14,1997-02-11,1997-01-16,2,95.66,France,62,Tarte au sucre,3,49.3,0,3,Confections,2.0,True,1997,1997-01
10413,76,14.4,14,0.0,201.6,0.0,201.6,LAMAI,3,1997-01-14,1997-02-11,1997-01-16,2,95.66,France,76,Lakkalikööri,1,18.0,0,1,Beverages,2.0,True,1997,1997-01
10414,19,7.3,18,0.05,131.4,6.57,124.83000000000001,FAMIA,2,1997-01-14,1997-02-11,1997-01-17,3,21.48,Brazil,19,Teatime Chocolate Biscuits,3,9.2,0,3,Confections,3.0,True,1997,1997-01
10414,33,2.0,50,0.0,100.0,0.0,100.0,FAMIA,2,1997-01-14,1997-02-11,1997-01-17,3,21.48,Brazil,33,Geitost,4,2.5,0,4,Dairy Products,3.0,True,1997,1997-01
10415,17,31.2,2,0.0,62.4,0.0,62.4,HUNGC,3,1997-01-15,1997-02-12,1997-01-24,1,0.2,USA,17,Alice Mutton,6,39.0,1,6,Meat/Poultry,9.0,True,1997,1997-01
10415,33,2.0,20,0.0,40.0,0.0,40.0,HUNGC,3,1997-01-15,1997-02-12,1997-01-24,1,0.2,USA,33,Geitost,4,2.5,0,4,Dairy Products,9.0,True,1997,1997-01
10416,19,7.3,20,0.0,146.0,0.0,146.0,WARTH,8,1997-01-16,1997-02-13,1997-01-27,3,22.72,Finland,19,Teatime Chocolate Biscuits,3,9.2,0,3,Confections,11.0,True,1997,1997-01
10416,53,26.2,10,0.0,262.0,0.0,262.0,WARTH,8,1997-01-16,1997-02-13,1997-01-27,3,22.72,Finland,53,Perth Pasties,6,32.8,1,6,Meat/Poultry,11.0,True,1997,1997-01
10416,57,15.6,20,0.0,312.0,0.0,312.0,WARTH,8,1997-01-16,1997-02-13,1997-01-27,3,22.72,Finland,57,Ravioli Angelo,5,19.5,0,5,Grains/Cereals,11.0,True,1997,1997-01
10417,38,210.8,50,0.0,10540.0,0.0,10540.0,SIMOB,4,1997-01-16,1997-02-13,1997-01-28,3,70.29,Denmark,38,Côte de Blaye,1,263.5,0,1,Beverages,12.0,True,1997,1997-01
10417,46,9.6,2,0.25,19.2,4.8,14.399999999999999,SIMOB,4,1997-01-16,1997-02-13,1997-01-28,3,70.29,Denmark,46,Spegesild,8,12.0,0,8,Seafood,12.0,True,1997,1997-01
10417,68,10.0,36,0.25,360.0,90.0,270.0,SIMOB,4,1997-01-16,1997-02-13,1997-01-28,3,70.29,Denmark,68,Scottish Longbreads,3,12.5,0,3,Confections,12.0,True,1997,1997-01
10417,77,10.4,35,0.0,364.0,0.0,364.0,SIMOB,4,1997-01-16,1997-02-13,1997-01-28,3,70.29,Denmark,77,Original Frankfurter grüne Soße,2,13.0,0,2,Condiments,12.0,True,1997,1997-01
10418,2,15.2,60,0.0,912.0,0.0,912.0,QUICK,4,1997-01-17,1997-02-14,1997-01-24,1,17.55,Germany,2,Chang,1,19.0,0,1,Beverages,7.0,True,1997,1997-01
10418,47,7.6,55,0.0,418.0,0.0,418.0,QUICK,4,1997-01-17,1997-02-14,1997-01-24,1,17.55,Germany,47,Zaanse koeken,3,9.5,0,3,Confections,7.0,True,1997,1997-01
10418,61,22.8,16,0.0,364.8,0.0,364.8,QUICK,4,1997-01-17,1997-02-14,1997-01-24,1,17.55,Germany,61,Sirop d'érable,2,28.5,0,2,Condiments,7.0,True,1997,1997-01
10418,74,8.0,15,0.0,120.0,0.0,120.0,QUICK,4,1997-01-17,1997-02-14,1997-01-24,1,17.55,Germany,74,Longlife Tofu,7,10.0,0,7,Produce,7.0,True,1997,1997-01
10419,60,27.2,60,0.05,1632.0,81.60000000000001,1550.4,RICSU,4,1997-01-20,1997-02-17,1997-01-30,2,137.35,Switzerland,60,Camembert Pierrot,4,34.0,0,4,Dairy Products,10.0,True,1997,1997-01
10419,69,28.8,20,0.05,576.0,28.8,547.2,RICSU,4,1997-01-20,1997-02-17,1997-01-30,2,137.35,Switzerland,69,Gudbrandsdalsost,4,36.0,0,4,Dairy Products,10.0,True,1997,1997-01
10420,9,77.6,20,0.1,1552.0,155.20000000000002,1396.8,WELLI,3,1997-01-21,1997-02-18,1997-01-27,1,44.12,Brazil,9,Mishi Kobe Niku,6,97.0,1,6,Meat/Poultry,6.0,True,1997,1997-01
10420,13,4.8,2,0.1,9.6,0.96,8.64,WELLI,3,1997-01-21,1997-02-18,1997-01-27,1,44.12,Brazil,13,Konbu,8,6.0,0,8,Seafood,6.0,True,1997,1997-01
10420,70,12.0,8,0.1,96.0,9.600000000000001,86.4,WELLI,3,1997-01-21,1997-02-18,1997-01-27,1,44.12,Brazil,70,Outback Lager,1,15.0,0,1,Beverages,6.0,True,1997,1997-01
10420,73,12.0,20,0.1,240.0,24.0,216.0,WELLI,3,1997-01-21,1997-02-18,1997-01-27,1,44.12,Brazil,73,Röd Kaviar,8,15.0,0,8,Seafood,6.0,True,1997,1997-01
10421,19,7.3,4,0.15,29.2,4.38,24.82,QUEDE,8,1997-01-21,1997-03-04,1997-01-27,1,99.23,Brazil,19,Teatime Chocolate Biscuits,3,9.2,0,3,Confections,6.0,True,1997,1997-01
10421,26,24.9,30,0.0,747.0,0.0,747.0,QUEDE,8,1997-01-21,1997-03-04,1997-01-27,1,99.23,Brazil,26,Gumbär Gummibärchen,3,31.23,0,3,Confections,6.0,True,1997,1997-01
10421,53,26.2,15,0.15,393.0,58.949999999999996,334.05,QUEDE,8,1997-01-21,1997-03-04,1997-01-27,1,99.23,Brazil,53,Perth Pasties,6,32.8,1,6,Meat/Poultry,6.0,True,1997,1997-01
10421,77,10.4,10,0.15,104.0,15.6,88.4,QUEDE,8,1997-01-21,1997-03-04,1997-01-27,1,99.23,Brazil,77,Original Frankfurter grüne Soße,2,13.0,0,2,Condiments,6.0,True,1997,1997-01
10422,26,24.9,2,0.0,49.8,0.0,49.8,FRANS,2,1997-01-22,1997-02-19,1997-01-31,1,3.02,Italy,26,Gumbär Gummibärchen,3,31.23,0,3,Confections,9.0,True,1997,1997-01
10423,31,10.0,14,0.0,140.0,0.0,140.0,GOURL,6,1997-01-23,1997-02-06,1997-02-24,3,24.5,Brazil,31,Gorgonzola Telino,4,12.5,0,4,Dairy Products,32.0,False,1997,1997-01
10423,59,44.0,20,0.0,880.0,0.0,880.0,GOURL,6,1997-01-23,1997-02-06,1997-02-24,3,24.5,Brazil,59,Raclette Courdavault,4,55.0,0,4,Dairy Products,32.0,False,1997,1997-01
10424,35,14.4,60,0.2,864.0,172.8,691.2,MEREP,7,1997-01-23,1997-02-20,1997-01-27,2,370.61,Canada,35,Steeleye Stout,1,18.0,0,1,Beverages,4.0,True,1997,1997-01
10424,38,210.8,49,0.2,10329.2,2065.84,8263.36,MEREP,7,1997-01-23,1997-02-20,1997-01-27,2,370.61,Canada,38,Côte de Blaye,1,263.5,0,1,Beverages,4.0,True,1997,1997-01
10424,68,10.0,30,0.2,300.0,60.0,240.0,MEREP,7,1997-01-23,1997-02-20,1997-01-27,2,370.61,Canada,68,Scottish Longbreads,3,12.5,0,3,Confections,4.0,True,1997,1997-01
10425,55,19.2,10,0.25,192.0,48.0,144.0,LAMAI,6,1997-01-24,1997-02-21,1997-02-14,2,7.93,France,55,Pâté chinois,6,24.0,0,6,Meat/Poultry,21.0,True,1997,1997-01
10425,76,14.4,20,0.25,288.0,72.0,216.0,LAMAI,6,1997-01-24,1997-02-21,1997-02-14,2,7.93,France,76,Lakkalikööri,1,18.0,0,1,Beverages,21.0,True,1997,1997-01
10426,56,30.4,5,0.0,152.0,0.0,152.0,GALED,4,1997-01-27,1997-02-24,1997-02-06,1,18.69,Spain,56,Gnocchi di nonna Alice,5,38.0,0,5,Grains/Cereals,10.0,True,1997,1997-01
10426,64,26.6,7,0.0,186.20000000000002,0.0,186.20000000000002,GALED,4,1997-01-27,1997-02-24,1997-02-06,1,18.69,Spain,64,Wimmers gute Semmelknödel,5,33.25,0,5,Grains/Cereals,10.0,True,1997,1997-01
10427,14,18.6,35,0.0,651.0,0.0,651.0,PICCO,4,1997-01-27,1997-02-24,1997-03-03,2,31.29,Austria,14,Tofu,7,23.25,0,7,Produce,35.0,False,1997,1997-01
10428,46,9.6,20,0.0,192.0,0.0,192.0,REGGC,7,1997-01-28,1997-02-25,1997-02-04,1,11.09,Italy,46,Spegesild,8,12.0,0,8,Seafood,7.0,True,1997,1997-01
10429,50,13.0,40,0.0,520.0,0.0,520.0,HUNGO,3,1997-01-29,1997-03-12,1997-02-07,2,56.63,Ireland,50,Valkoinen suklaa,3,16.25,0,3,Confections,9.0,True,1997,1997-01
10429,63,35.1,35,0.25,1228.5,307.125,921.375,HUNGO,3,1997-01-29,1997-03-12,1997-02-07,2,56.63,Ireland,63,Vegie-spread,2,43.9,0,2,Condiments,9.0,True,1997,1997-01
10430,17,31.2,45,0.2,1404.0,280.8,1123.2,ERNSH,4,1997-01-30,1997-02-13,1997-02-03,1,458.78,Austria,17,Alice Mutton,6,39.0,1,6,Meat/Poultry,4.0,True,1997,1997-01
10430,21,8.0,50,0.0,400.0,0.0,400.0,ERNSH,4,1997-01-30,1997-02-13,1997-02-03,1,458.78,Austria,21,Sir Rodney's Scones,3,10.0,0,3,Confections,4.0,True,1997,1997-01
10430,56,30.4,30,0.0,912.0,0.0,912.0,ERNSH,4,1997-01-30,1997-02-13,1997-02-03,1,458.78,Austria,56,Gnocchi di nonna Alice,5,38.0,0,5,Grains/Cereals,4.0,True,1997,1997-01
10430,59,44.0,70,0.2,3080.0,616.0,2464.0,ERNSH,4,1997-01-30,1997-02-13,1997-02-03,1,458.78,Austria,59,Raclette Courdavault,4,55.0,0,4,Dairy Products,4.0,True,1997,1997-01
10431,17,31.2,50,0.25,1560.0,390.0,1170.0,BOTTM,4,1997-01-30,1997-02-13,1997-02-07,2,44.17,Canada,17,Alice Mutton,6,39.0,1,6,Meat/Poultry,8.0,True,1997,1997-01
10431,40,14.7,50,0.25,735.0,183.75,551.25,BOTTM,4,1997-01-30,1997-02-13,1997-02-07,2,44.17,Canada,40,Boston Crab Meat,8,18.4,0,8,Seafood,8.0,True,1997,1997-01
10431,47,7.6,30,0.25,228.0,57.0,171.0,BOTTM,4,1997-01-30,1997-02-13,1997-02-07,2,44.17,Canada,47,Zaanse koeken,3,9.5,0,3,Confections,8.0,True,1997,1997-01
10432,26,24.9,10,0.0,249.0,0.0,249.0,SPLIR,3,1997-01-31,1997-02-14,1997-02-07,2,4.34,USA,26,Gumbär Gummibärchen,3,31.23,0,3,Confections,7.0,True,1997,1997-01
10432,54,5.9,40,0.0,236.0,0.0,236.0,SPLIR,3,1997-01-31,1997-02-14,1997-02-07,2,4.34,USA,54,Tourtière,6,7.45,0,6,Meat/Poultry,7.0,True,1997,1997-01
10433,56,30.4,28,0.0,851.1999999999999,0.0,851.1999999999999,PRINI,3,1997-02-03,1997-03-03,1997-03-04,3,73.83,Portugal,56,Gnocchi di nonna Alice,5,38.0,0,5,Grains/Cereals,29.0,False,1997,1997-02
10434,11,16.8,6,0.0,100.80000000000001,0.0,100.80000000000001,FOLKO,3,1997-02-03,1997-03-03,1997-02-13,2,17.92,Sweden,11,Queso Cabrales,4,21.0,0,4,Dairy Products,10.0,True,1997,1997-02
10434,76,14.4,18,0.15,259.2,38.879999999999995,220.32,FOLKO,3,1997-02-03,1997-03-03,1997-02-13,2,17.92,Sweden,76,Lakkalikööri,1,18.0,0,1,Beverages,10.0,True,1997,1997-02
10435,2,15.2,10,0.0,152.0,0.0,152.0,CONSH,8,1997-02-04,1997-03-18,1997-02-07,2,9.21,UK,2,Chang,1,19.0,0,1,Beverages,3.0,True,1997,1997-02
10435,22,16.8,12,0.0,201.60000000000002,0.0,201.60000000000002,CONSH,8,1997-02-04,1997-03-18,1997-02-07,2,9.21,UK,22,Gustaf's Knäckebröd,5,21.0,0,5,Grains/Cereals,3.0,True,1997,1997-02
10435,72,27.8,10,0.0,278.0,0.0,278.0,CONSH,8,1997-02-04,1997-03-18,1997-02-07,2,9.21,UK,72,Mozzarella di Giovanni,4,34.8,0,4,Dairy Products,3.0,True,1997,1997-02
10436,46,9.6,5,0.0,48.0,0.0,48.0,BLONP,3,1997-02-05,1997-03-05,1997-02-11,2,156.66,France,46,Spegesild,8,12.0,0,8,Seafood,6.0,True,1997,1997-02
10436,56,30.4,40,0.1,1216.0,121.60000000000001,1094.4,BLONP,3,1997-02-05,1997-03-05,1997-02-11,2,156.66,France,56,Gnocchi di nonna Alice,5,38.0,0,5,Grains/Cereals,6.0,True,1997,1997-02
10436,64,26.6,30,0.1,798.0,79.80000000000001,718.2,BLONP,3,1997-02-05,1997-03-05,1997-02-11,2,156.66,France,64,Wimmers gute Semmelknödel,5,33.25,0,5,Grains/Cereals,6.0,True,1997,1997-02
10436,75,6.2,24,0.1,148.8,14.880000000000003,133.92000000000002,BLONP,3,1997-02-05,1997-03-05,1997-02-11,2,156.66,France,75,Rhönbräu Klosterbier,1,7.75,0,1,Beverages,6.0,True,1997,1997-02
10437,53,26.2,15,0.0,393.0,0.0,393.0,WARTH,8,1997-02-05,1997-03-05,1997-02-12,1,19.97,Finland,53,Perth Pasties,6,32.8,1,6,Meat/Poultry,7.0,True,1997,1997-02
10438,19,7.3,15,0.2,109.5,21.900000000000002,87.6,TOMSP,3,1997-02-06,1997-03-06,1997-02-14,2,8.24,Germany,19,Teatime Chocolate Biscuits,3,9.2,0,3,Confections,8.0,True,1997,1997-02
10438,34,11.2,20,0.2,224.0,44.800000000000004,179.2,TOMSP,3,1997-02-06,1997-03-06,1997-02-14,2,8.24,Germany,34,Sasquatch Ale,1,14.0,0,1,Beverages,8.0,True,1997,1997-02
10438,57,15.6,15,0.2,234.0,46.800000000000004,187.2,TOMSP,3,1997-02-06,1997-03-06,1997-02-14,2,8.24,Germany,57,Ravioli Angelo,5,19.5,0,5,Grains/Cereals,8.0,True,1997,1997-02
10439,12,30.4,15,0.0,456.0,0.0,456.0,MEREP,6,1997-02-07,1997-03-07,1997-02-10,3,4.07,Canada,12,Queso Manchego La Pastora,4,38.0,0,4,Dairy Products,3.0,True,1997,1997-02
10439,16,13.9,16,0.0,222.4,0.0,222.4,MEREP,6,1997-02-07,1997-03-07,1997-02-10,3,4.07,Canada,16,Pavlova,3,17.45,0,3,Confections,3.0,True,1997,1997-02
10439,64,26.6,6,0.0,159.60000000000002,0.0,159.60000000000002,MEREP,6,1997-02-07,1997-03-07,1997-02-10,3,4.07,Canada,64,Wimmers gute Semmelknödel,5,33.25,0,5,Grains/Cereals,3.0,True,1997,1997-02
10439,74,8.0,30,0.0,240.0,0.0,240.0,MEREP,6,1997-02-07,1997-03-07,1997-02-10,3,4.07,Canada,74,Longlife Tofu,7,10.0,0,7,Produce,3.0,True,1997,1997-02
10440,2,15.2,45,0.15,684.0,102.6,581.4,SAVEA,4,1997-02-10,1997-03-10,1997-02-28,2,86.53,USA,2,Chang,1,19.0,0,1,Beverages,18.0,True,1997,1997-02
10440,16,13.9,49,0.15,681.1,102.165,578.9350000000001,SAVEA,4,1997-02-10,1997-03-10,1997-02-28,2,86.53,USA,16,Pavlova,3,17.45,0,3,Confections,18.0,True,1997,1997-02
10440,29,99.0,24,0.15,2376.0,356.4,2019.6,SAVEA,4,1997-02-10,1997-03-10,1997-02-28,2,86.53,USA,29,Thüringer Rostbratwurst,6,123.79,1,6,Meat/Poultry,18.0,True,1997,1997-02
10440,61,22.8,90,0.15,2052.0,307.8,1744.2,SAVEA,4,1997-02-10,1997-03-10,1997-02-28,2,86.53,USA,61,Sirop d'érable,2,28.5,0,2,Condiments,18.0,True,1997,1997-02
10441,27,35.1,50,0.0,1755.0,0.0,1755.0,OLDWO,3,1997-02-10,1997-03-24,1997-03-14,2,73.02,USA,27,Schoggi Schokolade,3,43.9,0,3,Confections,32.0,True,1997,1997-02
10442,11,16.8,30,0.0,504.0,0.0,504.0,ERNSH,3,1997-02-11,1997-03-11,1997-02-18,2,47.94,Austria,11,Queso Cabrales,4,21.0,0,4,Dairy Products,7.0,True,1997,1997-02
10442,54,5.9,80,0.0,472.0,0.0,472.0,ERNSH,3,1997-02-11,1997-03-11,1997-02-18,2,47.94,Austria,54,Tourtière,6,7.45,0,6,Meat/Poultry,7.0,True,1997,1997-02
10442,66,13.6,60,0.0,816.0,0.0,816.0,ERNSH,3,1997-02-11,1997-03-11,1997-02-18,2,47.94,Austria,66,Louisiana Hot Spiced Okra,2,17.0,0,2,Condiments,7.0,True,1997,1997-02
10443,11,16.8,6,0.2,100.80000000000001,20.160000000000004,80.64000000000001,REGGC,8,1997-02-12,1997-03-12,1997-02-14,1,13.95,Italy,11,Queso Cabrales,4,21.0,0,4,Dairy Products,2.0,True,1997,1997-02
10443,28,36.4,12,0.0,436.79999999999995,0.0,436.79999999999995,REGGC,8,1997-02-12,1997-03-12,1997-02-14,1,13.95,Italy,28,Rössle Sauerkraut,7,45.6,1,7,Produce,2.0,True,1997,1997-02
10444,17,31.2,10,0.0,312.0,0.0,312.0,BERGS,3,1997-02-12,1997-03-12,1997-02-21,3,3.5,Sweden,17,Alice Mutton,6,39.0,1,6,Meat/Poultry,9.0,True,1997,1997-02
10444,26,24.9,15,0.0,373.5,0.0,373.5,BERGS,3,1997-02-12,1997-03-12,1997-02-21,3,3.5,Sweden,26,Gumbär Gummibärchen,3,31.23,0,3,Confections,9.0,True,1997,1997-02
10444,35,14.4,8,0.0,115.2,0.0,115.2,BERGS,3,1997-02-12,1997-03-12,1997-02-21,3,3.5,Sweden,35,Steeleye Stout,1,18.0,0,1,Beverages,9.0,True,1997,1997-02
10444,41,7.7,30,0.0,231.0,0.0,231.0,BERGS,3,1997-02-12,1997-03-12,1997-02-21,3,3.5,Sweden,41,Jack's New England Clam Chowder,8,9.65,0,8,Seafood,9.0,True,1997,1997-02
10445,39,14.4,6,0.0,86.4,0.0,86.4,BERGS,3,1997-02-13,1997-03-13,1997-02-20,1,9.3,Sweden,39,Chartreuse verte,1,18.0,0,1,Beverages,7.0,True,1997,1997-02
10445,54,5.9,15,0.0,88.5,0.0,88.5,BERGS,3,1997-02-13,1997-03-13,1997-02-20,1,9.3,Sweden,54,Tourtière,6,7.45,0,6,Meat/Poultry,7.0,True,1997,1997-02
10446,19,7.3,12,0.1,87.6,8.76,78.83999999999999,TOMSP,6,1997-02-14,1997-03-14,1997-02-19,1,14.68,Germany,19,Teatime Chocolate Biscuits,3,9.2,0,3,Confections,5.0,True,1997,1997-02
10446,24,3.6,20,0.1,72.0,7.2,64.8,TOMSP,6,1997-02-14,1997-03-14,1997-02-19,1,14.68,Germany,24,Guaraná Fantástica,1,4.5,1,1,Beverages,5.0,True,1997,1997-02
10446,31,10.0,3,0.1,30.0,3.0,27.0,TOMSP,6,1997-02-14,1997-03-14,1997-02-19,1,14.68,Germany,31,Gorgonzola Telino,4,12.5,0,4,Dairy Products,5.0,True,1997,1997-02
10446,52,5.6,15,0.1,84.0,8.4,75.6,TOMSP,6,1997-02-14,1997-03-14,1997-02-19,1,14.68,Germany,52,Filo Mix,5,7.0,0,5,Grains/Cereals,5.0,True,1997,1997-02
10447,19,7.3,40,0.0,292.0,0.0,292.0,RICAR,4,1997-02-14,1997-03-14,1997-03-07,2,68.66,Brazil,19,Teatime Chocolate Biscuits,3,9.2,0,3,Confections,21.0,True,1997,1997-02
10447,65,16.8,35,0.0,588.0,0.0,588.0,RICAR,4,1997-02-14,1997-03-14,1997-03-07,2,68.66,Brazil,65,Louisiana Fiery Hot Pepper Sauce,2,21.05,0,2,Condiments,21.0,True,1997,1997-02
10447,71,17.2,2,0.0,34.4,0.0,34.4,RICAR,4,1997-02-14,1997-03-14,1997-03-07,2,68.66,Brazil,71,Flotemysost,4,21.5,0,4,Dairy Products,21.0,True,1997,1997-02
10448,26,24.9,6,0.0,149.39999999999998,0.0,149.39999999999998,RANCH,4,1997-02-17,1997-03-17,1997-02-24,2,38.82,Argentina,26,Gumbär Gummibärchen,3,31.23,0,3,Confections,7.0,True,1997,1997-02
10448,40,14.7,20,0.0,294.0,0.0,294.0,RANCH,4,1997-02-17,1997-03-17,1997-02-24,2,38.82,Argentina,40,Boston Crab Meat,8,18.4,0,8,Seafood,7.0,True,1997,1997-02
10449,10,24.8,14,0.0,347.2,0.0,347.2,BLONP,3,1997-02-18,1997-03-18,1997-02-27,2,53.3,France,10,Ikura,8,31.0,0,8,Seafood,9.0,True,1997,1997-02
10449,52,5.6,20,0.0,112.0,0.0,112.0,BLONP,3,1997-02-18,1997-03-18,1997-02-27,2,53.3,France,52,Filo Mix,5,7.0,0,5,Grains/Cereals,9.0,True,1997,1997-02
10449,62,39.4,35,0.0,1379.0,0.0,1379.0,BLONP,3,1997-02-18,1997-03-18,1997-02-27,2,53.3,France,62,Tarte au sucre,3,49.3,0,3,Confections,9.0,True,1997,1997-02
10450,10,24.8,20,0.2,496.0,99.2,396.8,VICTE,8,1997-02-19,1997-03-19,1997-03-11,2,7.23,France,10,Ikura,8,31.0,0,8,Seafood,20.0,True,1997,1997-02
10450,54,5.9,6,0.2,35.400000000000006,7.080000000000002,28.320000000000004,VICTE,8,1997-02-19,1997-03-19,1997-03-11,2,7.23,France,54,Tourtière,6,7.45,0,6,Meat/Poultry,20.0,True,1997,1997-02
10451,55,19.2,120,0.1,2304.0,230.4,2073.6,QUICK,4,1997-02-19,1997-03-05,1997-03-12,3,189.09,Germany,55,Pâté chinois,6,24.0,0,6,Meat/Poultry,21.0,False,1997,1997-02
10451,64,26.6,35,0.1,931.0,93.10000000000001,837.9,QUICK,4,1997-02-19,1997-03-05,1997-03-12,3,189.09,Germany,64,Wimmers gute Semmelknödel,5,33.25,0,5,Grains/Cereals,21.0,False,1997,1997-02
10451,65,16.8,28,0.1,470.40000000000003,47.040000000000006,423.36,QUICK,4,1997-02-19,1997-03-05,1997-03-12,3,189.09,Germany,65,Louisiana Fiery Hot Pepper Sauce,2,21.05,0,2,Condiments,21.0,False,1997,1997-02
10451,77,10.4,55,0.1,572.0,57.2,514.8,QUICK,4,1997-02-19,1997-03-05,1997-03-12,3,189.09,Germany,77,Original Frankfurter grüne Soße,2,13.0,0,2,Condiments,21.0,False,1997,1997-02
10452,28,36.4,15,0.0,546.0,0.0,546.0,SAVEA,8,1997-02-20,1997-03-20,1997-02-26,1,140.26,USA,28,Rössle Sauerkraut,7,45.6,1,7,Produce,6.0,True,1997,1997-02
10452,44,15.5,100,0.05,1550.0,77.5,1472.5,SAVEA,8,1997-02-20,1997-03-20,1997-02-26,1,140.26,USA,44,Gula Malacca,2,19.45,0,2,Condiments,6.0,True,1997,1997-02
10453,48,10.2,15,0.1,153.0,15.3,137.7,AROUT,1,1997-02-21,1997-03-21,1997-02-26,2,25.36,UK,48,Chocolade,3,12.75,0,3,Confections,5.0,True,1997,1997-02
10453,70,12.0,25,0.1,300.0,30.0,270.0,AROUT,1,1997-02-21,1997-03-21,1997-02-26,2,25.36,UK,70,Outback Lager,1,15.0,0,1,Beverages,5.0,True,1997,1997-02
10454,16,13.9,20,0.2,278.0,55.6,222.4,LAMAI,4,1997-02-21,1997-03-21,1997-02-25,3,2.74,France,16,Pavlova,3,17.45,0,3,Confections,4.0,True,1997,1997-02
10454,33,2.0,20,0.2,40.0,8.0,32.0,LAMAI,4,1997-02-21,1997-03-21,1997-02-25,3,2.74,France,33,Geitost,4,2.5,0,4,Dairy Products,4.0,True,1997,1997-02
10454,46,9.6,10,0.2,96.0,19.200000000000003,76.8,LAMAI,4,1997-02-21,1997-03-21,1997-02-25,3,2.74,France,46,Spegesild,8,12.0,0,8,Seafood,4.0,True,1997,1997-02
10455,39,14.4,20,0.0,288.0,0.0,288.0,WARTH,8,1997-02-24,1997-04-07,1997-03-03,2,180.45,Finland,39,Chartreuse verte,1,18.0,0,1,Beverages,7.0,True,1997,1997-02
10455,53,26.2,50,0.0,1310.0,0.0,1310.0,WARTH,8,1997-02-24,1997-04-07,1997-03-03,2,180.45,Finland,53,Perth Pasties,6,32.8,1,6,Meat/Poultry,7.0,True,1997,1997-02
10455,61,22.8,25,0.0,570.0,0.0,570.0,WARTH,8,1997-02-24,1997-04-07,1997-03-03,2,180.45,Finland,61,Sirop d'érable,2,28.5,0,2,Condiments,7.0,True,1997,1997-02
10455,71,17.2,30,0.0,516.0,0.0,516.0,WARTH,8,1997-02-24,1997-04-07,1997-03-03,2,180.45,Finland,71,Flotemysost,4,21.5,0,4,Dairy Products,7.0,True,1997,1997-02
10456,21,8.0,40,0.15,320.0,48.0,272.0,KOENE,8,1997-02-25,1997-04-08,1997-02-28,2,8.12,Germany,21,Sir Rodney's Scones,3,10.0,0,3,Confections,3.0,True,1997,1997-02
10456,49,16.0,21,0.15,336.0,50.4,285.6,KOENE,8,1997-02-25,1997-04-08,1997-02-28,2,8.12,Germany,49,Maxilaku,3,20.0,0,3,Confections,3.0,True,1997,1997-02
10457,59,44.0,36,0.0,1584.0,0.0,1584.0,KOENE,2,1997-02-25,1997-03-25,1997-03-03,1,11.57,Germany,59,Raclette Courdavault,4,55.0,0,4,Dairy Products,6.0,True,1997,1997-02
10458,26,24.9,30,0.0,747.0,0.0,747.0,SUPRD,7,1997-02-26,1997-03-26,1997-03-04,3,147.06,Belgium,26,Gumbär Gummibärchen,3,31.23,0,3,Confections,6.0,True,1997,1997-02
10458,28,36.4,30,0.0,1092.0,0.0,1092.0,SUPRD,7,1997-02-26,1997-03-26,1997-03-04,3,147.06,Belgium,28,Rössle Sauerkraut,7,45.6,1,7,Produce,6.0,True,1997,1997-02
10458,43,36.8,20,0.0,736.0,0.0,736.0,SUPRD,7,1997-02-26,1997-03-26,1997-03-04,3,147.06,Belgium,43,Ipoh Coffee,1,46.0,0,1,Beverages,6.0,True,1997,1997-02
10458,56,30.4,15,0.0,456.0,0.0,456.0,SUPRD,7,1997-02-26,1997-03-26,1997-03-04,3,147.06,Belgium,56,Gnocchi di nonna Alice,5,38.0,0,5,Grains/Cereals,6.0,True,1997,1997-02
10458,71,17.2,50,0.0,860.0,0.0,860.0,SUPRD,7,1997-02-26,1997-03-26,1997-03-04,3,147.06,Belgium,71,Flotemysost,4,21.5,0,4,Dairy Products,6.0,True,1997,1997-02
10459,7,24.0,16,0.05,384.0,19.200000000000003,364.8,VICTE,4,1997-02-27,1997-03-27,1997-02-28,2,25.09,France,7,Uncle Bob's Organic Dried Pears,7,30.0,0,7,Produce,1.0,True,1997,1997-02
10459,46,9.6,20,0.05,192.0,9.600000000000001,182.4,VICTE,4,1997-02-27,1997-03-27,1997-02-28,2,25.09,France,46,Spegesild,8,12.0,0,8,Seafood,1.0,True,1997,1997-02
10459,72,27.8,40,0.0,1112.0,0.0,1112.0,VICTE,4,1997-02-27,1997-03-27,1997-02-28,2,25.09,France,72,Mozzarella di Giovanni,4,34.8,0,4,Dairy Products,1.0,True,1997,1997-02
10460,68,10.0,21,0.25,210.0,52.5,157.5,FOLKO,8,1997-02-28,1997-03-28,1997-03-03,1,16.27,Sweden,68,Scottish Longbreads,3,12.5,0,3,Confections,3.0,True,1997,1997-02
10460,75,6.2,4,0.25,24.8,6.2,18.6,FOLKO,8,1997-02-28,1997-03-28,1997-03-03,1,16.27,Sweden,75,Rhönbräu Klosterbier,1,7.75,0,1,Beverages,3.0,True,1997,1997-02
10461,21,8.0,40,0.25,320.0,80.0,240.0,LILAS,1,1997-02-28,1997-03-28,1997-03-05,3,148.61,Venezuela,21,Sir Rodney's Scones,3,10.0,0,3,Confections,5.0,True,1997,1997-02
10461,30,20.7,28,0.25,579.6,144.9,434.70000000000005,LILAS,1,1997-02-28,1997-03-28,1997-03-05,3,148.61,Venezuela,30,Nord-Ost Matjeshering,8,25.89,0,8,Seafood,5.0,True,1997,1997-02
10461,55,19.2,60,0.25,1152.0,288.0,864.0,LILAS,1,1997-02-28,1997-03-28,1997-03-05,3,148.61,Venezuela,55,Pâté chinois,6,24.0,0,6,Meat/Poultry,5.0,True,1997,1997-02
10462,13,4.8,1,0.0,4.8,0.0,4.8,CONSH,2,1997-03-03,1997-03-31,1997-03-18,1,6.17,UK,13,Konbu,8,6.0,0,8,Seafood,15.0,True,1997,1997-03
10462,23,7.2,21,0.0,151.20000000000002,0.0,151.20000000000002,CONSH,2,1997-03-03,1997-03-31,1997-03-18,1,6.17,UK,23,Tunnbröd,5,9.0,0,5,Grains/Cereals,15.0,True,1997,1997-03
10463,19,7.3,21,0.0,153.29999999999998,0.0,153.29999999999998,SUPRD,5,1997-03-04,1997-04-01,1997-03-06,3,14.78,Belgium,19,Teatime Chocolate Biscuits,3,9.2,0,3,Confections,2.0,True,1997,1997-03
10463,42,11.2,50,0.0,560.0,0.0,560.0,SUPRD,5,1997-03-04,1997-04-01,1997-03-06,3,14.78,Belgium,42,Singaporean Hokkien Fried Mee,5,14.0,1,5,Grains/Cereals,2.0,True,1997,1997-03
10464,4,17.6,16,0.2,281.6,56.32000000000001,225.28000000000003,FURIB,4,1997-03-04,1997-04-01,1997-03-14,2,89.0,Portugal,4,Chef Anton's Cajun Seasoning,2,22.0,0,2,Condiments,10.0,True,1997,1997-03
10464,43,36.8,3,0.0,110.39999999999999,0.0,110.39999999999999,FURIB,4,1997-03-04,1997-04-01,1997-03-14,2,89.0,Portugal,43,Ipoh Coffee,1,46.0,0,1,Beverages,10.0,True,1997,1997-03
10464,56,30.4,30,0.2,912.0,182.4,729.6,FURIB,4,1997-03-04,1997-04-01,1997-03-14,2,89.0,Portugal,56,Gnocchi di nonna Alice,5,38.0,0,5,Grains/Cereals,10.0,True,1997,1997-03
10464,60,27.2,20,0.0,544.0,0.0,544.0,FURIB,4,1997-03-04,1997-04-01,1997-03-14,2,89.0,Portugal,60,Camembert Pierrot,4,34.0,0,4,Dairy Products,10.0,True,1997,1997-03
10465,24,3.6,25,0.0,90.0,0.0,90.0,VAFFE,1,1997-03-05,1997-04-02,1997-03-14,3,145.04,Denmark,24,Guaraná Fantástica,1,4.5,1,1,Beverages,9.0,True,1997,1997-03
10465,29,99.0,18,0.1,1782.0,178.20000000000002,1603.8,VAFFE,1,1997-03-05,1997-04-02,1997-03-14,3,145.04,Denmark,29,Thüringer Rostbratwurst,6,123.79,1,6,Meat/Poultry,9.0,True,1997,1997-03
10465,40,14.7,20,0.0,294.0,0.0,294.0,VAFFE,1,1997-03-05,1997-04-02,1997-03-14,3,145.04,Denmark,40,Boston Crab Meat,8,18.4,0,8,Seafood,9.0,True,1997,1997-03
10465,45,7.6,30,0.1,228.0,22.8,205.2,VAFFE,1,1997-03-05,1997-04-02,1997-03-14,3,145.04,Denmark,45,Rogede sild,8,9.5,0,8,Seafood,9.0,True,1997,1997-03
10465,50,13.0,25,0.0,325.0,0.0,325.0,VAFFE,1,1997-03-05,1997-04-02,1997-03-14,3,145.04,Denmark,50,Valkoinen suklaa,3,16.25,0,3,Confections,9.0,True,1997,1997-03
10466,11,16.8,10,0.0,168.0,0.0,168.0,COMMI,4,1997-03-06,1997-04-03,1997-03-13,1,11.93,Brazil,11,Queso Cabrales,4,21.0,0,4,Dairy Products,7.0,True,1997,1997-03
10466,46,9.6,5,0.0,48.0,0.0,48.0,COMMI,4,1997-03-06,1997-04-03,1997-03-13,1,11.93,Brazil,46,Spegesild,8,12.0,0,8,Seafood,7.0,True,1997,1997-03
10467,24,3.6,28,0.0,100.8,0.0,100.8,MAGAA,8,1997-03-06,1997-04-03,1997-03-11,2,4.93,Italy,24,Guaraná Fantástica,1,4.5,1,1,Beverages,5.0,True,1997,1997-03
10467,25,11.2,12,0.0,134.39999999999998,0.0,134.39999999999998,MAGAA,8,1997-03-06,1997-04-03,1997-03-11,2,4.93,Italy,25,NuNuCa Nuß-Nougat-Creme,3,14.0,0,3,Confections,5.0,True,1997,1997-03
10468,30,20.7,8,0.0,165.6,0.0,165.6,KOENE,3,1997-03-07,1997-04-04,1997-03-12,3,44.12,Germany,30,Nord-Ost Matjeshering,8,25.89,0,8,Seafood,5.0,True,1997,1997-03
10468,43,36.8,15,0.0,552.0,0.0,552.0,KOENE,3,1997-03-07,1997-04-04,1997-03-12,3,44.12,Germany,43,Ipoh Coffee,1,46.0,0,1,Beverages,5.0,True,1997,1997-03
10469,2,15.2,40,0.15,608.0,91.2,516.8,WHITC,1,1997-03-10,1997-04-07,1997-03-14,1,60.18,USA,2,Chang,1,19.0,0,1,Beverages,4.0,True,1997,1997-03
10469,16,13.9,35,0.15,486.5,72.975,413.525,WHITC,1,1997-03-10,1997-04-07,1997-03-14,1,60.18,USA,16,Pavlova,3,17.45,0,3,Confections,4.0,True,1997,1997-03
10469,44,15.5,2,0.15,31.0,4.6499999999999995,26.35,WHITC,1,1997-03-10,1997-04-07,1997-03-14,1,60.18,USA,44,Gula Malacca,2,19.45,0,2,Condiments,4.0,True,1997,1997-03
10470,18,50.0,30,0.0,1500.0,0.0,1500.0,BONAP,4,1997-03-11,1997-04-08,1997-03-14,2,64.56,France,18,Carnarvon Tigers,8,62.5,0,8,Seafood,3.0,True,1997,1997-03
10470,23,7.2,15,0.0,108.0,0.0,108.0,BONAP,4,1997-03-11,1997-04-08,1997-03-14,2,64.56,France,23,Tunnbröd,5,9.0,0,5,Grains/Cereals,3.0,True,1997,1997-03
10470,64,26.6,8,0.0,212.8,0.0,212.8,BONAP,4,1997-03-11,1997-04-08,1997-03-14,2,64.56,France,64,Wimmers gute Semmelknödel,5,33.25,0,5,Grains/Cereals,3.0,True,1997,1997-03
10471,7,24.0,30,0.0,720.0,0.0,720.0,BSBEV,2,1997-03-11,1997-04-08,1997-03-18,3,45.59,UK,7,Uncle Bob's Organic Dried Pears,7,30.0,0,7,Produce,7.0,True,1997,1997-03
10471,56,30.4,20,0.0,608.0,0.0,608.0,BSBEV,2,1997-03-11,1997-04-08,1997-03-18,3,45.59,UK,56,Gnocchi di nonna Alice,5,38.0,0,5,Grains/Cereals,7.0,True,1997,1997-03
10472,24,3.6,80,0.05,288.0,14.4,273.6,SEVES,8,1997-03-12,1997-04-09,1997-03-19,1,4.2,UK,24,Guaraná Fantástica,1,4.5,1,1,Beverages,7.0,True,1997,1997-03
10472,51,42.4,18,0.0,763.1999999999999,0.0,763.1999999999999,SEVES,8,1997-03-12,1997-04-09,1997-03-19,1,4.2,UK,51,Manjimup Dried Apples,7,53.0,0,7,Produce,7.0,True,1997,1997-03
10473,33,2.0,12,0.0,24.0,0.0,24.0,ISLAT,1,1997-03-13,1997-03-27,1997-03-21,3,16.37,UK,33,Geitost,4,2.5,0,4,Dairy Products,8.0,True,1997,1997-03
10473,71,17.2,12,0.0,206.39999999999998,0.0,206.39999999999998,ISLAT,1,1997-03-13,1997-03-27,1997-03-21,3,16.37,UK,71,Flotemysost,4,21.5,0,4,Dairy Products,8.0,True,1997,1997-03
10474,14,18.6,12,0.0,223.20000000000002,0.0,223.20000000000002,PERIC,5,1997-03-13,1997-04-10,1997-03-21,2,83.49,Mexico,14,Tofu,7,23.25,0,7,Produce,8.0,True,1997,1997-03
10474,28,36.4,18,0.0,655.1999999999999,0.0,655.1999999999999,PERIC,5,1997-03-13,1997-04-10,1997-03-21,2,83.49,Mexico,28,Rössle Sauerkraut,7,45.6,1,7,Produce,8.0,True,1997,1997-03
10474,40,14.7,21,0.0,308.7,0.0,308.7,PERIC,5,1997-03-13,1997-04-10,1997-03-21,2,83.49,Mexico,40,Boston Crab Meat,8,18.4,0,8,Seafood,8.0,True,1997,1997-03
10474,75,6.2,10,0.0,62.0,0.0,62.0,PERIC,5,1997-03-13,1997-04-10,1997-03-21,2,83.49,Mexico,75,Rhönbräu Klosterbier,1,7.75,0,1,Beverages,8.0,True,1997,1997-03
10475,31,10.0,35,0.15,350.0,52.5,297.5,SUPRD,9,1997-03-14,1997-04-11,1997-04-04,1,68.52,Belgium,31,Gorgonzola Telino,4,12.5,0,4,Dairy Products,21.0,True,1997,1997-03
10475,66,13.6,60,0.15,816.0,122.39999999999999,693.6,SUPRD,9,1997-03-14,1997-04-11,1997-04-04,1,68.52,Belgium,66,Louisiana Hot Spiced Okra,2,17.0,0,2,Condiments,21.0,True,1997,1997-03
10475,76,14.4,42,0.15,604.8000000000001,90.72000000000001,514.08,SUPRD,9,1997-03-14,1997-04-11,1997-04-04,1,68.52,Belgium,76,Lakkalikööri,1,18.0,0,1,Beverages,21.0,True,1997,1997-03
10476,55,19.2,2,0.05,38.4,1.92,36.48,HILAA,8,1997-03-17,1997-04-14,1997-03-24,3,4.41,Venezuela,55,Pâté chinois,6,24.0,0,6,Meat/Poultry,7.0,True,1997,1997-03
10476,70,12.0,12,0.0,144.0,0.0,144.0,HILAA,8,1997-03-17,1997-04-14,1997-03-24,3,4.41,Venezuela,70,Outback Lager,1,15.0,0,1,Beverages,7.0,True,1997,1997-03
10477,1,14.4,15,0.0,216.0,0.0,216.0,PRINI,5,1997-03-17,1997-04-14,1997-03-25,2,13.02,Portugal,1,Chai,1,18.0,0,1,Beverages,8.0,True,1997,1997-03
10477,21,8.0,21,0.25,168.0,42.0,126.0,PRINI,5,1997-03-17,1997-04-14,1997-03-25,2,13.02,Portugal,21,Sir Rodney's Scones,3,10.0,0,3,Confections,8.0,True,1997,1997-03
10477,39,14.4,20,0.25,288.0,72.0,216.0,PRINI,5,1997-03-17,1997-04-14,1997-03-25,2,13.02,Portugal,39,Chartreuse verte,1,18.0,0,1,Beverages,8.0,True,1997,1997-03
10478,10,24.8,20,0.05,496.0,24.8,471.2,VICTE,2,1997-03-18,1997-04-01,1997-03-26,3,4.81,France,10,Ikura,8,31.0,0,8,Seafood,8.0,True,1997,1997-03
10479,38,210.8,30,0.0,6324.0,0.0,6324.0,RATTC,3,1997-03-19,1997-04-16,1997-03-21,3,708.95,USA,38,Côte de Blaye,1,263.5,0,1,Beverages,2.0,True,1997,1997-03
10479,53,26.2,28,0.0,733.6,0.0,733.6,RATTC,3,1997-03-19,1997-04-16,1997-03-21,3,708.95,USA,53,Perth Pasties,6,32.8,1,6,Meat/Poultry,2.0,True,1997,1997-03
10479,59,44.0,60,0.0,2640.0,0.0,2640.0,RATTC,3,1997-03-19,1997-04-16,1997-03-21,3,708.95,USA,59,Raclette Courdavault,4,55.0,0,4,Dairy Products,2.0,True,1997,1997-03
10479,64,26.6,30,0.0,798.0,0.0,798.0,RATTC,3,1997-03-19,1997-04-16,1997-03-21,3,708.95,USA,64,Wimmers gute Semmelknödel,5,33.25,0,5,Grains/Cereals,2.0,True,1997,1997-03
10480,47,7.6,30,0.0,228.0,0.0,228.0,FOLIG,6,1997-03-20,1997-04-17,1997-03-24,2,1.35,France,47,Zaanse koeken,3,9.5,0,3,Confections,4.0,True,1997,1997-03
10480,59,44.0,12,0.0,528.0,0.0,528.0,FOLIG,6,1997-03-20,1997-04-17,1997-03-24,2,1.35,France,59,Raclette Courdavault,4,55.0,0,4,Dairy Products,4.0,True,1997,1997-03
10481,49,16.0,24,0.0,384.0,0.0,384.0,RICAR,8,1997-03-20,1997-04-17,1997-03-25,2,64.33,Brazil,49,Maxilaku,3,20.0,0,3,Confections,5.0,True,1997,1997-03
10481,60,27.2,40,0.0,1088.0,0.0,1088.0,RICAR,8,1997-03-20,1997-04-17,1997-03-25,2,64.33,Brazil,60,Camembert Pierrot,4,34.0,0,4,Dairy Products,5.0,True,1997,1997-03
10482,40,14.7,10,0.0,147.0,0.0,147.0,LAZYK,1,1997-03-21,1997-04-18,1997-04-10,3,7.48,USA,40,Boston Crab Meat,8,18.4,0,8,Seafood,20.0,True,1997,1997-03
10483,34,11.2,35,0.05,392.0,19.6,372.4,WHITC,7,1997-03-24,1997-04-21,1997-04-25,2,15.28,USA,34,Sasquatch Ale,1,14.0,0,1,Beverages,32.0,False,1997,1997-03
10483,77,10.4,30,0.05,312.0,15.600000000000001,296.4,WHITC,7,1997-03-24,1997-04-21,1997-04-25,2,15.28,USA,77,Original Frankfurter grüne Soße,2,13.0,0,2,Condiments,32.0,False,1997,1997-03
10484,21,8.0,14,0.0,112.0,0.0,112.0,BSBEV,3,1997-03-24,1997-04-21,1997-04-01,3,6.88,UK,21,Sir Rodney's Scones,3,10.0,0,3,Confections,8.0,True,1997,1997-03
10484,40,14.7,10,0.0,147.0,0.0,147.0,BSBEV,3,1997-03-24,1997-04-21,1997-04-01,3,6.88,UK,40,Boston Crab Meat,8,18.4,0,8,Seafood,8.0,True,1997,1997-03
10484,51,42.4,3,0.0,127.19999999999999,0.0,127.19999999999999,BSBEV,3,1997-03-24,1997-04-21,1997-04-01,3,6.88,UK,51,Manjimup Dried Apples,7,53.0,0,7,Produce,8.0,True,1997,1997-03
10485,2,15.2,20,0.1,304.0,30.400000000000002,273.6,LINOD,4,1997-03-25,1997-04-08,1997-03-31,2,64.45,Venezuela,2,Chang,1,19.0,0,1,Beverages,6.0,True,1997,1997-03
10485,3,8.0,20,0.1,160.0,16.0,144.0,LINOD,4,1997-03-25,1997-04-08,1997-03-31,2,64.45,Venezuela,3,Aniseed Syrup,2,10.0,0,2,Condiments,6.0,True,1997,1997-03
10485,55,19.2,30,0.1,576.0,57.6,518.4,LINOD,4,1997-03-25,1997-04-08,1997-03-31,2,64.45,Venezuela,55,Pâté chinois,6,24.0,0,6,Meat/Poultry,6.0,True,1997,1997-03
10485,70,12.0,60,0.1,720.0,72.0,648.0,LINOD,4,1997-03-25,1997-04-08,1997-03-31,2,64.45,Venezuela,70,Outback Lager,1,15.0,0,1,Beverages,6.0,True,1997,1997-03
10486,11,16.8,5,0.0,84.0,0.0,84.0,HILAA,1,1997-03-26,1997-04-23,1997-04-02,2,30.53,Venezuela,11,Queso Cabrales,4,21.0,0,4,Dairy Products,7.0,True,1997,1997-03
10486,51,42.4,25,0.0,1060.0,0.0,1060.0,HILAA,1,1997-03-26,1997-04-23,1997-04-02,2,30.53,Venezuela,51,Manjimup Dried Apples,7,53.0,0,7,Produce,7.0,True,1997,1997-03
10486,74,8.0,16,0.0,128.0,0.0,128.0,HILAA,1,1997-03-26,1997-04-23,1997-04-02,2,30.53,Venezuela,74,Longlife Tofu,7,10.0,0,7,Produce,7.0,True,1997,1997-03
10487,19,7.3,5,0.0,36.5,0.0,36.5,QUEEN,2,1997-03-26,1997-04-23,1997-03-28,2,71.07,Brazil,19,Teatime Chocolate Biscuits,3,9.2,0,3,Confections,2.0,True,1997,1997-03
10487,26,24.9,30,0.0,747.0,0.0,747.0,QUEEN,2,1997-03-26,1997-04-23,1997-03-28,2,71.07,Brazil,26,Gumbär Gummibärchen,3,31.23,0,3,Confections,2.0,True,1997,1997-03
10487,54,5.9,24,0.25,141.60000000000002,35.400000000000006,106.20000000000002,QUEEN,2,1997-03-26,1997-04-23,1997-03-28,2,71.07,Brazil,54,Tourtière,6,7.45,0,6,Meat/Poultry,2.0,True,1997,1997-03
10488,59,44.0,30,0.0,1320.0,0.0,1320.0,FRANK,8,1997-03-27,1997-04-24,1997-04-02,2,4.93,Germany,59,Raclette Courdavault,4,55.0,0,4,Dairy Products,6.0,True,1997,1997-03
10488,73,12.0,20,0.2,240.0,48.0,192.0,FRANK,8,1997-03-27,1997-04-24,1997-04-02,2,4.93,Germany,73,Röd Kaviar,8,15.0,0,8,Seafood,6.0,True,1997,1997-03
10489,11,16.8,15,0.25,252.0,63.0,189.0,PICCO,6,1997-03-28,1997-04-25,1997-04-09,2,5.29,Austria,11,Queso Cabrales,4,21.0,0,4,Dairy Products,12.0,True,1997,1997-03
10489,16,13.9,18,0.0,250.20000000000002,0.0,250.20000000000002,PICCO,6,1997-03-28,1997-04-25,1997-04-09,2,5.29,Austria,16,Pavlova,3,17.45,0,3,Confections,12.0,True,1997,1997-03
10490,59,44.0,60,0.0,2640.0,0.0,2640.0,HILAA,7,1997-03-31,1997-04-28,1997-04-03,2,210.19,Venezuela,59,Raclette Courdavault,4,55.0,0,4,Dairy Products,3.0,True,1997,1997-03
10490,68,10.0,30,0.0,300.0,0.0,300.0,HILAA,7,1997-03-31,1997-04-28,1997-04-03,2,210.19,Venezuela,68,Scottish Longbreads,3,12.5,0,3,Confections,3.0,True,1997,1997-03
10490,75,6.2,36,0.0,223.20000000000002,0.0,223.20000000000002,HILAA,7,1997-03-31,1997-04-28,1997-04-03,2,210.19,Venezuela,75,Rhönbräu Klosterbier,1,7.75,0,1,Beverages,3.0,True,1997,1997-03
10491,44,15.5,15,0.15,232.5,34.875,197.625,FURIB,8,1997-03-31,1997-04-28,1997-04-08,3,16.96,Portugal,44,Gula Malacca,2,19.45,0,2,Condiments,8.0,True,1997,1997-03
10491,77,10.4,7,0.15,72.8,10.92,61.879999999999995,FURIB,8,1997-03-31,1997-04-28,1997-04-08,3,16.96,Portugal,77,Original Frankfurter grüne Soße,2,13.0,0,2,Condiments,8.0,True,1997,1997-03
10492,25,11.2,60,0.05,672.0,33.6,638.4,BOTTM,3,1997-04-01,1997-04-29,1997-04-11,1,62.89,Canada,25,NuNuCa Nuß-Nougat-Creme,3,14.0,0,3,Confections,10.0,True,1997,1997-04
10492,42,11.2,20,0.05,224.0,11.200000000000001,212.8,BOTTM,3,1997-04-01,1997-04-29,1997-04-11,1,62.89,Canada,42,Singaporean Hokkien Fried Mee,5,14.0,1,5,Grains/Cereals,10.0,True,1997,1997-04
10493,65,16.8,15,0.1,252.0,25.200000000000003,226.8,LAMAI,4,1997-04-02,1997-04-30,1997-04-10,3,10.64,France,65,Louisiana Fiery Hot Pepper Sauce,2,21.05,0,2,Condiments,8.0,True,1997,1997-04
10493,66,13.6,10,0.1,136.0,13.600000000000001,122.4,LAMAI,4,1997-04-02,1997-04-30,1997-04-10,3,10.64,France,66,Louisiana Hot Spiced Okra,2,17.0,0,2,Condiments,8.0,True,1997,1997-04
10493,69,28.8,10,0.1,288.0,28.8,259.2,LAMAI,4,1997-04-02,1997-04-30,1997-04-10,3,10.64,France,69,Gudbrandsdalsost,4,36.0,0,4,Dairy Products,8.0,True,1997,1997-04
10494,56,30.4,30,0.0,912.0,0.0,912.0,COMMI,4,1997-04-02,1997-04-30,1997-04-09,2,65.99,Brazil,56,Gnocchi di nonna Alice,5,38.0,0,5,Grains/Cereals,7.0,True,1997,1997-04
10495,23,7.2,10,0.0,72.0,0.0,72.0,LAUGB,3,1997-04-03,1997-05-01,1997-04-11,3,4.65,Canada,23,Tunnbröd,5,9.0,0,5,Grains/Cereals,8.0,True,1997,1997-04
10495,41,7.7,20,0.0,154.0,0.0,154.0,LAUGB,3,1997-04-03,1997-05-01,1997-04-11,3,4.65,Canada,41,Jack's New England Clam Chowder,8,9.65,0,8,Seafood,8.0,True,1997,1997-04
10495,77,10.4,5,0.0,52.0,0.0,52.0,LAUGB,3,1997-04-03,1997-05-01,1997-04-11,3,4.65,Canada,77,Original Frankfurter grüne Soße,2,13.0,0,2,Condiments,8.0,True,1997,1997-04
10496,31,10.0,20,0.05,200.0,10.0,190.0,TRADH,7,1997-04-04,1997-05-02,1997-04-07,2,46.77,Brazil,31,Gorgonzola Telino,4,12.5,0,4,Dairy Products,3.0,True,1997,1997-04
10497,56,30.4,14,0.0,425.59999999999997,0.0,425.59999999999997,LEHMS,7,1997-04-04,1997-05-02,1997-04-07,1,36.21,Germany,56,Gnocchi di nonna Alice,5,38.0,0,5,Grains/Cereals,3.0,True,1997,1997-04
10497,72,27.8,25,0.0,695.0,0.0,695.0,LEHMS,7,1997-04-04,1997-05-02,1997-04-07,1,36.21,Germany,72,Mozzarella di Giovanni,4,34.8,0,4,Dairy Products,3.0,True,1997,1997-04
10497,77,10.4,25,0.0,260.0,0.0,260.0,LEHMS,7,1997-04-04,1997-05-02,1997-04-07,1,36.21,Germany,77,Original Frankfurter grüne Soße,2,13.0,0,2,Condiments,3.0,True,1997,1997-04
10498,24,4.5,14,0.0,63.0,0.0,63.0,HILAA,8,1997-04-07,1997-05-05,1997-04-11,2,29.75,Venezuela,24,Guaraná Fantástica,1,4.5,1,1,Beverages,4.0,True,1997,1997-04
10498,40,18.4,5,0.0,92.0,0.0,92.0,HILAA,8,1997-04-07,1997-05-05,1997-04-11,2,29.75,Venezuela,40,Boston Crab Meat,8,18.4,0,8,Seafood,4.0,True,1997,1997-04
10498,42,14.0,30,0.0,420.0,0.0,420.0,HILAA,8,1997-04-07,1997-05-05,1997-04-11,2,29.75,Venezuela,42,Singaporean Hokkien Fried Mee,5,14.0,1,5,Grains/Cereals,4.0,True,1997,1997-04
10499,28,45.6,20,0.0,912.0,0.0,912.0,LILAS,4,1997-04-08,1997-05-06,1997-04-16,2,102.02,Venezuela,28,Rössle Sauerkraut,7,45.6,1,7,Produce,8.0,True,1997,1997-04
10499,49,20.0,25,0.0,500.0,0.0,500.0,LILAS,4,1997-04-08,1997-05-06,1997-04-16,2,102.02,Venezuela,49,Maxilaku,3,20.0,0,3,Confections,8.0,True,1997,1997-04
10500,15,15.5,12,0.05,186.0,9.3,176.7,LAMAI,6,1997-04-09,1997-05-07,1997-04-17,1,42.68,France,15,Genen Shouyu,2,15.5,0,2,Condiments,8.0,True,1997,1997-04
10500,28,45.6,8,0.05,364.8,18.240000000000002,346.56,LAMAI,6,1997-04-09,1997-05-07,1997-04-17,1,42.68,France,28,Rössle Sauerkraut,7,45.6,1,7,Produce,8.0,True,1997,1997-04
10501,54,7.45,20,0.0,149.0,0.0,149.0,BLAUS,9,1997-04-09,1997-05-07,1997-04-16,3,8.85,Germany,54,Tourtière,6,7.45,0,6,Meat/Poultry,7.0,True,1997,1997-04
10502,45,9.5,21,0.0,199.5,0.0,199.5,PERIC,2,1997-04-10,1997-05-08,1997-04-29,1,69.32,Mexico,45,Rogede sild,8,9.5,0,8,Seafood,19.0,True,1997,1997-04
10502,53,32.8,6,0.0,196.79999999999998,0.0,196.79999999999998,PERIC,2,1997-04-10,1997-05-08,1997-04-29,1,69.32,Mexico,53,Perth Pasties,6,32.8,1,6,Meat/Poultry,19.0,True,1997,1997-04
10502,67,14.0,30,0.0,420.0,0.0,420.0,PERIC,2,1997-04-10,1997-05-08,1997-04-29,1,69.32,Mexico,67,Laughing Lumberjack Lager,1,14.0,0,1,Beverages,19.0,True,1997,1997-04
10503,14,23.25,70,0.0,1627.5,0.0,1627.5,HUNGO,6,1997-04-11,1997-05-09,1997-04-16,2,16.74,Ireland,14,Tofu,7,23.25,0,7,Produce,5.0,True,1997,1997-04
10503,65,21.05,20,0.0,421.0,0.0,421.0,HUNGO,6,1997-04-11,1997-05-09,1997-04-16,2,16.74,Ireland,65,Louisiana Fiery Hot Pepper Sauce,2,21.05,0,2,Condiments,5.0,True,1997,1997-04
10504,2,19.0,12,0.0,228.0,0.0,228.0,WHITC,4,1997-04-11,1997-05-09,1997-04-18,3,59.13,USA,2,Chang,1,19.0,0,1,Beverages,7.0,True,1997,1997-04
10504,21,10.0,12,0.0,120.0,0.0,120.0,WHITC,4,1997-04-11,1997-05-09,1997-04-18,3,59.13,USA,21,Sir Rodney's Scones,3,10.0,0,3,Confections,7.0,True,1997,1997-04
10504,53,32.8,10,0.0,328.0,0.0,328.0,WHITC,4,1997-04-11,1997-05-09,1997-04-18,3,59.13,USA,53,Perth Pasties,6,32.8,1,6,Meat/Poultry,7.0,True,1997,1997-04
10504,61,28.5,25,0.0,712.5,0.0,712.5,WHITC,4,1997-04-11,1997-05-09,1997-04-18,3,59.13,USA,61,Sirop d'érable,2,28.5,0,2,Condiments,7.0,True,1997,1997-04
10505,62,49.3,3,0.0,147.89999999999998,0.0,147.89999999999998,MEREP,3,1997-04-14,1997-05-12,1997-04-21,3,7.13,Canada,62,Tarte au sucre,3,49.3,0,3,Confections,7.0,True,1997,1997-04
10506,25,14.0,18,0.1,252.0,25.200000000000003,226.8,KOENE,9,1997-04-15,1997-05-13,1997-05-02,2,21.19,Germany,25,NuNuCa Nuß-Nougat-Creme,3,14.0,0,3,Confections,17.0,True,1997,1997-04
10506,70,15.0,14,0.1,210.0,21.0,189.0,KOENE,9,1997-04-15,1997-05-13,1997-05-02,2,21.19,Germany,70,Outback Lager,1,15.0,0,1,Beverages,17.0,True,1997,1997-04
10507,43,46.0,15,0.15,690.0,103.5,586.5,ANTON,7,1997-04-15,1997-05-13,1997-04-22,1,47.45,Mexico,43,Ipoh Coffee,1,46.0,0,1,Beverages,7.0,True,1997,1997-04
10507,48,12.75,15,0.15,191.25,28.6875,162.5625,ANTON,7,1997-04-15,1997-05-13,1997-04-22,1,47.45,Mexico,48,Chocolade,3,12.75,0,3,Confections,7.0,True,1997,1997-04
10508,13,6.0,10,0.0,60.0,0.0,60.0,OTTIK,1,1997-04-16,1997-05-14,1997-05-13,2,4.99,Germany,13,Konbu,8,6.0,0,8,Seafood,27.0,True,1997,1997-04
10508,39,18.0,10,0.0,180.0,0.0,180.0,OTTIK,1,1997-04-16,1997-05-14,1997-05-13,2,4.99,Germany,39,Chartreuse verte,1,18.0,0,1,Beverages,27.0,True,1997,1997-04
10509,28,45.6,3,0.0,136.8,0.0,136.8,BLAUS,4,1997-04-17,1997-05-15,1997-04-29,1,0.15,Germany,28,Rössle Sauerkraut,7,45.6,1,7,Produce,12.0,True,1997,1997-04
10510,29,123.79,36,0.0,4456.4400000000005,0.0,4456.4400000000005,SAVEA,6,1997-04-18,1997-05-16,1997-04-28,3,367.63,USA,29,Thüringer Rostbratwurst,6,123.79,1,6,Meat/Poultry,10.0,True,1997,1997-04
10510,75,7.75,36,0.1,279.0,27.900000000000002,251.1,SAVEA,6,1997-04-18,1997-05-16,1997-04-28,3,367.63,USA,75,Rhönbräu Klosterbier,1,7.75,0,1,Beverages,10.0,True,1997,1997-04
10511,4,22.0,50,0.15,1100.0,165.0,935.0,BONAP,4,1997-04-18,1997-05-16,1997-04-21,3,350.64,France,4,Chef Anton's Cajun Seasoning,2,22.0,0,2,Condiments,3.0,True,1997,1997-04
10511,7,30.0,50,0.15,1500.0,225.0,1275.0,BONAP,4,1997-04-18,1997-05-16,1997-04-21,3,350.64,France,7,Uncle Bob's Organic Dried Pears,7,30.0,0,7,Produce,3.0,True,1997,1997-04
10511,8,40.0,10,0.15,400.0,60.0,340.0,BONAP,4,1997-04-18,1997-05-16,1997-04-21,3,350.64,France,8,Northwoods Cranberry Sauce,2,40.0,0,2,Condiments,3.0,True,1997,1997-04
10512,24,4.5,10,0.15,45.0,6.75,38.25,FAMIA,7,1997-04-21,1997-05-19,1997-04-24,2,3.53,Brazil,24,Guaraná Fantástica,1,4.5,1,1,Beverages,3.0,True,1997,1997-04
10512,46,12.0,9,0.15,108.0,16.2,91.8,FAMIA,7,1997-04-21,1997-05-19,1997-04-24,2,3.53,Brazil,46,Spegesild,8,12.0,0,8,Seafood,3.0,True,1997,1997-04
10512,47,9.5,6,0.15,57.0,8.549999999999999,48.45,FAMIA,7,1997-04-21,1997-05-19,1997-04-24,2,3.53,Brazil,47,Zaanse koeken,3,9.5,0,3,Confections,3.0,True,1997,1997-04
10512,60,34.0,12,0.15,408.0,61.199999999999996,346.8,FAMIA,7,1997-04-21,1997-05-19,1997-04-24,2,3.53,Brazil,60,Camembert Pierrot,4,34.0,0,4,Dairy Products,3.0,True,1997,1997-04
10513,21,10.0,40,0.2,400.0,80.0,320.0,WANDK,7,1997-04-22,1997-06-03,1997-04-28,1,105.65,Germany,21,Sir Rodney's Scones,3,10.0,0,3,Confections,6.0,True,1997,1997-04
10513,32,32.0,50,0.2,1600.0,320.0,1280.0,WANDK,7,1997-04-22,1997-06-03,1997-04-28,1,105.65,Germany,32,Mascarpone Fabioli,4,32.0,0,4,Dairy Products,6.0,True,1997,1997-04
10513,61,28.5,15,0.2,427.5,85.5,342.0,WANDK,7,1997-04-22,1997-06-03,1997-04-28,1,105.65,Germany,61,Sirop d'érable,2,28.5,0,2,Condiments,6.0,True,1997,1997-04
10514,20,81.0,39,0.0,3159.0,0.0,3159.0,ERNSH,3,1997-04-22,1997-05-20,1997-05-16,2,789.95,Austria,20,Sir Rodney's Marmalade,3,81.0,0,3,Confections,24.0,True,1997,1997-04
10514,28,45.6,35,0.0,1596.0,0.0,1596.0,ERNSH,3,1997-04-22,1997-05-20,1997-05-16,2,789.95,Austria,28,Rössle Sauerkraut,7,45.6,1,7,Produce,24.0,True,1997,1997-04
10514,56,38.0,70,0.0,2660.0,0.0,2660.0,ERNSH,3,1997-04-22,1997-05-20,1997-05-16,2,789.95,Austria,56,Gnocchi di nonna Alice,5,38.0,0,5,Grains/Cereals,24.0,True,1997,1997-04
10514,65,21.05,39,0.0,820.95,0.0,820.95,ERNSH,3,1997-04-22,1997-05-20,1997-05-16,2,789.95,Austria,65,Louisiana Fiery Hot Pepper Sauce,2,21.05,0,2,Condiments,24.0,True,1997,1997-04
10514,75,7.75,50,0.0,387.5,0.0,387.5,ERNSH,3,1997-04-22,1997-05-20,1997-05-16,2,789.95,Austria,75,Rhönbräu Klosterbier,1,7.75,0,1,Beverages,24.0,True,1997,1997-04
10515,9,97.0,16,0.15,1552.0,232.79999999999998,1319.2,QUICK,2,1997-04-23,1997-05-07,1997-05-23,1,204.47,Germany,9,Mishi Kobe Niku,6,97.0,1,6,Meat/Poultry,30.0,False,1997,1997-04
10515,16,17.45,50,0.0,872.5,0.0,872.5,QUICK,2,1997-04-23,1997-05-07,1997-05-23,1,204.47,Germany,16,Pavlova,3,17.45,0,3,Confections,30.0,False,1997,1997-04
10515,27,43.9,120,0.0,5268.0,0.0,5268.0,QUICK,2,1997-04-23,1997-05-07,1997-05-23,1,204.47,Germany,27,Schoggi Schokolade,3,43.9,0,3,Confections,30.0,False,1997,1997-04
10515,33,2.5,16,0.15,40.0,6.0,34.0,QUICK,2,1997-04-23,1997-05-07,1997-05-23,1,204.47,Germany,33,Geitost,4,2.5,0,4,Dairy Products,30.0,False,1997,1997-04
10515,60,34.0,84,0.15,2856.0,428.4,2427.6,QUICK,2,1997-04-23,1997-05-07,1997-05-23,1,204.47,Germany,60,Camembert Pierrot,4,34.0,0,4,Dairy Products,30.0,False,1997,1997-04
10516,18,62.5,25,0.1,1562.5,156.25,1406.25,HUNGO,2,1997-04-24,1997-05-22,1997-05-01,3,62.78,Ireland,18,Carnarvon Tigers,8,62.5,0,8,Seafood,7.0,True,1997,1997-04
10516,41,9.65,80,0.1,772.0,77.2,694.8,HUNGO,2,1997-04-24,1997-05-22,1997-05-01,3,62.78,Ireland,41,Jack's New England Clam Chowder,8,9.65,0,8,Seafood,7.0,True,1997,1997-04
10516,42,14.0,20,0.0,280.0,0.0,280.0,HUNGO,2,1997-04-24,1997-05-22,1997-05-01,3,62.78,Ireland,42,Singaporean Hokkien Fried Mee,5,14.0,1,5,Grains/Cereals,7.0,True,1997,1997-04
10517,52,7.0,6,0.0,42.0,0.0,42.0,NORTS,3,1997-04-24,1997-05-22,1997-04-29,3,32.07,UK,52,Filo Mix,5,7.0,0,5,Grains/Cereals,5.0,True,1997,1997-04
10517,59,55.0,4,0.0,220.0,0.0,220.0,NORTS,3,1997-04-24,1997-05-22,1997-04-29,3,32.07,UK,59,Raclette Courdavault,4,55.0,0,4,Dairy Products,5.0,True,1997,1997-04
10517,70,15.0,6,0.0,90.0,0.0,90.0,NORTS,3,1997-04-24,1997-05-22,1997-04-29,3,32.07,UK,70,Outback Lager,1,15.0,0,1,Beverages,5.0,True,1997,1997-04
10518,24,4.5,5,0.0,22.5,0.0,22.5,TORTU,4,1997-04-25,1997-05-09,1997-05-05,2,218.15,Mexico,24,Guaraná Fantástica,1,4.5,1,1,Beverages,10.0,True,1997,1997-04
10518,38,263.5,15,0.0,3952.5,0.0,3952.5,TORTU,4,1997-04-25,1997-05-09,1997-05-05,2,218.15,Mexico,38,Côte de Blaye,1,263.5,0,1,Beverages,10.0,True,1997,1997-04
10518,44,19.45,9,0.0,175.04999999999998,0.0,175.04999999999998,TORTU,4,1997-04-25,1997-05-09,1997-05-05,2,218.15,Mexico,44,Gula Malacca,2,19.45,0,2,Condiments,10.0,True,1997,1997-04
10519,10,31.0,16,0.05,496.0,24.8,471.2,CHOPS,6,1997-04-28,1997-05-26,1997-05-01,3,91.76,Switzerland,10,Ikura,8,31.0,0,8,Seafood,3.0,True,1997,1997-04
10519,56,38.0,40,0.0,1520.0,0.0,1520.0,CHOPS,6,1997-04-28,1997-05-26,1997-05-01,3,91.76,Switzerland,56,Gnocchi di nonna Alice,5,38.0,0,5,Grains/Cereals,3.0,True,1997,1997-04
10519,60,34.0,10,0.05,340.0,17.0,323.0,CHOPS,6,1997-04-28,1997-05-26,1997-05-01,3,91.76,Switzerland,60,Camembert Pierrot,4,34.0,0,4,Dairy Products,3.0,True,1997,1997-04
10520,24,4.5,8,0.0,36.0,0.0,36.0,SANTG,7,1997-04-29,1997-05-27,1997-05-01,1,13.37,Norway,24,Guaraná Fantástica,1,4.5,1,1,Beverages,2.0,True,1997,1997-04
10520,53,32.8,5,0.0,164.0,0.0,164.0,SANTG,7,1997-04-29,1997-05-27,1997-05-01,1,13.37,Norway,53,Perth Pasties,6,32.8,1,6,Meat/Poultry,2.0,True,1997,1997-04
10521,35,18.0,3,0.0,54.0,0.0,54.0,CACTU,8,1997-04-29,1997-05-27,1997-05-02,2,17.22,Argentina,35,Steeleye Stout,1,18.0,0,1,Beverages,3.0,True,1997,1997-04
10521,41,9.65,10,0.0,96.5,0.0,96.5,CACTU,8,1997-04-29,1997-05-27,1997-05-02,2,17.22,Argentina,41,Jack's New England Clam Chowder,8,9.65,0,8,Seafood,3.0,True,1997,1997-04
10521,68,12.5,6,0.0,75.0,0.0,75.0,CACTU,8,1997-04-29,1997-05-27,1997-05-02,2,17.22,Argentina,68,Scottish Longbreads,3,12.5,0,3,Confections,3.0,True,1997,1997-04
10522,1,18.0,40,0.2,720.0,144.0,576.0,LEHMS,4,1997-04-30,1997-05-28,1997-05-06,1,45.33,Germany,1,Chai,1,18.0,0,1,Beverages,6.0,True,1997,1997-04
10522,8,40.0,24,0.0,960.0,0.0,960.0,LEHMS,4,1997-04-30,1997-05-28,1997-05-06,1,45.33,Germany,8,Northwoods Cranberry Sauce,2,40.0,0,2,Condiments,6.0,True,1997,1997-04
10522,30,25.89,20,0.2,517.8,103.56,414.23999999999995,LEHMS,4,1997-04-30,1997-05-28,1997-05-06,1,45.33,Germany,30,Nord-Ost Matjeshering,8,25.89,0,8,Seafood,6.0,True,1997,1997-04
10522,40,18.4,25,0.2,459.99999999999994,92.0,367.99999999999994,LEHMS,4,1997-04-30,1997-05-28,1997-05-06,1,45.33,Germany,40,Boston Crab Meat,8,18.4,0,8,Seafood,6.0,True,1997,1997-04
10523,17,39.0,25,0.1,975.0,97.5,877.5,SEVES,7,1997-05-01,1997-05-29,1997-05-30,2,77.63,UK,17,Alice Mutton,6,39.0,1,6,Meat/Poultry,29.0,False,1997,1997-05
10523,20,81.0,15,0.1,1215.0,121.5,1093.5,SEVES,7,1997-05-01,1997-05-29,1997-05-30,2,77.63,UK,20,Sir Rodney's Marmalade,3,81.0,0,3,Confections,29.0,False,1997,1997-05
10523,37,26.0,18,0.1,468.0,46.800000000000004,421.2,SEVES,7,1997-05-01,1997-05-29,1997-05-30,2,77.63,UK,37,Gravad lax,8,26.0,0,8,Seafood,29.0,False,1997,1997-05
10523,41,9.65,6,0.1,57.900000000000006,5.790000000000001,52.11000000000001,SEVES,7,1997-05-01,1997-05-29,1997-05-30,2,77.63,UK,41,Jack's New England Clam Chowder,8,9.65,0,8,Seafood,29.0,False,1997,1997-05
10524,10,31.0,2,0.0,62.0,0.0,62.0,BERGS,1,1997-05-01,1997-05-29,1997-05-07,2,244.79,Sweden,10,Ikura,8,31.0,0,8,Seafood,6.0,True,1997,1997-05
10524,30,25.89,10,0.0,258.9,0.0,258.9,BERGS,1,1997-05-01,1997-05-29,1997-05-07,2,244.79,Sweden,30,Nord-Ost Matjeshering,8,25.89,0,8,Seafood,6.0,True,1997,1997-05
10524,43,46.0,60,0.0,2760.0,0.0,2760.0,BERGS,1,1997-05-01,1997-05-29,1997-05-07,2,244.79,Sweden,43,Ipoh Coffee,1,46.0,0,1,Beverages,6.0,True,1997,1997-05
10524,54,7.45,15,0.0,111.75,0.0,111.75,BERGS,1,1997-05-01,1997-05-29,1997-05-07,2,244.79,Sweden,54,Tourtière,6,7.45,0,6,Meat/Poultry,6.0,True,1997,1997-05
10525,36,19.0,30,0.0,570.0,0.0,570.0,BONAP,1,1997-05-02,1997-05-30,1997-05-23,2,11.06,France,36,Inlagd Sill,8,19.0,0,8,Seafood,21.0,True,1997,1997-05
10525,40,18.4,15,0.1,276.0,27.6,248.4,BONAP,1,1997-05-02,1997-05-30,1997-05-23,2,11.06,France,40,Boston Crab Meat,8,18.4,0,8,Seafood,21.0,True,1997,1997-05
10526,1,18.0,8,0.15,144.0,21.599999999999998,122.4,WARTH,4,1997-05-05,1997-06-02,1997-05-15,2,58.59,Finland,1,Chai,1,18.0,0,1,Beverages,10.0,True,1997,1997-05
10526,13,6.0,10,0.0,60.0,0.0,60.0,WARTH,4,1997-05-05,1997-06-02,1997-05-15,2,58.59,Finland,13,Konbu,8,6.0,0,8,Seafood,10.0,True,1997,1997-05
10526,56,38.0,30,0.15,1140.0,171.0,969.0,WARTH,4,1997-05-05,1997-06-02,1997-05-15,2,58.59,Finland,56,Gnocchi di nonna Alice,5,38.0,0,5,Grains/Cereals,10.0,True,1997,1997-05
10527,4,22.0,50,0.1,1100.0,110.0,990.0,QUICK,7,1997-05-05,1997-06-02,1997-05-07,1,41.9,Germany,4,Chef Anton's Cajun Seasoning,2,22.0,0,2,Condiments,2.0,True,1997,1997-05
10527,36,19.0,30,0.1,570.0,57.0,513.0,QUICK,7,1997-05-05,1997-06-02,1997-05-07,1,41.9,Germany,36,Inlagd Sill,8,19.0,0,8,Seafood,2.0,True,1997,1997-05
10528,11,21.0,3,0.0,63.0,0.0,63.0,GREAL,6,1997-05-06,1997-05-20,1997-05-09,2,3.35,USA,11,Queso Cabrales,4,21.0,0,4,Dairy Products,3.0,True,1997,1997-05
10528,33,2.5,8,0.2,20.0,4.0,16.0,GREAL,6,1997-05-06,1997-05-20,1997-05-09,2,3.35,USA,33,Geitost,4,2.5,0,4,Dairy Products,3.0,True,1997,1997-05
10528,72,34.8,9,0.0,313.2,0.0,313.2,GREAL,6,1997-05-06,1997-05-20,1997-05-09,2,3.35,USA,72,Mozzarella di Giovanni,4,34.8,0,4,Dairy Products,3.0,True,1997,1997-05
10529,55,24.0,14,0.0,336.0,0.0,336.0,MAISD,5,1997-05-07,1997-06-04,1997-05-09,2,66.69,Belgium,55,Pâté chinois,6,24.0,0,6,Meat/Poultry,2.0,True,1997,1997-05
10529,68,12.5,20,0.0,250.0,0.0,250.0,MAISD,5,1997-05-07,1997-06-04,1997-05-09,2,66.69,Belgium,68,Scottish Longbreads,3,12.5,0,3,Confections,2.0,True,1997,1997-05
10529,69,36.0,10,0.0,360.0,0.0,360.0,MAISD,5,1997-05-07,1997-06-04,1997-05-09,2,66.69,Belgium,69,Gudbrandsdalsost,4,36.0,0,4,Dairy Products,2.0,True,1997,1997-05
10530,17,39.0,40,0.0,1560.0,0.0,1560.0,PICCO,3,1997-05-08,1997-06-05,1997-05-12,2,339.22,Austria,17,Alice Mutton,6,39.0,1,6,Meat/Poultry,4.0,True,1997,1997-05
10530,43,46.0,25,0.0,1150.0,0.0,1150.0,PICCO,3,1997-05-08,1997-06-05,1997-05-12,2,339.22,Austria,43,Ipoh Coffee,1,46.0,0,1,Beverages,4.0,True,1997,1997-05
10530,61,28.5,20,0.0,570.0,0.0,570.0,PICCO,3,1997-05-08,1997-06-05,1997-05-12,2,339.22,Austria,61,Sirop d'érable,2,28.5,0,2,Condiments,4.0,True,1997,1997-05
10530,76,18.0,50,0.0,900.0,0.0,900.0,PICCO,3,1997-05-08,1997-06-05,1997-05-12,2,339.22,Austria,76,Lakkalikööri,1,18.0,0,1,Beverages,4.0,True,1997,1997-05
10531,59,55.0,2,0.0,110.0,0.0,110.0,OCEAN,7,1997-05-08,1997-06-05,1997-05-19,1,8.12,Argentina,59,Raclette Courdavault,4,55.0,0,4,Dairy Products,11.0,True,1997,1997-05
10532,30,25.89,15,0.0,388.35,0.0,388.35,EASTC,7,1997-05-09,1997-06-06,1997-05-12,3,74.46,UK,30,Nord-Ost Matjeshering,8,25.89,0,8,Seafood,3.0,True,1997,1997-05
10532,66,17.0,24,0.0,408.0,0.0,408.0,EASTC,7,1997-05-09,1997-06-06,1997-05-12,3,74.46,UK,66,Louisiana Hot Spiced Okra,2,17.0,0,2,Condiments,3.0,True,1997,1997-05
10533,4,22.0,50,0.05,1100.0,55.0,1045.0,FOLKO,8,1997-05-12,1997-06-09,1997-05-22,1,188.04,Sweden,4,Chef Anton's Cajun Seasoning,2,22.0,0,2,Condiments,10.0,True,1997,1997-05
10533,72,34.8,24,0.0,835.1999999999999,0.0,835.1999999999999,FOLKO,8,1997-05-12,1997-06-09,1997-05-22,1,188.04,Sweden,72,Mozzarella di Giovanni,4,34.8,0,4,Dairy Products,10.0,True,1997,1997-05
10533,73,15.0,24,0.05,360.0,18.0,342.0,FOLKO,8,1997-05-12,1997-06-09,1997-05-22,1,188.04,Sweden,73,Röd Kaviar,8,15.0,0,8,Seafood,10.0,True,1997,1997-05
10534,30,25.89,10,0.0,258.9,0.0,258.9,LEHMS,8,1997-05-12,1997-06-09,1997-05-14,2,27.94,Germany,30,Nord-Ost Matjeshering,8,25.89,0,8,Seafood,2.0,True,1997,1997-05
10534,40,18.4,10,0.2,184.0,36.800000000000004,147.2,LEHMS,8,1997-05-12,1997-06-09,1997-05-14,2,27.94,Germany,40,Boston Crab Meat,8,18.4,0,8,Seafood,2.0,True,1997,1997-05
10534,54,7.45,10,0.2,74.5,14.9,59.6,LEHMS,8,1997-05-12,1997-06-09,1997-05-14,2,27.94,Germany,54,Tourtière,6,7.45,0,6,Meat/Poultry,2.0,True,1997,1997-05
10535,11,21.0,50,0.1,1050.0,105.0,945.0,ANTON,4,1997-05-13,1997-06-10,1997-05-21,1,15.64,Mexico,11,Queso Cabrales,4,21.0,0,4,Dairy Products,8.0,True,1997,1997-05
10535,40,18.4,10,0.1,184.0,18.400000000000002,165.6,ANTON,4,1997-05-13,1997-06-10,1997-05-21,1,15.64,Mexico,40,Boston Crab Meat,8,18.4,0,8,Seafood,8.0,True,1997,1997-05
10535,57,19.5,5,0.1,97.5,9.75,87.75,ANTON,4,1997-05-13,1997-06-10,1997-05-21,1,15.64,Mexico,57,Ravioli Angelo,5,19.5,0,5,Grains/Cereals,8.0,True,1997,1997-05
10535,59,55.0,15,0.1,825.0,82.5,742.5,ANTON,4,1997-05-13,1997-06-10,1997-05-21,1,15.64,Mexico,59,Raclette Courdavault,4,55.0,0,4,Dairy Products,8.0,True,1997,1997-05
10536,12,38.0,15,0.25,570.0,142.5,427.5,LEHMS,3,1997-05-14,1997-06-11,1997-06-06,2,58.88,Germany,12,Queso Manchego La Pastora,4,38.0,0,4,Dairy Products,23.0,True,1997,1997-05
10536,31,12.5,20,0.0,250.0,0.0,250.0,LEHMS,3,1997-05-14,1997-06-11,1997-06-06,2,58.88,Germany,31,Gorgonzola Telino,4,12.5,0,4,Dairy Products,23.0,True,1997,1997-05
10536,33,2.5,30,0.0,75.0,0.0,75.0,LEHMS,3,1997-05-14,1997-06-11,1997-06-06,2,58.88,Germany,33,Geitost,4,2.5,0,4,Dairy Products,23.0,True,1997,1997-05
10536,60,34.0,35,0.25,1190.0,297.5,892.5,LEHMS,3,1997-05-14,1997-06-11,1997-06-06,2,58.88,Germany,60,Camembert Pierrot,4,34.0,0,4,Dairy Products,23.0,True,1997,1997-05
10537,31,12.5,30,0.0,375.0,0.0,375.0,RICSU,1,1997-05-14,1997-05-28,1997-05-19,1,78.85,Switzerland,31,Gorgonzola Telino,4,12.5,0,4,Dairy Products,5.0,True,1997,1997-05
10537,51,53.0,6,0.0,318.0,0.0,318.0,RICSU,1,1997-05-14,1997-05-28,1997-05-19,1,78.85,Switzerland,51,Manjimup Dried Apples,7,53.0,0,7,Produce,5.0,True,1997,1997-05
10537,58,13.25,20,0.0,265.0,0.0,265.0,RICSU,1,1997-05-14,1997-05-28,1997-05-19,1,78.85,Switzerland,58,Escargots de Bourgogne,8,13.25,0,8,Seafood,5.0,True,1997,1997-05
10537,72,34.8,21,0.0,730.8,0.0,730.8,RICSU,1,1997-05-14,1997-05-28,1997-05-19,1,78.85,Switzerland,72,Mozzarella di Giovanni,4,34.8,0,4,Dairy Products,5.0,True,1997,1997-05
10537,73,15.0,9,0.0,135.0,0.0,135.0,RICSU,1,1997-05-14,1997-05-28,1997-05-19,1,78.85,Switzerland,73,Röd Kaviar,8,15.0,0,8,Seafood,5.0,True,1997,1997-05
10538,70,15.0,7,0.0,105.0,0.0,105.0,BSBEV,9,1997-05-15,1997-06-12,1997-05-16,3,4.87,UK,70,Outback Lager,1,15.0,0,1,Beverages,1.0,True,1997,1997-05
10538,72,34.8,1,0.0,34.8,0.0,34.8,BSBEV,9,1997-05-15,1997-06-12,1997-05-16,3,4.87,UK,72,Mozzarella di Giovanni,4,34.8,0,4,Dairy Products,1.0,True,1997,1997-05
10539,13,6.0,8,0.0,48.0,0.0,48.0,BSBEV,6,1997-05-16,1997-06-13,1997-05-23,3,12.36,UK,13,Konbu,8,6.0,0,8,Seafood,7.0,True,1997,1997-05
10539,21,10.0,15,0.0,150.0,0.0,150.0,BSBEV,6,1997-05-16,1997-06-13,1997-05-23,3,12.36,UK,21,Sir Rodney's Scones,3,10.0,0,3,Confections,7.0,True,1997,1997-05
10539,33,2.5,15,0.0,37.5,0.0,37.5,BSBEV,6,1997-05-16,1997-06-13,1997-05-23,3,12.36,UK,33,Geitost,4,2.5,0,4,Dairy Products,7.0,True,1997,1997-05
10539,49,20.0,6,0.0,120.0,0.0,120.0,BSBEV,6,1997-05-16,1997-06-13,1997-05-23,3,12.36,UK,49,Maxilaku,3,20.0,0,3,Confections,7.0,True,1997,1997-05
10540,3,10.0,60,0.0,600.0,0.0,600.0,QUICK,3,1997-05-19,1997-06-16,1997-06-13,3,1007.64,Germany,3,Aniseed Syrup,2,10.0,0,2,Condiments,25.0,True,1997,1997-05
10540,26,31.23,40,0.0,1249.2,0.0,1249.2,QUICK,3,1997-05-19,1997-06-16,1997-06-13,3,1007.64,Germany,26,Gumbär Gummibärchen,3,31.23,0,3,Confections,25.0,True,1997,1997-05
10540,38,263.5,30,0.0,7905.0,0.0,7905.0,QUICK,3,1997-05-19,1997-06-16,1997-06-13,3,1007.64,Germany,38,Côte de Blaye,1,263.5,0,1,Beverages,25.0,True,1997,1997-05
10540,68,12.5,35,0.0,437.5,0.0,437.5,QUICK,3,1997-05-19,1997-06-16,1997-06-13,3,1007.64,Germany,68,Scottish Longbreads,3,12.5,0,3,Confections,25.0,True,1997,1997-05
10541,24,4.5,35,0.1,157.5,15.75,141.75,HANAR,2,1997-05-19,1997-06-16,1997-05-29,1,68.65,Brazil,24,Guaraná Fantástica,1,4.5,1,1,Beverages,10.0,True,1997,1997-05
10541,38,263.5,4,0.1,1054.0,105.4,948.6,HANAR,2,1997-05-19,1997-06-16,1997-05-29,1,68.65,Brazil,38,Côte de Blaye,1,263.5,0,1,Beverages,10.0,True,1997,1997-05
10541,65,21.05,36,0.1,757.8000000000001,75.78000000000002,682.0200000000001,HANAR,2,1997-05-19,1997-06-16,1997-05-29,1,68.65,Brazil,65,Louisiana Fiery Hot Pepper Sauce,2,21.05,0,2,Condiments,10.0,True,1997,1997-05
10541,71,21.5,9,0.1,193.5,19.35,174.15,HANAR,2,1997-05-19,1997-06-16,1997-05-29,1,68.65,Brazil,71,Flotemysost,4,21.5,0,4,Dairy Products,10.0,True,1997,1997-05
10542,11,21.0,15,0.05,315.0,15.75,299.25,KOENE,1,1997-05-20,1997-06-17,1997-05-26,3,10.95,Germany,11,Queso Cabrales,4,21.0,0,4,Dairy Products,6.0,True,1997,1997-05
10542,54,7.45,24,0.05,178.8,8.940000000000001,169.86,KOENE,1,1997-05-20,1997-06-17,1997-05-26,3,10.95,Germany,54,Tourtière,6,7.45,0,6,Meat/Poultry,6.0,True,1997,1997-05
10543,12,38.0,30,0.15,1140.0,171.0,969.0,LILAS,8,1997-05-21,1997-06-18,1997-05-23,2,48.17,Venezuela,12,Queso Manchego La Pastora,4,38.0,0,4,Dairy Products,2.0,True,1997,1997-05
10543,23,9.0,70,0.15,630.0,94.5,535.5,LILAS,8,1997-05-21,1997-06-18,1997-05-23,2,48.17,Venezuela,23,Tunnbröd,5,9.0,0,5,Grains/Cereals,2.0,True,1997,1997-05
10544,28,45.6,7,0.0,319.2,0.0,319.2,LONEP,4,1997-05-21,1997-06-18,1997-05-30,1,24.91,USA,28,Rössle Sauerkraut,7,45.6,1,7,Produce,9.0,True,1997,1997-05
10544,67,14.0,7,0.0,98.0,0.0,98.0,LONEP,4,1997-05-21,1997-06-18,1997-05-30,1,24.91,USA,67,Laughing Lumberjack Lager,1,14.0,0,1,Beverages,9.0,True,1997,1997-05
10545,11,21.0,10,0.0,210.0,0.0,210.0,LAZYK,8,1997-05-22,1997-06-19,1997-06-26,2,11.92,USA,11,Queso Cabrales,4,21.0,0,4,Dairy Products,35.0,False,1997,1997-05
10546,7,30.0,10,0.0,300.0,0.0,300.0,VICTE,1,1997-05-23,1997-06-20,1997-05-27,3,194.72,France,7,Uncle Bob's Organic Dried Pears,7,30.0,0,7,Produce,4.0,True,1997,1997-05
10546,35,18.0,30,0.0,540.0,0.0,540.0,VICTE,1,1997-05-23,1997-06-20,1997-05-27,3,194.72,France,35,Steeleye Stout,1,18.0,0,1,Beverages,4.0,True,1997,1997-05
10546,62,49.3,40,0.0,1972.0,0.0,1972.0,VICTE,1,1997-05-23,1997-06-20,1997-05-27,3,194.72,France,62,Tarte au sucre,3,49.3,0,3,Confections,4.0,True,1997,1997-05
10547,32,32.0,24,0.15,768.0,115.19999999999999,652.8,SEVES,3,1997-05-23,1997-06-20,1997-06-02,2,178.43,UK,32,Mascarpone Fabioli,4,32.0,0,4,Dairy Products,10.0,True,1997,1997-05
10547,36,19.0,60,0.0,1140.0,0.0,1140.0,SEVES,3,1997-05-23,1997-06-20,1997-06-02,2,178.43,UK,36,Inlagd Sill,8,19.0,0,8,Seafood,10.0,True,1997,1997-05
10548,34,14.0,10,0.25,140.0,35.0,105.0,TOMSP,3,1997-05-26,1997-06-23,1997-06-02,2,1.43,Germany,34,Sasquatch Ale,1,14.0,0,1,Beverages,7.0,True,1997,1997-05
10548,41,9.65,14,0.0,135.1,0.0,135.1,TOMSP,3,1997-05-26,1997-06-23,1997-06-02,2,1.43,Germany,41,Jack's New England Clam Chowder,8,9.65,0,8,Seafood,7.0,True,1997,1997-05
10549,31,12.5,55,0.15,687.5,103.125,584.375,QUICK,5,1997-05-27,1997-06-10,1997-05-30,1,171.24,Germany,31,Gorgonzola Telino,4,12.5,0,4,Dairy Products,3.0,True,1997,1997-05
10549,45,9.5,100,0.15,950.0,142.5,807.5,QUICK,5,1997-05-27,1997-06-10,1997-05-30,1,171.24,Germany,45,Rogede sild,8,9.5,0,8,Seafood,3.0,True,1997,1997-05
10549,51,53.0,48,0.15,2544.0,381.59999999999997,2162.4,QUICK,5,1997-05-27,1997-06-10,1997-05-30,1,171.24,Germany,51,Manjimup Dried Apples,7,53.0,0,7,Produce,3.0,True,1997,1997-05
10550,17,39.0,8,0.1,312.0,31.200000000000003,280.8,GODOS,7,1997-05-28,1997-06-25,1997-06-06,3,4.32,Spain,17,Alice Mutton,6,39.0,1,6,Meat/Poultry,9.0,True,1997,1997-05
10550,19,9.2,10,0.0,92.0,0.0,92.0,GODOS,7,1997-05-28,1997-06-25,1997-06-06,3,4.32,Spain,19,Teatime Chocolate Biscuits,3,9.2,0,3,Confections,9.0,True,1997,1997-05
10550,21,10.0,6,0.1,60.0,6.0,54.0,GODOS,7,1997-05-28,1997-06-25,1997-06-06,3,4.32,Spain,21,Sir Rodney's Scones,3,10.0,0,3,Confections,9.0,True,1997,1997-05
10550,61,28.5,10,0.1,285.0,28.5,256.5,GODOS,7,1997-05-28,1997-06-25,1997-06-06,3,4.32,Spain,61,Sirop d'érable,2,28.5,0,2,Condiments,9.0,True,1997,1997-05
10551,16,17.45,40,0.15,698.0,104.7,593.3,FURIB,4,1997-05-28,1997-07-09,1997-06-06,3,72.95,Portugal,16,Pavlova,3,17.45,0,3,Confections,9.0,True,1997,1997-05
10551,35,18.0,20,0.15,360.0,54.0,306.0,FURIB,4,1997-05-28,1997-07-09,1997-06-06,3,72.95,Portugal,35,Steeleye Stout,1,18.0,0,1,Beverages,9.0,True,1997,1997-05
10551,44,19.45,40,0.0,778.0,0.0,778.0,FURIB,4,1997-05-28,1997-07-09,1997-06-06,3,72.95,Portugal,44,Gula Malacca,2,19.45,0,2,Condiments,9.0,True,1997,1997-05
10552,69,36.0,18,0.0,648.0,0.0,648.0,HILAA,2,1997-05-29,1997-06-26,1997-06-05,1,83.22,Venezuela,69,Gudbrandsdalsost,4,36.0,0,4,Dairy Products,7.0,True,1997,1997-05
10552,75,7.75,30,0.0,232.5,0.0,232.5,HILAA,2,1997-05-29,1997-06-26,1997-06-05,1,83.22,Venezuela,75,Rhönbräu Klosterbier,1,7.75,0,1,Beverages,7.0,True,1997,1997-05
10553,11,21.0,15,0.0,315.0,0.0,315.0,WARTH,2,1997-05-30,1997-06-27,1997-06-03,2,149.49,Finland,11,Queso Cabrales,4,21.0,0,4,Dairy Products,4.0,True,1997,1997-05
10553,16,17.45,14,0.0,244.29999999999998,0.0,244.29999999999998,WARTH,2,1997-05-30,1997-06-27,1997-06-03,2,149.49,Finland,16,Pavlova,3,17.45,0,3,Confections,4.0,True,1997,1997-05
10553,22,21.0,24,0.0,504.0,0.0,504.0,WARTH,2,1997-05-30,1997-06-27,1997-06-03,2,149.49,Finland,22,Gustaf's Knäckebröd,5,21.0,0,5,Grains/Cereals,4.0,True,1997,1997-05
10553,31,12.5,30,0.0,375.0,0.0,375.0,WARTH,2,1997-05-30,1997-06-27,1997-06-03,2,149.49,Finland,31,Gorgonzola Telino,4,12.5,0,4,Dairy Products,4.0,True,1997,1997-05
10553,35,18.0,6,0.0,108.0,0.0,108.0,WARTH,2,1997-05-30,1997-06-27,1997-06-03,2,149.49,Finland,35,Steeleye Stout,1,18.0,0,1,Beverages,4.0,True,1997,1997-05
10554,16,17.45,30,0.05,523.5,26.175,497.325,OTTIK,4,1997-05-30,1997-06-27,1997-06-05,3,120.97,Germany,16,Pavlova,3,17.45,0,3,Confections,6.0,True,1997,1997-05
10554,23,9.0,20,0.05,180.0,9.0,171.0,OTTIK,4,1997-05-30,1997-06-27,1997-06-05,3,120.97,Germany,23,Tunnbröd,5,9.0,0,5,Grains/Cereals,6.0,True,1997,1997-05
10554,62,49.3,20,0.05,986.0,49.300000000000004,936.7,OTTIK,4,1997-05-30,1997-06-27,1997-06-05,3,120.97,Germany,62,Tarte au sucre,3,49.3,0,3,Confections,6.0,True,1997,1997-05
10554,77,13.0,10,0.05,130.0,6.5,123.5,OTTIK,4,1997-05-30,1997-06-27,1997-06-05,3,120.97,Germany,77,Original Frankfurter grüne Soße,2,13.0,0,2,Condiments,6.0,True,1997,1997-05
10555,14,23.25,30,0.2,697.5,139.5,558.0,SAVEA,6,1997-06-02,1997-06-30,1997-06-04,3,252.49,USA,14,Tofu,7,23.25,0,7,Produce,2.0,True,1997,1997-06
10555,19,9.2,35,0.2,322.0,64.4,257.6,SAVEA,6,1997-06-02,1997-06-30,1997-06-04,3,252.49,USA,19,Teatime Chocolate Biscuits,3,9.2,0,3,Confections,2.0,True,1997,1997-06
10555,24,4.5,18,0.2,81.0,16.2,64.8,SAVEA,6,1997-06-02,1997-06-30,1997-06-04,3,252.49,USA,24,Guaraná Fantástica,1,4.5,1,1,Beverages,2.0,True,1997,1997-06
10555,51,53.0,20,0.2,1060.0,212.0,848.0,SAVEA,6,1997-06-02,1997-06-30,1997-06-04,3,252.49,USA,51,Manjimup Dried Apples,7,53.0,0,7,Produce,2.0,True,1997,1997-06
10555,56,38.0,40,0.2,1520.0,304.0,1216.0,SAVEA,6,1997-06-02,1997-06-30,1997-06-04,3,252.49,USA,56,Gnocchi di nonna Alice,5,38.0,0,5,Grains/Cereals,2.0,True,1997,1997-06
10556,72,34.8,24,0.0,835.1999999999999,0.0,835.1999999999999,SIMOB,2,1997-06-03,1997-07-15,1997-06-13,1,9.8,Denmark,72,Mozzarella di Giovanni,4,34.8,0,4,Dairy Products,10.0,True,1997,1997-06
10557,64,33.25,30,0.0,997.5,0.0,997.5,LEHMS,9,1997-06-03,1997-06-17,1997-06-06,2,96.72,Germany,64,Wimmers gute Semmelknödel,5,33.25,0,5,Grains/Cereals,3.0,True,1997,1997-06
10557,75,7.75,20,0.0,155.0,0.0,155.0,LEHMS,9,1997-06-03,1997-06-17,1997-06-06,2,96.72,Germany,75,Rhönbräu Klosterbier,1,7.75,0,1,Beverages,3.0,True,1997,1997-06
10558,47,9.5,25,0.0,237.5,0.0,237.5,AROUT,1,1997-06-04,1997-07-02,1997-06-10,2,72.97,UK,47,Zaanse koeken,3,9.5,0,3,Confections,6.0,True,1997,1997-06
10558,51,53.0,20,0.0,1060.0,0.0,1060.0,AROUT,1,1997-06-04,1997-07-02,1997-06-10,2,72.97,UK,51,Manjimup Dried Apples,7,53.0,0,7,Produce,6.0,True,1997,1997-06
10558,52,7.0,30,0.0,210.0,0.0,210.0,AROUT,1,1997-06-04,1997-07-02,1997-06-10,2,72.97,UK,52,Filo Mix,5,7.0,0,5,Grains/Cereals,6.0,True,1997,1997-06
10558,53,32.8,18,0.0,590.4,0.0,590.4,AROUT,1,1997-06-04,1997-07-02,1997-06-10,2,72.97,UK,53,Perth Pasties,6,32.8,1,6,Meat/Poultry,6.0,True,1997,1997-06
10558,73,15.0,3,0.0,45.0,0.0,45.0,AROUT,1,1997-06-04,1997-07-02,1997-06-10,2,72.97,UK,73,Röd Kaviar,8,15.0,0,8,Seafood,6.0,True,1997,1997-06
10559,41,9.65,12,0.05,115.80000000000001,5.790000000000001,110.01,BLONP,6,1997-06-05,1997-07-03,1997-06-13,1,8.05,France,41,Jack's New England Clam Chowder,8,9.65,0,8,Seafood,8.0,True,1997,1997-06
10559,55,24.0,18,0.05,432.0,21.6,410.4,BLONP,6,1997-06-05,1997-07-03,1997-06-13,1,8.05,France,55,Pâté chinois,6,24.0,0,6,Meat/Poultry,8.0,True,1997,1997-06
10560,30,25.89,20,0.0,517.8,0.0,517.8,FRANK,8,1997-06-06,1997-07-04,1997-06-09,1,36.65,Germany,30,Nord-Ost Matjeshering,8,25.89,0,8,Seafood,3.0,True,1997,1997-06
10560,62,49.3,15,0.25,739.5,184.875,554.625,FRANK,8,1997-06-06,1997-07-04,1997-06-09,1,36.65,Germany,62,Tarte au sucre,3,49.3,0,3,Confections,3.0,True,1997,1997-06
10561,44,19.45,10,0.0,194.5,0.0,194.5,FOLKO,2,1997-06-06,1997-07-04,1997-06-09,2,242.21,Sweden,44,Gula Malacca,2,19.45,0,2,Condiments,3.0,True,1997,1997-06
10561,51,53.0,50,0.0,2650.0,0.0,2650.0,FOLKO,2,1997-06-06,1997-07-04,1997-06-09,2,242.21,Sweden,51,Manjimup Dried Apples,7,53.0,0,7,Produce,3.0,True,1997,1997-06
10562,33,2.5,20,0.1,50.0,5.0,45.0,REGGC,1,1997-06-09,1997-07-07,1997-06-12,1,22.95,Italy,33,Geitost,4,2.5,0,4,Dairy Products,3.0,True,1997,1997-06
10562,62,49.3,10,0.1,493.0,49.300000000000004,443.7,REGGC,1,1997-06-09,1997-07-07,1997-06-12,1,22.95,Italy,62,Tarte au sucre,3,49.3,0,3,Confections,3.0,True,1997,1997-06
10563,36,19.0,25,0.0,475.0,0.0,475.0,RICAR,2,1997-06-10,1997-07-22,1997-06-24,2,60.43,Brazil,36,Inlagd Sill,8,19.0,0,8,Seafood,14.0,True,1997,1997-06
10563,52,7.0,70,0.0,490.0,0.0,490.0,RICAR,2,1997-06-10,1997-07-22,1997-06-24,2,60.43,Brazil,52,Filo Mix,5,7.0,0,5,Grains/Cereals,14.0,True,1997,1997-06
10564,17,39.0,16,0.05,624.0,31.200000000000003,592.8,RATTC,4,1997-06-10,1997-07-08,1997-06-16,3,13.75,USA,17,Alice Mutton,6,39.0,1,6,Meat/Poultry,6.0,True,1997,1997-06
10564,31,12.5,6,0.05,75.0,3.75,71.25,RATTC,4,1997-06-10,1997-07-08,1997-06-16,3,13.75,USA,31,Gorgonzola Telino,4,12.5,0,4,Dairy Products,6.0,True,1997,1997-06
10564,55,24.0,25,0.05,600.0,30.0,570.0,RATTC,4,1997-06-10,1997-07-08,1997-06-16,3,13.75,USA,55,Pâté chinois,6,24.0,0,6,Meat/Poultry,6.0,True,1997,1997-06
10565,24,4.5,25,0.1,112.5,11.25,101.25,MEREP,8,1997-06-11,1997-07-09,1997-06-18,2,7.15,Canada,24,Guaraná Fantástica,1,4.5,1,1,Beverages,7.0,True,1997,1997-06
10565,64,33.25,18,0.1,598.5,59.85,538.65,MEREP,8,1997-06-11,1997-07-09,1997-06-18,2,7.15,Canada,64,Wimmers gute Semmelknödel,5,33.25,0,5,Grains/Cereals,7.0,True,1997,1997-06
10566,11,21.0,35,0.15,735.0,110.25,624.75,BLONP,9,1997-06-12,1997-07-10,1997-06-18,1,88.4,France,11,Queso Cabrales,4,21.0,0,4,Dairy Products,6.0,True,1997,1997-06
10566,18,62.5,18,0.15,1125.0,168.75,956.25,BLONP,9,1997-06-12,1997-07-10,1997-06-18,1,88.4,France,18,Carnarvon Tigers,8,62.5,0,8,Seafood,6.0,True,1997,1997-06
10566,76,18.0,10,0.0,180.0,0.0,180.0,BLONP,9,1997-06-12,1997-07-10,1997-06-18,1,88.4,France,76,Lakkalikööri,1,18.0,0,1,Beverages,6.0,True,1997,1997-06
10567,31,12.5,60,0.2,750.0,150.0,600.0,HUNGO,1,1997-06-12,1997-07-10,1997-06-17,1,33.97,Ireland,31,Gorgonzola Telino,4,12.5,0,4,Dairy Products,5.0,True,1997,1997-06
10567,51,53.0,3,0.0,159.0,0.0,159.0,HUNGO,1,1997-06-12,1997-07-10,1997-06-17,1,33.97,Ireland,51,Manjimup Dried Apples,7,53.0,0,7,Produce,5.0,True,1997,1997-06
10567,59,55.0,40,0.2,2200.0,440.0,1760.0,HUNGO,1,1997-06-12,1997-07-10,1997-06-17,1,33.97,Ireland,59,Raclette Courdavault,4,55.0,0,4,Dairy Products,5.0,True,1997,1997-06
10568,10,31.0,5,0.0,155.0,0.0,155.0,GALED,3,1997-06-13,1997-07-11,1997-07-09,3,6.54,Spain,10,Ikura,8,31.0,0,8,Seafood,26.0,True,1997,1997-06
10569,31,12.5,35,0.2,437.5,87.5,350.0,RATTC,5,1997-06-16,1997-07-14,1997-07-11,1,58.98,USA,31,Gorgonzola Telino,4,12.5,0,4,Dairy Products,25.0,True,1997,1997-06
10569,76,18.0,30,0.0,540.0,0.0,540.0,RATTC,5,1997-06-16,1997-07-14,1997-07-11,1,58.98,USA,76,Lakkalikööri,1,18.0,0,1,Beverages,25.0,True,1997,1997-06
10570,11,21.0,15,0.05,315.0,15.75,299.25,MEREP,3,1997-06-17,1997-07-15,1997-06-19,3,188.99,Canada,11,Queso Cabrales,4,21.0,0,4,Dairy Products,2.0,True,1997,1997-06
10570,56,38.0,60,0.05,2280.0,114.0,2166.0,MEREP,3,1997-06-17,1997-07-15,1997-06-19,3,188.99,Canada,56,Gnocchi di nonna Alice,5,38.0,0,5,Grains/Cereals,2.0,True,1997,1997-06
10571,14,23.25,11,0.15,255.75,38.3625,217.3875,ERNSH,8,1997-06-17,1997-07-29,1997-07-04,3,26.06,Austria,14,Tofu,7,23.25,0,7,Produce,17.0,True,1997,1997-06
10571,42,14.0,28,0.15,392.0,58.8,333.2,ERNSH,8,1997-06-17,1997-07-29,1997-07-04,3,26.06,Austria,42,Singaporean Hokkien Fried Mee,5,14.0,1,5,Grains/Cereals,17.0,True,1997,1997-06
10572,16,17.45,12,0.1,209.39999999999998,20.939999999999998,188.45999999999998,BERGS,3,1997-06-18,1997-07-16,1997-06-25,2,116.43,Sweden,16,Pavlova,3,17.45,0,3,Confections,7.0,True,1997,1997-06
10572,32,32.0,10,0.1,320.0,32.0,288.0,BERGS,3,1997-06-18,1997-07-16,1997-06-25,2,116.43,Sweden,32,Mascarpone Fabioli,4,32.0,0,4,Dairy Products,7.0,True,1997,1997-06
10572,40,18.4,50,0.0,919.9999999999999,0.0,919.9999999999999,BERGS,3,1997-06-18,1997-07-16,1997-06-25,2,116.43,Sweden,40,Boston Crab Meat,8,18.4,0,8,Seafood,7.0,True,1997,1997-06
10572,75,7.75,15,0.1,116.25,11.625,104.625,BERGS,3,1997-06-18,1997-07-16,1997-06-25,2,116.43,Sweden,75,Rhönbräu Klosterbier,1,7.75,0,1,Beverages,7.0,True,1997,1997-06
10573,17,39.0,18,0.0,702.0,0.0,702.0,ANTON,7,1997-06-19,1997-07-17,1997-06-20,3,84.84,Mexico,17,Alice Mutton,6,39.0,1,6,Meat/Poultry,1.0,True,1997,1997-06
10573,34,14.0,40,0.0,560.0,0.0,560.0,ANTON,7,1997-06-19,1997-07-17,1997-06-20,3,84.84,Mexico,34,Sasquatch Ale,1,14.0,0,1,Beverages,1.0,True,1997,1997-06
10573,53,32.8,25,0.0,819.9999999999999,0.0,819.9999999999999,ANTON,7,1997-06-19,1997-07-17,1997-06-20,3,84.84,Mexico,53,Perth Pasties,6,32.8,1,6,Meat/Poultry,1.0,True,1997,1997-06
10574,33,2.5,14,0.0,35.0,0.0,35.0,TRAIH,4,1997-06-19,1997-07-17,1997-06-30,2,37.6,USA,33,Geitost,4,2.5,0,4,Dairy Products,11.0,True,1997,1997-06
10574,40,18.4,2,0.0,36.8,0.0,36.8,TRAIH,4,1997-06-19,1997-07-17,1997-06-30,2,37.6,USA,40,Boston Crab Meat,8,18.4,0,8,Seafood,11.0,True,1997,1997-06
10574,62,49.3,10,0.0,493.0,0.0,493.0,TRAIH,4,1997-06-19,1997-07-17,1997-06-30,2,37.6,USA,62,Tarte au sucre,3,49.3,0,3,Confections,11.0,True,1997,1997-06
10574,64,33.25,6,0.0,199.5,0.0,199.5,TRAIH,4,1997-06-19,1997-07-17,1997-06-30,2,37.6,USA,64,Wimmers gute Semmelknödel,5,33.25,0,5,Grains/Cereals,11.0,True,1997,1997-06
10575,59,55.0,12,0.0,660.0,0.0,660.0,MORGK,5,1997-06-20,1997-07-04,1997-06-30,1,127.34,Germany,59,Raclette Courdavault,4,55.0,0,4,Dairy Products,10.0,True,1997,1997-06
10575,63,43.9,6,0.0,263.4,0.0,263.4,MORGK,5,1997-06-20,1997-07-04,1997-06-30,1,127.34,Germany,63,Vegie-spread,2,43.9,0,2,Condiments,10.0,True,1997,1997-06
10575,72,34.8,30,0.0,1044.0,0.0,1044.0,MORGK,5,1997-06-20,1997-07-04,1997-06-30,1,127.34,Germany,72,Mozzarella di Giovanni,4,34.8,0,4,Dairy Products,10.0,True,1997,1997-06
10575,76,18.0,10,0.0,180.0,0.0,180.0,MORGK,5,1997-06-20,1997-07-04,1997-06-30,1,127.34,Germany,76,Lakkalikööri,1,18.0,0,1,Beverages,10.0,True,1997,1997-06
10576,1,18.0,10,0.0,180.0,0.0,180.0,TORTU,3,1997-06-23,1997-07-07,1997-06-30,3,18.56,Mexico,1,Chai,1,18.0,0,1,Beverages,7.0,True,1997,1997-06
10576,31,12.5,20,0.0,250.0,0.0,250.0,TORTU,3,1997-06-23,1997-07-07,1997-06-30,3,18.56,Mexico,31,Gorgonzola Telino,4,12.5,0,4,Dairy Products,7.0,True,1997,1997-06
10576,44,19.45,21,0.0,408.45,0.0,408.45,TORTU,3,1997-06-23,1997-07-07,1997-06-30,3,18.56,Mexico,44,Gula Malacca,2,19.45,0,2,Condiments,7.0,True,1997,1997-06
10577,39,18.0,10,0.0,180.0,0.0,180.0,TRAIH,9,1997-06-23,1997-08-04,1997-06-30,2,25.41,USA,39,Chartreuse verte,1,18.0,0,1,Beverages,7.0,True,1997,1997-06
10577,75,7.75,20,0.0,155.0,0.0,155.0,TRAIH,9,1997-06-23,1997-08-04,1997-06-30,2,25.41,USA,75,Rhönbräu Klosterbier,1,7.75,0,1,Beverages,7.0,True,1997,1997-06
10577,77,13.0,18,0.0,234.0,0.0,234.0,TRAIH,9,1997-06-23,1997-08-04,1997-06-30,2,25.41,USA,77,Original Frankfurter grüne Soße,2,13.0,0,2,Condiments,7.0,True,1997,1997-06
10578,35,18.0,20,0.0,360.0,0.0,360.0,BSBEV,4,1997-06-24,1997-07-22,1997-07-25,3,29.6,UK,35,Steeleye Stout,1,18.0,0,1,Beverages,31.0,False,1997,1997-06
10578,57,19.5,6,0.0,117.0,0.0,117.0,BSBEV,4,1997-06-24,1997-07-22,1997-07-25,3,29.6,UK,57,Ravioli Angelo,5,19.5,0,5,Grains/Cereals,31.0,False,1997,1997-06
10579,15,15.5,10,0.0,155.0,0.0,155.0,LETSS,1,1997-06-25,1997-07-23,1997-07-04,2,13.73,USA,15,Genen Shouyu,2,15.5,0,2,Condiments,9.0,True,1997,1997-06
10579,75,7.75,21,0.0,162.75,0.0,162.75,LETSS,1,1997-06-25,1997-07-23,1997-07-04,2,13.73,USA,75,Rhönbräu Klosterbier,1,7.75,0,1,Beverages,9.0,True,1997,1997-06
10580,14,23.25,15,0.05,348.75,17.4375,331.3125,OTTIK,4,1997-06-26,1997-07-24,1997-07-01,3,75.89,Germany,14,Tofu,7,23.25,0,7,Produce,5.0,True,1997,1997-06
10580,41,9.65,9,0.05,86.85000000000001,4.3425,82.50750000000001,OTTIK,4,1997-06-26,1997-07-24,1997-07-01,3,75.89,Germany,41,Jack's New England Clam Chowder,8,9.65,0,8,Seafood,5.0,True,1997,1997-06
10580,65,21.05,30,0.05,631.5,31.575000000000003,599.925,OTTIK,4,1997-06-26,1997-07-24,1997-07-01,3,75.89,Germany,65,Louisiana Fiery Hot Pepper Sauce,2,21.05,0,2,Condiments,5.0,True,1997,1997-06
10581,75,7.75,50,0.2,387.5,77.5,310.0,FAMIA,3,1997-06-26,1997-07-24,1997-07-02,1,3.01,Brazil,75,Rhönbräu Klosterbier,1,7.75,0,1,Beverages,6.0,True,1997,1997-06
10582,57,19.5,4,0.0,78.0,0.0,78.0,BLAUS,3,1997-06-27,1997-07-25,1997-07-14,2,27.71,Germany,57,Ravioli Angelo,5,19.5,0,5,Grains/Cereals,17.0,True,1997,1997-06
10582,76,18.0,14,0.0,252.0,0.0,252.0,BLAUS,3,1997-06-27,1997-07-25,1997-07-14,2,27.71,Germany,76,Lakkalikööri,1,18.0,0,1,Beverages,17.0,True,1997,1997-06
10583,29,123.79,10,0.0,1237.9,0.0,1237.9,WARTH,2,1997-06-30,1997-07-28,1997-07-04,2,7.28,Finland,29,Thüringer Rostbratwurst,6,123.79,1,6,Meat/Poultry,4.0,True,1997,1997-06
10583,60,34.0,24,0.15,816.0,122.39999999999999,693.6,WARTH,2,1997-06-30,1997-07-28,1997-07-04,2,7.28,Finland,60,Camembert Pierrot,4,34.0,0,4,Dairy Products,4.0,True,1997,1997-06
10583,69,36.0,10,0.15,360.0,54.0,306.0,WARTH,2,1997-06-30,1997-07-28,1997-07-04,2,7.28,Finland,69,Gudbrandsdalsost,4,36.0,0,4,Dairy Products,4.0,True,1997,1997-06
10584,31,12.5,50,0.05,625.0,31.25,593.75,BLONP,4,1997-06-30,1997-07-28,1997-07-04,1,59.14,France,31,Gorgonzola Telino,4,12.5,0,4,Dairy Products,4.0,True,1997,1997-06
10585,47,9.5,15,0.0,142.5,0.0,142.5,WELLI,7,1997-07-01,1997-07-29,1997-07-10,1,13.41,Brazil,47,Zaanse koeken,3,9.5,0,3,Confections,9.0,True,1997,1997-07
10586,52,7.0,4,0.15,28.0,4.2,23.8,REGGC,9,1997-07-02,1997-07-30,1997-07-09,1,0.48,Italy,52,Filo Mix,5,7.0,0,5,Grains/Cereals,7.0,True,1997,1997-07
10587,26,31.23,6,0.0,187.38,0.0,187.38,QUEDE,1,1997-07-02,1997-07-30,1997-07-09,1,62.52,Brazil,26,Gumbär Gummibärchen,3,31.23,0,3,Confections,7.0,True,1997,1997-07
10587,35,18.0,20,0.0,360.0,0.0,360.0,QUEDE,1,1997-07-02,1997-07-30,1997-07-09,1,62.52,Brazil,35,Steeleye Stout,1,18.0,0,1,Beverages,7.0,True,1997,1997-07
10587,77,13.0,20,0.0,260.0,0.0,260.0,QUEDE,1,1997-07-02,1997-07-30,1997-07-09,1,62.52,Brazil,77,Original Frankfurter grüne Soße,2,13.0,0,2,Condiments,7.0,True,1997,1997-07
10588,18,62.5,40,0.2,2500.0,500.0,2000.0,QUICK,2,1997-07-03,1997-07-31,1997-07-10,3,194.67,Germany,18,Carnarvon Tigers,8,62.5,0,8,Seafood,7.0,True,1997,1997-07
10588,42,14.0,100,0.2,1400.0,280.0,1120.0,QUICK,2,1997-07-03,1997-07-31,1997-07-10,3,194.67,Germany,42,Singaporean Hokkien Fried Mee,5,14.0,1,5,Grains/Cereals,7.0,True,1997,1997-07
10589,35,18.0,4,0.0,72.0,0.0,72.0,GREAL,8,1997-07-04,1997-08-01,1997-07-14,2,4.42,USA,35,Steeleye Stout,1,18.0,0,1,Beverages,10.0,True,1997,1997-07
10590,1,18.0,20,0.0,360.0,0.0,360.0,MEREP,4,1997-07-07,1997-08-04,1997-07-14,3,44.77,Canada,1,Chai,1,18.0,0,1,Beverages,7.0,True,1997,1997-07
10590,77,13.0,60,0.05,780.0,39.0,741.0,MEREP,4,1997-07-07,1997-08-04,1997-07-14,3,44.77,Canada,77,Original Frankfurter grüne Soße,2,13.0,0,2,Condiments,7.0,True,1997,1997-07
10591,3,10.0,14,0.0,140.0,0.0,140.0,VAFFE,1,1997-07-07,1997-07-21,1997-07-16,1,55.92,Denmark,3,Aniseed Syrup,2,10.0,0,2,Condiments,9.0,True,1997,1997-07
10591,7,30.0,10,0.0,300.0,0.0,300.0,VAFFE,1,1997-07-07,1997-07-21,1997-07-16,1,55.92,Denmark,7,Uncle Bob's Organic Dried Pears,7,30.0,0,7,Produce,9.0,True,1997,1997-07
10591,54,7.45,50,0.0,372.5,0.0,372.5,VAFFE,1,1997-07-07,1997-07-21,1997-07-16,1,55.92,Denmark,54,Tourtière,6,7.45,0,6,Meat/Poultry,9.0,True,1997,1997-07
10592,15,15.5,25,0.05,387.5,19.375,368.125,LEHMS,3,1997-07-08,1997-08-05,1997-07-16,1,32.1,Germany,15,Genen Shouyu,2,15.5,0,2,Condiments,8.0,True,1997,1997-07
10592,26,31.23,5,0.05,156.15,7.807500000000001,148.3425,LEHMS,3,1997-07-08,1997-08-05,1997-07-16,1,32.1,Germany,26,Gumbär Gummibärchen,3,31.23,0,3,Confections,8.0,True,1997,1997-07
10593,20,81.0,21,0.2,1701.0,340.20000000000005,1360.8,LEHMS,7,1997-07-09,1997-08-06,1997-08-13,2,174.2,Germany,20,Sir Rodney's Marmalade,3,81.0,0,3,Confections,35.0,False,1997,1997-07
10593,69,36.0,20,0.2,720.0,144.0,576.0,LEHMS,7,1997-07-09,1997-08-06,1997-08-13,2,174.2,Germany,69,Gudbrandsdalsost,4,36.0,0,4,Dairy Products,35.0,False,1997,1997-07
10593,76,18.0,4,0.2,72.0,14.4,57.6,LEHMS,7,1997-07-09,1997-08-06,1997-08-13,2,174.2,Germany,76,Lakkalikööri,1,18.0,0,1,Beverages,35.0,False,1997,1997-07
10594,52,7.0,24,0.0,168.0,0.0,168.0,OLDWO,3,1997-07-09,1997-08-06,1997-07-16,2,5.24,USA,52,Filo Mix,5,7.0,0,5,Grains/Cereals,7.0,True,1997,1997-07
10594,58,13.25,30,0.0,397.5,0.0,397.5,OLDWO,3,1997-07-09,1997-08-06,1997-07-16,2,5.24,USA,58,Escargots de Bourgogne,8,13.25,0,8,Seafood,7.0,True,1997,1997-07
10595,35,18.0,30,0.25,540.0,135.0,405.0,ERNSH,2,1997-07-10,1997-08-07,1997-07-14,1,96.78,Austria,35,Steeleye Stout,1,18.0,0,1,Beverages,4.0,True,1997,1997-07
10595,61,28.5,120,0.25,3420.0,855.0,2565.0,ERNSH,2,1997-07-10,1997-08-07,1997-07-14,1,96.78,Austria,61,Sirop d'érable,2,28.5,0,2,Condiments,4.0,True,1997,1997-07
10595,69,36.0,65,0.25,2340.0,585.0,1755.0,ERNSH,2,1997-07-10,1997-08-07,1997-07-14,1,96.78,Austria,69,Gudbrandsdalsost,4,36.0,0,4,Dairy Products,4.0,True,1997,1997-07
10596,56,38.0,5,0.2,190.0,38.0,152.0,WHITC,8,1997-07-11,1997-08-08,1997-08-12,1,16.34,USA,56,Gnocchi di nonna Alice,5,38.0,0,5,Grains/Cereals,32.0,False,1997,1997-07
10596,63,43.9,24,0.2,1053.6,210.72,842.8799999999999,WHITC,8,1997-07-11,1997-08-08,1997-08-12,1,16.34,USA,63,Vegie-spread,2,43.9,0,2,Condiments,32.0,False,1997,1997-07
10596,75,7.75,30,0.2,232.5,46.5,186.0,WHITC,8,1997-07-11,1997-08-08,1997-08-12,1,16.34,USA,75,Rhönbräu Klosterbier,1,7.75,0,1,Beverages,32.0,False,1997,1997-07
10597,24,4.5,35,0.2,157.5,31.5,126.0,PICCO,7,1997-07-11,1997-08-08,1997-07-18,3,35.12,Austria,24,Guaraná Fantástica,1,4.5,1,1,Beverages,7.0,True,1997,1997-07
10597,57,19.5,20,0.0,390.0,0.0,390.0,PICCO,7,1997-07-11,1997-08-08,1997-07-18,3,35.12,Austria,57,Ravioli Angelo,5,19.5,0,5,Grains/Cereals,7.0,True,1997,1997-07
10597,65,21.05,12,0.2,252.60000000000002,50.52000000000001,202.08,PICCO,7,1997-07-11,1997-08-08,1997-07-18,3,35.12,Austria,65,Louisiana Fiery Hot Pepper Sauce,2,21.05,0,2,Condiments,7.0,True,1997,1997-07
10598,27,43.9,50,0.0,2195.0,0.0,2195.0,RATTC,1,1997-07-14,1997-08-11,1997-07-18,3,44.42,USA,27,Schoggi Schokolade,3,43.9,0,3,Confections,4.0,True,1997,1997-07
10598,71,21.5,9,0.0,193.5,0.0,193.5,RATTC,1,1997-07-14,1997-08-11,1997-07-18,3,44.42,USA,71,Flotemysost,4,21.5,0,4,Dairy Products,4.0,True,1997,1997-07
10599,62,49.3,10,0.0,493.0,0.0,493.0,BSBEV,6,1997-07-15,1997-08-26,1997-07-21,3,29.98,UK,62,Tarte au sucre,3,49.3,0,3,Confections,6.0,True,1997,1997-07
10600,54,7.45,4,0.0,29.8,0.0,29.8,HUNGC,4,1997-07-16,1997-08-13,1997-07-21,1,45.13,USA,54,Tourtière,6,7.45,0,6,Meat/Poultry,5.0,True,1997,1997-07
10600,73,15.0,30,0.0,450.0,0.0,450.0,HUNGC,4,1997-07-16,1997-08-13,1997-07-21,1,45.13,USA,73,Röd Kaviar,8,15.0,0,8,Seafood,5.0,True,1997,1997-07
10601,13,6.0,60,0.0,360.0,0.0,360.0,HILAA,7,1997-07-16,1997-08-27,1997-07-22,1,58.3,Venezuela,13,Konbu,8,6.0,0,8,Seafood,6.0,True,1997,1997-07
10601,59,55.0,35,0.0,1925.0,0.0,1925.0,HILAA,7,1997-07-16,1997-08-27,1997-07-22,1,58.3,Venezuela,59,Raclette Courdavault,4,55.0,0,4,Dairy Products,6.0,True,1997,1997-07
10602,77,13.0,5,0.25,65.0,16.25,48.75,VAFFE,8,1997-07-17,1997-08-14,1997-07-22,2,2.92,Denmark,77,Original Frankfurter grüne Soße,2,13.0,0,2,Condiments,5.0,True,1997,1997-07
10603,22,21.0,48,0.0,1008.0,0.0,1008.0,SAVEA,8,1997-07-18,1997-08-15,1997-08-08,2,48.77,USA,22,Gustaf's Knäckebröd,5,21.0,0,5,Grains/Cereals,21.0,True,1997,1997-07
10603,49,20.0,25,0.05,500.0,25.0,475.0,SAVEA,8,1997-07-18,1997-08-15,1997-08-08,2,48.77,USA,49,Maxilaku,3,20.0,0,3,Confections,21.0,True,1997,1997-07
10604,48,12.75,6,0.1,76.5,7.65,68.85,FURIB,1,1997-07-18,1997-08-15,1997-07-29,1,7.46,Portugal,48,Chocolade,3,12.75,0,3,Confections,11.0,True,1997,1997-07
10604,76,18.0,10,0.1,180.0,18.0,162.0,FURIB,1,1997-07-18,1997-08-15,1997-07-29,1,7.46,Portugal,76,Lakkalikööri,1,18.0,0,1,Beverages,11.0,True,1997,1997-07
10605,16,17.45,30,0.05,523.5,26.175,497.325,MEREP,1,1997-07-21,1997-08-18,1997-07-29,2,379.13,Canada,16,Pavlova,3,17.45,0,3,Confections,8.0,True,1997,1997-07
10605,59,55.0,20,0.05,1100.0,55.0,1045.0,MEREP,1,1997-07-21,1997-08-18,1997-07-29,2,379.13,Canada,59,Raclette Courdavault,4,55.0,0,4,Dairy Products,8.0,True,1997,1997-07
10605,60,34.0,70,0.05,2380.0,119.0,2261.0,MEREP,1,1997-07-21,1997-08-18,1997-07-29,2,379.13,Canada,60,Camembert Pierrot,4,34.0,0,4,Dairy Products,8.0,True,1997,1997-07
10605,71,21.5,15,0.05,322.5,16.125,306.375,MEREP,1,1997-07-21,1997-08-18,1997-07-29,2,379.13,Canada,71,Flotemysost,4,21.5,0,4,Dairy Products,8.0,True,1997,1997-07
10606,4,22.0,20,0.2,440.0,88.0,352.0,TRADH,4,1997-07-22,1997-08-19,1997-07-31,3,79.4,Brazil,4,Chef Anton's Cajun Seasoning,2,22.0,0,2,Condiments,9.0,True,1997,1997-07
10606,55,24.0,20,0.2,480.0,96.0,384.0,TRADH,4,1997-07-22,1997-08-19,1997-07-31,3,79.4,Brazil,55,Pâté chinois,6,24.0,0,6,Meat/Poultry,9.0,True,1997,1997-07
10606,62,49.3,10,0.2,493.0,98.60000000000001,394.4,TRADH,4,1997-07-22,1997-08-19,1997-07-31,3,79.4,Brazil,62,Tarte au sucre,3,49.3,0,3,Confections,9.0,True,1997,1997-07
10607,7,30.0,45,0.0,1350.0,0.0,1350.0,SAVEA,5,1997-07-22,1997-08-19,1997-07-25,1,200.24,USA,7,Uncle Bob's Organic Dried Pears,7,30.0,0,7,Produce,3.0,True,1997,1997-07
10607,17,39.0,100,0.0,3900.0,0.0,3900.0,SAVEA,5,1997-07-22,1997-08-19,1997-07-25,1,200.24,USA,17,Alice Mutton,6,39.0,1,6,Meat/Poultry,3.0,True,1997,1997-07
10607,33,2.5,14,0.0,35.0,0.0,35.0,SAVEA,5,1997-07-22,1997-08-19,1997-07-25,1,200.24,USA,33,Geitost,4,2.5,0,4,Dairy Products,3.0,True,1997,1997-07
10607,40,18.4,42,0.0,772.8,0.0,772.8,SAVEA,5,1997-07-22,1997-08-19,1997-07-25,1,200.24,USA,40,Boston Crab Meat,8,18.4,0,8,Seafood,3.0,True,1997,1997-07
10607,72,34.8,12,0.0,417.59999999999997,0.0,417.59999999999997,SAVEA,5,1997-07-22,1997-08-19,1997-07-25,1,200.24,USA,72,Mozzarella di Giovanni,4,34.8,0,4,Dairy Products,3.0,True,1997,1997-07
10608,56,38.0,28,0.0,1064.0,0.0,1064.0,TOMSP,4,1997-07-23,1997-08-20,1997-08-01,2,27.79,Germany,56,Gnocchi di nonna Alice,5,38.0,0,5,Grains/Cereals,9.0,True,1997,1997-07
10609,1,18.0,3,0.0,54.0,0.0,54.0,DUMON,7,1997-07-24,1997-08-21,1997-07-30,2,1.85,France,1,Chai,1,18.0,0,1,Beverages,6.0,True,1997,1997-07
10609,10,31.0,10,0.0,310.0,0.0,310.0,DUMON,7,1997-07-24,1997-08-21,1997-07-30,2,1.85,France,10,Ikura,8,31.0,0,8,Seafood,6.0,True,1997,1997-07
10609,21,10.0,6,0.0,60.0,0.0,60.0,DUMON,7,1997-07-24,1997-08-21,1997-07-30,2,1.85,France,21,Sir Rodney's Scones,3,10.0,0,3,Confections,6.0,True,1997,1997-07
10610,36,19.0,21,0.25,399.0,99.75,299.25,LAMAI,8,1997-07-25,1997-08-22,1997-08-06,1,26.78,France,36,Inlagd Sill,8,19.0,0,8,Seafood,12.0,True,1997,1997-07
10611,1,18.0,6,0.0,108.0,0.0,108.0,WOLZA,6,1997-07-25,1997-08-22,1997-08-01,2,80.65,Poland,1,Chai,1,18.0,0,1,Beverages,7.0,True,1997,1997-07
10611,2,19.0,10,0.0,190.0,0.0,190.0,WOLZA,6,1997-07-25,1997-08-22,1997-08-01,2,80.65,Poland,2,Chang,1,19.0,0,1,Beverages,7.0,True,1997,1997-07
10611,60,34.0,15,0.0,510.0,0.0,510.0,WOLZA,6,1997-07-25,1997-08-22,1997-08-01,2,80.65,Poland,60,Camembert Pierrot,4,34.0,0,4,Dairy Products,7.0,True,1997,1997-07
10612,10,31.0,70,0.0,2170.0,0.0,2170.0,SAVEA,1,1997-07-28,1997-08-25,1997-08-01,2,544.08,USA,10,Ikura,8,31.0,0,8,Seafood,4.0,True,1997,1997-07
10612,36,19.0,55,0.0,1045.0,0.0,1045.0,SAVEA,1,1997-07-28,1997-08-25,1997-08-01,2,544.08,USA,36,Inlagd Sill,8,19.0,0,8,Seafood,4.0,True,1997,1997-07
10612,49,20.0,18,0.0,360.0,0.0,360.0,SAVEA,1,1997-07-28,1997-08-25,1997-08-01,2,544.08,USA,49,Maxilaku,3,20.0,0,3,Confections,4.0,True,1997,1997-07
10612,60,34.0,40,0.0,1360.0,0.0,1360.0,SAVEA,1,1997-07-28,1997-08-25,1997-08-01,2,544.08,USA,60,Camembert Pierrot,4,34.0,0,4,Dairy Products,4.0,True,1997,1997-07
10612,76,18.0,80,0.0,1440.0,0.0,1440.0,SAVEA,1,1997-07-28,1997-08-25,1997-08-01,2,544.08,USA,76,Lakkalikööri,1,18.0,0,1,Beverages,4.0,True,1997,1997-07
10613,13,6.0,8,0.1,48.0,4.800000000000001,43.2,HILAA,4,1997-07-29,1997-08-26,1997-08-01,2,8.11,Venezuela,13,Konbu,8,6.0,0,8,Seafood,3.0,True,1997,1997-07
10613,75,7.75,40,0.0,310.0,0.0,310.0,HILAA,4,1997-07-29,1997-08-26,1997-08-01,2,8.11,Venezuela,75,Rhönbräu Klosterbier,1,7.75,0,1,Beverages,3.0,True,1997,1997-07
10614,11,21.0,14,0.0,294.0,0.0,294.0,BLAUS,8,1997-07-29,1997-08-26,1997-08-01,3,1.93,Germany,11,Queso Cabrales,4,21.0,0,4,Dairy Products,3.0,True,1997,1997-07
10614,21,10.0,8,0.0,80.0,0.0,80.0,BLAUS,8,1997-07-29,1997-08-26,1997-08-01,3,1.93,Germany,21,Sir Rodney's Scones,3,10.0,0,3,Confections,3.0,True,1997,1997-07
10614,39,18.0,5,0.0,90.0,0.0,90.0,BLAUS,8,1997-07-29,1997-08-26,1997-08-01,3,1.93,Germany,39,Chartreuse verte,1,18.0,0,1,Beverages,3.0,True,1997,1997-07
10615,55,24.0,5,0.0,120.0,0.0,120.0,WILMK,2,1997-07-30,1997-08-27,1997-08-06,3,0.75,Finland,55,Pâté chinois,6,24.0,0,6,Meat/Poultry,7.0,True,1997,1997-07
10616,38,263.5,15,0.05,3952.5,197.625,3754.875,GREAL,1,1997-07-31,1997-08-28,1997-08-05,2,116.53,USA,38,Côte de Blaye,1,263.5,0,1,Beverages,5.0,True,1997,1997-07
10616,56,38.0,14,0.0,532.0,0.0,532.0,GREAL,1,1997-07-31,1997-08-28,1997-08-05,2,116.53,USA,56,Gnocchi di nonna Alice,5,38.0,0,5,Grains/Cereals,5.0,True,1997,1997-07
10616,70,15.0,15,0.05,225.0,11.25,213.75,GREAL,1,1997-07-31,1997-08-28,1997-08-05,2,116.53,USA,70,Outback Lager,1,15.0,0,1,Beverages,5.0,True,1997,1997-07
10616,71,21.5,15,0.05,322.5,16.125,306.375,GREAL,1,1997-07-31,1997-08-28,1997-08-05,2,116.53,USA,71,Flotemysost,4,21.5,0,4,Dairy Products,5.0,True,1997,1997-07
10617,59,55.0,30,0.15,1650.0,247.5,1402.5,GREAL,4,1997-07-31,1997-08-28,1997-08-04,2,18.53,USA,59,Raclette Courdavault,4,55.0,0,4,Dairy Products,4.0,True,1997,1997-07
10618,6,25.0,70,0.0,1750.0,0.0,1750.0,MEREP,1,1997-08-01,1997-09-12,1997-08-08,1,154.68,Canada,6,Grandma's Boysenberry Spread,2,25.0,0,2,Condiments,7.0,True,1997,1997-08
10618,56,38.0,20,0.0,760.0,0.0,760.0,MEREP,1,1997-08-01,1997-09-12,1997-08-08,1,154.68,Canada,56,Gnocchi di nonna Alice,5,38.0,0,5,Grains/Cereals,7.0,True,1997,1997-08
10618,68,12.5,15,0.0,187.5,0.0,187.5,MEREP,1,1997-08-01,1997-09-12,1997-08-08,1,154.68,Canada,68,Scottish Longbreads,3,12.5,0,3,Confections,7.0,True,1997,1997-08
10619,21,10.0,42,0.0,420.0,0.0,420.0,MEREP,3,1997-08-04,1997-09-01,1997-08-07,3,91.05,Canada,21,Sir Rodney's Scones,3,10.0,0,3,Confections,3.0,True,1997,1997-08
10619,22,21.0,40,0.0,840.0,0.0,840.0,MEREP,3,1997-08-04,1997-09-01,1997-08-07,3,91.05,Canada,22,Gustaf's Knäckebröd,5,21.0,0,5,Grains/Cereals,3.0,True,1997,1997-08
10620,24,4.5,5,0.0,22.5,0.0,22.5,LAUGB,2,1997-08-05,1997-09-02,1997-08-14,3,0.94,Canada,24,Guaraná Fantástica,1,4.5,1,1,Beverages,9.0,True,1997,1997-08
10620,52,7.0,5,0.0,35.0,0.0,35.0,LAUGB,2,1997-08-05,1997-09-02,1997-08-14,3,0.94,Canada,52,Filo Mix,5,7.0,0,5,Grains/Cereals,9.0,True,1997,1997-08
10621,19,9.2,5,0.0,46.0,0.0,46.0,ISLAT,4,1997-08-05,1997-09-02,1997-08-11,2,23.73,UK,19,Teatime Chocolate Biscuits,3,9.2,0,3,Confections,6.0,True,1997,1997-08
10621,23,9.0,10,0.0,90.0,0.0,90.0,ISLAT,4,1997-08-05,1997-09-02,1997-08-11,2,23.73,UK,23,Tunnbröd,5,9.0,0,5,Grains/Cereals,6.0,True,1997,1997-08
10621,70,15.0,20,0.0,300.0,0.0,300.0,ISLAT,4,1997-08-05,1997-09-02,1997-08-11,2,23.73,UK,70,Outback Lager,1,15.0,0,1,Beverages,6.0,True,1997,1997-08
10621,71,21.5,15,0.0,322.5,0.0,322.5,ISLAT,4,1997-08-05,1997-09-02,1997-08-11,2,23.73,UK,71,Flotemysost,4,21.5,0,4,Dairy Products,6.0,True,1997,1997-08
10622,2,19.0,20,0.0,380.0,0.0,380.0,RICAR,4,1997-08-06,1997-09-03,1997-08-11,3,50.97,Brazil,2,Chang,1,19.0,0,1,Beverages,5.0,True,1997,1997-08
10622,68,12.5,18,0.2,225.0,45.0,180.0,RICAR,4,1997-08-06,1997-09-03,1997-08-11,3,50.97,Brazil,68,Scottish Longbreads,3,12.5,0,3,Confections,5.0,True,1997,1997-08
10623,14,23.25,21,0.0,488.25,0.0,488.25,FRANK,8,1997-08-07,1997-09-04,1997-08-12,2,97.18,Germany,14,Tofu,7,23.25,0,7,Produce,5.0,True,1997,1997-08
10623,19,9.2,15,0.1,138.0,13.8,124.2,FRANK,8,1997-08-07,1997-09-04,1997-08-12,2,97.18,Germany,19,Teatime Chocolate Biscuits,3,9.2,0,3,Confections,5.0,True,1997,1997-08
10623,21,10.0,25,0.1,250.0,25.0,225.0,FRANK,8,1997-08-07,1997-09-04,1997-08-12,2,97.18,Germany,21,Sir Rodney's Scones,3,10.0,0,3,Confections,5.0,True,1997,1997-08
10623,24,4.5,3,0.0,13.5,0.0,13.5,FRANK,8,1997-08-07,1997-09-04,1997-08-12,2,97.18,Germany,24,Guaraná Fantástica,1,4.5,1,1,Beverages,5.0,True,1997,1997-08
10623,35,18.0,30,0.1,540.0,54.0,486.0,FRANK,8,1997-08-07,1997-09-04,1997-08-12,2,97.18,Germany,35,Steeleye Stout,1,18.0,0,1,Beverages,5.0,True,1997,1997-08
10624,28,45.6,10,0.0,456.0,0.0,456.0,THECR,4,1997-08-07,1997-09-04,1997-08-19,2,94.8,USA,28,Rössle Sauerkraut,7,45.6,1,7,Produce,12.0,True,1997,1997-08
10624,29,123.79,6,0.0,742.74,0.0,742.74,THECR,4,1997-08-07,1997-09-04,1997-08-19,2,94.8,USA,29,Thüringer Rostbratwurst,6,123.79,1,6,Meat/Poultry,12.0,True,1997,1997-08
10624,44,19.45,10,0.0,194.5,0.0,194.5,THECR,4,1997-08-07,1997-09-04,1997-08-19,2,94.8,USA,44,Gula Malacca,2,19.45,0,2,Condiments,12.0,True,1997,1997-08
10625,14,23.25,3,0.0,69.75,0.0,69.75,ANATR,3,1997-08-08,1997-09-05,1997-08-14,1,43.9,Mexico,14,Tofu,7,23.25,0,7,Produce,6.0,True,1997,1997-08
10625,42,14.0,5,0.0,70.0,0.0,70.0,ANATR,3,1997-08-08,1997-09-05,1997-08-14,1,43.9,Mexico,42,Singaporean Hokkien Fried Mee,5,14.0,1,5,Grains/Cereals,6.0,True,1997,1997-08
10625,60,34.0,10,0.0,340.0,0.0,340.0,ANATR,3,1997-08-08,1997-09-05,1997-08-14,1,43.9,Mexico,60,Camembert Pierrot,4,34.0,0,4,Dairy Products,6.0,True,1997,1997-08
10626,53,32.8,12,0.0,393.59999999999997,0.0,393.59999999999997,BERGS,1,1997-08-11,1997-09-08,1997-08-20,2,138.69,Sweden,53,Perth Pasties,6,32.8,1,6,Meat/Poultry,9.0,True,1997,1997-08
10626,60,34.0,20,0.0,680.0,0.0,680.0,BERGS,1,1997-08-11,1997-09-08,1997-08-20,2,138.69,Sweden,60,Camembert Pierrot,4,34.0,0,4,Dairy Products,9.0,True,1997,1997-08
10626,71,21.5,20,0.0,430.0,0.0,430.0,BERGS,1,1997-08-11,1997-09-08,1997-08-20,2,138.69,Sweden,71,Flotemysost,4,21.5,0,4,Dairy Products,9.0,True,1997,1997-08
10627,62,49.3,15,0.0,739.5,0.0,739.5,SAVEA,8,1997-08-11,1997-09-22,1997-08-21,3,107.46,USA,62,Tarte au sucre,3,49.3,0,3,Confections,10.0,True,1997,1997-08
10627,73,15.0,35,0.15,525.0,78.75,446.25,SAVEA,8,1997-08-11,1997-09-22,1997-08-21,3,107.46,USA,73,Röd Kaviar,8,15.0,0,8,Seafood,10.0,True,1997,1997-08
10628,1,18.0,25,0.0,450.0,0.0,450.0,BLONP,4,1997-08-12,1997-09-09,1997-08-20,3,30.36,France,1,Chai,1,18.0,0,1,Beverages,8.0,True,1997,1997-08
10629,29,123.79,20,0.0,2475.8,0.0,2475.8,GODOS,4,1997-08-12,1997-09-09,1997-08-20,3,85.46,Spain,29,Thüringer Rostbratwurst,6,123.79,1,6,Meat/Poultry,8.0,True,1997,1997-08
10629,64,33.25,9,0.0,299.25,0.0,299.25,GODOS,4,1997-08-12,1997-09-09,1997-08-20,3,85.46,Spain,64,Wimmers gute Semmelknödel,5,33.25,0,5,Grains/Cereals,8.0,True,1997,1997-08
10630,55,24.0,12,0.05,288.0,14.4,273.6,KOENE,1,1997-08-13,1997-09-10,1997-08-19,2,32.35,Germany,55,Pâté chinois,6,24.0,0,6,Meat/Poultry,6.0,True,1997,1997-08
10630,76,18.0,35,0.0,630.0,0.0,630.0,KOENE,1,1997-08-13,1997-09-10,1997-08-19,2,32.35,Germany,76,Lakkalikööri,1,18.0,0,1,Beverages,6.0,True,1997,1997-08
10631,75,7.75,8,0.1,62.0,6.2,55.8,LAMAI,8,1997-08-14,1997-09-11,1997-08-15,1,0.87,France,75,Rhönbräu Klosterbier,1,7.75,0,1,Beverages,1.0,True,1997,1997-08
10632,2,19.0,30,0.05,570.0,28.5,541.5,WANDK,8,1997-08-14,1997-09-11,1997-08-19,1,41.38,Germany,2,Chang,1,19.0,0,1,Beverages,5.0,True,1997,1997-08
10632,33,2.5,20,0.05,50.0,2.5,47.5,WANDK,8,1997-08-14,1997-09-11,1997-08-19,1,41.38,Germany,33,Geitost,4,2.5,0,4,Dairy Products,5.0,True,1997,1997-08
10633,12,38.0,36,0.15,1368.0,205.2,1162.8,ERNSH,7,1997-08-15,1997-09-12,1997-08-18,3,477.9,Austria,12,Queso Manchego La Pastora,4,38.0,0,4,Dairy Products,3.0,True,1997,1997-08
10633,13,6.0,13,0.15,78.0,11.7,66.3,ERNSH,7,1997-08-15,1997-09-12,1997-08-18,3,477.9,Austria,13,Konbu,8,6.0,0,8,Seafood,3.0,True,1997,1997-08
10633,26,31.23,35,0.15,1093.05,163.95749999999998,929.0925,ERNSH,7,1997-08-15,1997-09-12,1997-08-18,3,477.9,Austria,26,Gumbär Gummibärchen,3,31.23,0,3,Confections,3.0,True,1997,1997-08
10633,62,49.3,80,0.15,3944.0,591.6,3352.4,ERNSH,7,1997-08-15,1997-09-12,1997-08-18,3,477.9,Austria,62,Tarte au sucre,3,49.3,0,3,Confections,3.0,True,1997,1997-08
10634,7,30.0,35,0.0,1050.0,0.0,1050.0,FOLIG,4,1997-08-15,1997-09-12,1997-08-21,3,487.38,France,7,Uncle Bob's Organic Dried Pears,7,30.0,0,7,Produce,6.0,True,1997,1997-08
10634,18,62.5,50,0.0,3125.0,0.0,3125.0,FOLIG,4,1997-08-15,1997-09-12,1997-08-21,3,487.38,France,18,Carnarvon Tigers,8,62.5,0,8,Seafood,6.0,True,1997,1997-08
10634,51,53.0,15,0.0,795.0,0.0,795.0,FOLIG,4,1997-08-15,1997-09-12,1997-08-21,3,487.38,France,51,Manjimup Dried Apples,7,53.0,0,7,Produce,6.0,True,1997,1997-08
10634,75,7.75,2,0.0,15.5,0.0,15.5,FOLIG,4,1997-08-15,1997-09-12,1997-08-21,3,487.38,France,75,Rhönbräu Klosterbier,1,7.75,0,1,Beverages,6.0,True,1997,1997-08
10635,4,22.0,10,0.1,220.0,22.0,198.0,MAGAA,8,1997-08-18,1997-09-15,1997-08-21,3,47.46,Italy,4,Chef Anton's Cajun Seasoning,2,22.0,0,2,Condiments,3.0,True,1997,1997-08
10635,5,21.35,15,0.1,320.25,32.025,288.225,MAGAA,8,1997-08-18,1997-09-15,1997-08-21,3,47.46,Italy,5,Chef Anton's Gumbo Mix,2,21.35,1,2,Condiments,3.0,True,1997,1997-08
10635,22,21.0,40,0.0,840.0,0.0,840.0,MAGAA,8,1997-08-18,1997-09-15,1997-08-21,3,47.46,Italy,22,Gustaf's Knäckebröd,5,21.0,0,5,Grains/Cereals,3.0,True,1997,1997-08
10636,4,22.0,25,0.0,550.0,0.0,550.0,WARTH,4,1997-08-19,1997-09-16,1997-08-26,1,1.15,Finland,4,Chef Anton's Cajun Seasoning,2,22.0,0,2,Condiments,7.0,True,1997,1997-08
10636,58,13.25,6,0.0,79.5,0.0,79.5,WARTH,4,1997-08-19,1997-09-16,1997-08-26,1,1.15,Finland,58,Escargots de Bourgogne,8,13.25,0,8,Seafood,7.0,True,1997,1997-08
10637,11,21.0,10,0.0,210.0,0.0,210.0,QUEEN,6,1997-08-19,1997-09-16,1997-08-26,1,201.29,Brazil,11,Queso Cabrales,4,21.0,0,4,Dairy Products,7.0,True,1997,1997-08
10637,50,16.25,25,0.05,406.25,20.3125,385.9375,QUEEN,6,1997-08-19,1997-09-16,1997-08-26,1,201.29,Brazil,50,Valkoinen suklaa,3,16.25,0,3,Confections,7.0,True,1997,1997-08
10637,56,38.0,60,0.05,2280.0,114.0,2166.0,QUEEN,6,1997-08-19,1997-09-16,1997-08-26,1,201.29,Brazil,56,Gnocchi di nonna Alice,5,38.0,0,5,Grains/Cereals,7.0,True,1997,1997-08
10638,45,9.5,20,0.0,190.0,0.0,190.0,LINOD,3,1997-08-20,1997-09-17,1997-09-01,1,158.44,Venezuela,45,Rogede sild,8,9.5,0,8,Seafood,12.0,True,1997,1997-08
10638,65,21.05,21,0.0,442.05,0.0,442.05,LINOD,3,1997-08-20,1997-09-17,1997-09-01,1,158.44,Venezuela,65,Louisiana Fiery Hot Pepper Sauce,2,21.05,0,2,Condiments,12.0,True,1997,1997-08
10638,72,34.8,60,0.0,2088.0,0.0,2088.0,LINOD,3,1997-08-20,1997-09-17,1997-09-01,1,158.44,Venezuela,72,Mozzarella di Giovanni,4,34.8,0,4,Dairy Products,12.0,True,1997,1997-08
10639,18,62.5,8,0.0,500.0,0.0,500.0,SANTG,7,1997-08-20,1997-09-17,1997-08-27,3,38.64,Norway,18,Carnarvon Tigers,8,62.5,0,8,Seafood,7.0,True,1997,1997-08
10640,69,36.0,20,0.25,720.0,180.0,540.0,WANDK,4,1997-08-21,1997-09-18,1997-08-28,1,23.55,Germany,69,Gudbrandsdalsost,4,36.0,0,4,Dairy Products,7.0,True,1997,1997-08
10640,70,15.0,15,0.25,225.0,56.25,168.75,WANDK,4,1997-08-21,1997-09-18,1997-08-28,1,23.55,Germany,70,Outback Lager,1,15.0,0,1,Beverages,7.0,True,1997,1997-08
10641,2,19.0,50,0.0,950.0,0.0,950.0,HILAA,4,1997-08-22,1997-09-19,1997-08-26,2,179.61,Venezuela,2,Chang,1,19.0,0,1,Beverages,4.0,True,1997,1997-08
10641,40,18.4,60,0.0,1104.0,0.0,1104.0,HILAA,4,1997-08-22,1997-09-19,1997-08-26,2,179.61,Venezuela,40,Boston Crab Meat,8,18.4,0,8,Seafood,4.0,True,1997,1997-08
10642,21,10.0,30,0.2,300.0,60.0,240.0,SIMOB,7,1997-08-22,1997-09-19,1997-09-05,3,41.89,Denmark,21,Sir Rodney's Scones,3,10.0,0,3,Confections,14.0,True,1997,1997-08
10642,61,28.5,20,0.2,570.0,114.0,456.0,SIMOB,7,1997-08-22,1997-09-19,1997-09-05,3,41.89,Denmark,61,Sirop d'érable,2,28.5,0,2,Condiments,14.0,True,1997,1997-08
10643,28,45.6,15,0.25,684.0,171.0,513.0,ALFKI,6,1997-08-25,1997-09-22,1997-09-02,1,29.46,Germany,28,Rössle Sauerkraut,7,45.6,1,7,Produce,8.0,True,1997,1997-08
10643,39,18.0,21,0.25,378.0,94.5,283.5,ALFKI,6,1997-08-25,1997-09-22,1997-09-02,1,29.46,Germany,39,Chartreuse verte,1,18.0,0,1,Beverages,8.0,True,1997,1997-08
10643,46,12.0,2,0.25,24.0,6.0,18.0,ALFKI,6,1997-08-25,1997-09-22,1997-09-02,1,29.46,Germany,46,Spegesild,8,12.0,0,8,Seafood,8.0,True,1997,1997-08
10644,18,62.5,4,0.1,250.0,25.0,225.0,WELLI,3,1997-08-25,1997-09-22,1997-09-01,2,0.14,Brazil,18,Carnarvon Tigers,8,62.5,0,8,Seafood,7.0,True,1997,1997-08
10644,43,46.0,20,0.0,920.0,0.0,920.0,WELLI,3,1997-08-25,1997-09-22,1997-09-01,2,0.14,Brazil,43,Ipoh Coffee,1,46.0,0,1,Beverages,7.0,True,1997,1997-08
10644,46,12.0,21,0.1,252.0,25.200000000000003,226.8,WELLI,3,1997-08-25,1997-09-22,1997-09-01,2,0.14,Brazil,46,Spegesild,8,12.0,0,8,Seafood,7.0,True,1997,1997-08
10645,18,62.5,20,0.0,1250.0,0.0,1250.0,HANAR,4,1997-08-26,1997-09-23,1997-09-02,1,12.41,Brazil,18,Carnarvon Tigers,8,62.5,0,8,Seafood,7.0,True,1997,1997-08
10645,36,19.0,15,0.0,285.0,0.0,285.0,HANAR,4,1997-08-26,1997-09-23,1997-09-02,1,12.41,Brazil,36,Inlagd Sill,8,19.0,0,8,Seafood,7.0,True,1997,1997-08
10646,1,18.0,15,0.25,270.0,67.5,202.5,HUNGO,9,1997-08-27,1997-10-08,1997-09-03,3,142.33,Ireland,1,Chai,1,18.0,0,1,Beverages,7.0,True,1997,1997-08
10646,10,31.0,18,0.25,558.0,139.5,418.5,HUNGO,9,1997-08-27,1997-10-08,1997-09-03,3,142.33,Ireland,10,Ikura,8,31.0,0,8,Seafood,7.0,True,1997,1997-08
10646,71,21.5,30,0.25,645.0,161.25,483.75,HUNGO,9,1997-08-27,1997-10-08,1997-09-03,3,142.33,Ireland,71,Flotemysost,4,21.5,0,4,Dairy Products,7.0,True,1997,1997-08
10646,77,13.0,35,0.25,455.0,113.75,341.25,HUNGO,9,1997-08-27,1997-10-08,1997-09-03,3,142.33,Ireland,77,Original Frankfurter grüne Soße,2,13.0,0,2,Condiments,7.0,True,1997,1997-08
10647,19,9.2,30,0.0,276.0,0.0,276.0,QUEDE,4,1997-08-27,1997-09-10,1997-09-03,2,45.54,Brazil,19,Teatime Chocolate Biscuits,3,9.2,0,3,Confections,7.0,True,1997,1997-08
10647,39,18.0,20,0.0,360.0,0.0,360.0,QUEDE,4,1997-08-27,1997-09-10,1997-09-03,2,45.54,Brazil,39,Chartreuse verte,1,18.0,0,1,Beverages,7.0,True,1997,1997-08
10648,22,21.0,15,0.0,315.0,0.0,315.0,RICAR,5,1997-08-28,1997-10-09,1997-09-09,2,14.25,Brazil,22,Gustaf's Knäckebröd,5,21.0,0,5,Grains/Cereals,12.0,True,1997,1997-08
10648,24,4.5,15,0.15,67.5,10.125,57.375,RICAR,5,1997-08-28,1997-10-09,1997-09-09,2,14.25,Brazil,24,Guaraná Fantástica,1,4.5,1,1,Beverages,12.0,True,1997,1997-08
10649,28,45.6,20,0.0,912.0,0.0,912.0,MAISD,5,1997-08-28,1997-09-25,1997-08-29,3,6.2,Belgium,28,Rössle Sauerkraut,7,45.6,1,7,Produce,1.0,True,1997,1997-08
10649,72,34.8,15,0.0,522.0,0.0,522.0,MAISD,5,1997-08-28,1997-09-25,1997-08-29,3,6.2,Belgium,72,Mozzarella di Giovanni,4,34.8,0,4,Dairy Products,1.0,True,1997,1997-08
10650,30,25.89,30,0.0,776.7,0.0,776.7,FAMIA,5,1997-08-29,1997-09-26,1997-09-03,3,176.81,Brazil,30,Nord-Ost Matjeshering,8,25.89,0,8,Seafood,5.0,True,1997,1997-08
10650,53,32.8,25,0.05,819.9999999999999,41.0,778.9999999999999,FAMIA,5,1997-08-29,1997-09-26,1997-09-03,3,176.81,Brazil,53,Perth Pasties,6,32.8,1,6,Meat/Poultry,5.0,True,1997,1997-08
10650,54,7.45,30,0.0,223.5,0.0,223.5,FAMIA,5,1997-08-29,1997-09-26,1997-09-03,3,176.81,Brazil,54,Tourtière,6,7.45,0,6,Meat/Poultry,5.0,True,1997,1997-08
10651,19,9.2,12,0.25,110.39999999999999,27.599999999999998,82.8,WANDK,8,1997-09-01,1997-09-29,1997-09-11,2,20.6,Germany,19,Teatime Chocolate Biscuits,3,9.2,0,3,Confections,10.0,True,1997,1997-09
10651,22,21.0,20,0.25,420.0,105.0,315.0,WANDK,8,1997-09-01,1997-09-29,1997-09-11,2,20.6,Germany,22,Gustaf's Knäckebröd,5,21.0,0,5,Grains/Cereals,10.0,True,1997,1997-09
10652,30,25.89,2,0.25,51.78,12.945,38.835,GOURL,4,1997-09-01,1997-09-29,1997-09-08,2,7.14,Brazil,30,Nord-Ost Matjeshering,8,25.89,0,8,Seafood,7.0,True,1997,1997-09
10652,42,14.0,20,0.0,280.0,0.0,280.0,GOURL,4,1997-09-01,1997-09-29,1997-09-08,2,7.14,Brazil,42,Singaporean Hokkien Fried Mee,5,14.0,1,5,Grains/Cereals,7.0,True,1997,1997-09
10653,16,17.45,30,0.1,523.5,52.35,471.15,FRANK,1,1997-09-02,1997-09-30,1997-09-19,1,93.25,Germany,16,Pavlova,3,17.45,0,3,Confections,17.0,True,1997,1997-09
10653,60,34.0,20,0.1,680.0,68.0,612.0,FRANK,1,1997-09-02,1997-09-30,1997-09-19,1,93.25,Germany,60,Camembert Pierrot,4,34.0,0,4,Dairy Products,17.0,True,1997,1997-09
10654,4,22.0,12,0.1,264.0,26.400000000000002,237.6,BERGS,5,1997-09-02,1997-09-30,1997-09-11,1,55.26,Sweden,4,Chef Anton's Cajun Seasoning,2,22.0,0,2,Condiments,9.0,True,1997,1997-09
10654,39,18.0,20,0.1,360.0,36.0,324.0,BERGS,5,1997-09-02,1997-09-30,1997-09-11,1,55.26,Sweden,39,Chartreuse verte,1,18.0,0,1,Beverages,9.0,True,1997,1997-09
10654,54,7.45,6,0.1,44.7,4.470000000000001,40.230000000000004,BERGS,5,1997-09-02,1997-09-30,1997-09-11,1,55.26,Sweden,54,Tourtière,6,7.45,0,6,Meat/Poultry,9.0,True,1997,1997-09
10655,41,9.65,20,0.2,193.0,38.6,154.4,REGGC,1,1997-09-03,1997-10-01,1997-09-11,2,4.41,Italy,41,Jack's New England Clam Chowder,8,9.65,0,8,Seafood,8.0,True,1997,1997-09
10656,14,23.25,3,0.1,69.75,6.9750000000000005,62.775,GREAL,6,1997-09-04,1997-10-02,1997-09-10,1,57.15,USA,14,Tofu,7,23.25,0,7,Produce,6.0,True,1997,1997-09
10656,44,19.45,28,0.1,544.6,54.46000000000001,490.14,GREAL,6,1997-09-04,1997-10-02,1997-09-10,1,57.15,USA,44,Gula Malacca,2,19.45,0,2,Condiments,6.0,True,1997,1997-09
10656,47,9.5,6,0.1,57.0,5.7,51.3,GREAL,6,1997-09-04,1997-10-02,1997-09-10,1,57.15,USA,47,Zaanse koeken,3,9.5,0,3,Confections,6.0,True,1997,1997-09
10657,15,15.5,50,0.0,775.0,0.0,775.0,SAVEA,2,1997-09-04,1997-10-02,1997-09-15,2,352.69,USA,15,Genen Shouyu,2,15.5,0,2,Condiments,11.0,True,1997,1997-09
10657,41,9.65,24,0.0,231.60000000000002,0.0,231.60000000000002,SAVEA,2,1997-09-04,1997-10-02,1997-09-15,2,352.69,USA,41,Jack's New England Clam Chowder,8,9.65,0,8,Seafood,11.0,True,1997,1997-09
10657,46,12.0,45,0.0,540.0,0.0,540.0,SAVEA,2,1997-09-04,1997-10-02,1997-09-15,2,352.69,USA,46,Spegesild,8,12.0,0,8,Seafood,11.0,True,1997,1997-09
10657,47,9.5,10,0.0,95.0,0.0,95.0,SAVEA,2,1997-09-04,1997-10-02,1997-09-15,2,352.69,USA,47,Zaanse koeken,3,9.5,0,3,Confections,11.0,True,1997,1997-09
10657,56,38.0,45,0.0,1710.0,0.0,1710.0,SAVEA,2,1997-09-04,1997-10-02,1997-09-15,2,352.69,USA,56,Gnocchi di nonna Alice,5,38.0,0,5,Grains/Cereals,11.0,True,1997,1997-09
10657,60,34.0,30,0.0,1020.0,0.0,1020.0,SAVEA,2,1997-09-04,1997-10-02,1997-09-15,2,352.69,USA,60,Camembert Pierrot,4,34.0,0,4,Dairy Products,11.0,True,1997,1997-09
10658,21,10.0,60,0.0,600.0,0.0,600.0,QUICK,4,1997-09-05,1997-10-03,1997-09-08,1,364.15,Germany,21,Sir Rodney's Scones,3,10.0,0,3,Confections,3.0,True,1997,1997-09
10658,40,18.4,70,0.05,1288.0,64.4,1223.6,QUICK,4,1997-09-05,1997-10-03,1997-09-08,1,364.15,Germany,40,Boston Crab Meat,8,18.4,0,8,Seafood,3.0,True,1997,1997-09
10658,60,34.0,55,0.05,1870.0,93.5,1776.5,QUICK,4,1997-09-05,1997-10-03,1997-09-08,1,364.15,Germany,60,Camembert Pierrot,4,34.0,0,4,Dairy Products,3.0,True,1997,1997-09
10658,77,13.0,70,0.05,910.0,45.5,864.5,QUICK,4,1997-09-05,1997-10-03,1997-09-08,1,364.15,Germany,77,Original Frankfurter grüne Soße,2,13.0,0,2,Condiments,3.0,True,1997,1997-09
10659,31,12.5,20,0.05,250.0,12.5,237.5,QUEEN,7,1997-09-05,1997-10-03,1997-09-10,2,105.81,Brazil,31,Gorgonzola Telino,4,12.5,0,4,Dairy Products,5.0,True,1997,1997-09
10659,40,18.4,24,0.05,441.59999999999997,22.08,419.52,QUEEN,7,1997-09-05,1997-10-03,1997-09-10,2,105.81,Brazil,40,Boston Crab Meat,8,18.4,0,8,Seafood,5.0,True,1997,1997-09
10659,70,15.0,40,0.05,600.0,30.0,570.0,QUEEN,7,1997-09-05,1997-10-03,1997-09-10,2,105.81,Brazil,70,Outback Lager,1,15.0,0,1,Beverages,5.0,True,1997,1997-09
10660,20,81.0,21,0.0,1701.0,0.0,1701.0,HUNGC,8,1997-09-08,1997-10-06,1997-10-15,1,111.29,USA,20,Sir Rodney's Marmalade,3,81.0,0,3,Confections,37.0,False,1997,1997-09
10661,39,18.0,3,0.2,54.0,10.8,43.2,HUNGO,7,1997-09-09,1997-10-07,1997-09-15,3,17.55,Ireland,39,Chartreuse verte,1,18.0,0,1,Beverages,6.0,True,1997,1997-09
10661,58,13.25,49,0.2,649.25,129.85,519.4,HUNGO,7,1997-09-09,1997-10-07,1997-09-15,3,17.55,Ireland,58,Escargots de Bourgogne,8,13.25,0,8,Seafood,6.0,True,1997,1997-09
10662,68,12.5,10,0.0,125.0,0.0,125.0,LONEP,3,1997-09-09,1997-10-07,1997-09-18,2,1.28,USA,68,Scottish Longbreads,3,12.5,0,3,Confections,9.0,True,1997,1997-09
10663,40,18.4,30,0.05,552.0,27.6,524.4,BONAP,2,1997-09-10,1997-09-24,1997-10-03,2,113.15,France,40,Boston Crab Meat,8,18.4,0,8,Seafood,23.0,False,1997,1997-09
10663,42,14.0,30,0.05,420.0,21.0,399.0,BONAP,2,1997-09-10,1997-09-24,1997-10-03,2,113.15,France,42,Singaporean Hokkien Fried Mee,5,14.0,1,5,Grains/Cereals,23.0,False,1997,1997-09
10663,51,53.0,20,0.05,1060.0,53.0,1007.0,BONAP,2,1997-09-10,1997-09-24,1997-10-03,2,113.15,France,51,Manjimup Dried Apples,7,53.0,0,7,Produce,23.0,False,1997,1997-09
10664,10,31.0,24,0.15,744.0,111.6,632.4,FURIB,1,1997-09-10,1997-10-08,1997-09-19,3,1.27,Portugal,10,Ikura,8,31.0,0,8,Seafood,9.0,True,1997,1997-09
10664,56,38.0,12,0.15,456.0,68.39999999999999,387.6,FURIB,1,1997-09-10,1997-10-08,1997-09-19,3,1.27,Portugal,56,Gnocchi di nonna Alice,5,38.0,0,5,Grains/Cereals,9.0,True,1997,1997-09
10664,65,21.05,15,0.15,315.75,47.3625,268.3875,FURIB,1,1997-09-10,1997-10-08,1997-09-19,3,1.27,Portugal,65,Louisiana Fiery Hot Pepper Sauce,2,21.05,0,2,Condiments,9.0,True,1997,1997-09
10665,51,53.0,20,0.0,1060.0,0.0,1060.0,LONEP,1,1997-09-11,1997-10-09,1997-09-17,2,26.31,USA,51,Manjimup Dried Apples,7,53.0,0,7,Produce,6.0,True,1997,1997-09
10665,59,55.0,1,0.0,55.0,0.0,55.0,LONEP,1,1997-09-11,1997-10-09,1997-09-17,2,26.31,USA,59,Raclette Courdavault,4,55.0,0,4,Dairy Products,6.0,True,1997,1997-09
10665,76,18.0,10,0.0,180.0,0.0,180.0,LONEP,1,1997-09-11,1997-10-09,1997-09-17,2,26.31,USA,76,Lakkalikööri,1,18.0,0,1,Beverages,6.0,True,1997,1997-09
10666,29,123.79,36,0.0,4456.4400000000005,0.0,4456.4400000000005,RICSU,7,1997-09-12,1997-10-10,1997-09-22,2,232.42,Switzerland,29,Thüringer Rostbratwurst,6,123.79,1,6,Meat/Poultry,10.0,True,1997,1997-09
10666,65,21.05,10,0.0,210.5,0.0,210.5,RICSU,7,1997-09-12,1997-10-10,1997-09-22,2,232.42,Switzerland,65,Louisiana Fiery Hot Pepper Sauce,2,21.05,0,2,Condiments,10.0,True,1997,1997-09
10667,69,36.0,45,0.2,1620.0,324.0,1296.0,ERNSH,7,1997-09-12,1997-10-10,1997-09-19,1,78.09,Austria,69,Gudbrandsdalsost,4,36.0,0,4,Dairy Products,7.0,True,1997,1997-09
10667,71,21.5,14,0.2,301.0,60.2,240.8,ERNSH,7,1997-09-12,1997-10-10,1997-09-19,1,78.09,Austria,71,Flotemysost,4,21.5,0,4,Dairy Products,7.0,True,1997,1997-09
10668,31,12.5,8,0.1,100.0,10.0,90.0,WANDK,1,1997-09-15,1997-10-13,1997-09-23,2,47.22,Germany,31,Gorgonzola Telino,4,12.5,0,4,Dairy Products,8.0,True,1997,1997-09
10668,55,24.0,4,0.1,96.0,9.600000000000001,86.4,WANDK,1,1997-09-15,1997-10-13,1997-09-23,2,47.22,Germany,55,Pâté chinois,6,24.0,0,6,Meat/Poultry,8.0,True,1997,1997-09
10668,64,33.25,15,0.1,498.75,49.875,448.875,WANDK,1,1997-09-15,1997-10-13,1997-09-23,2,47.22,Germany,64,Wimmers gute Semmelknödel,5,33.25,0,5,Grains/Cereals,8.0,True,1997,1997-09
10669,36,19.0,30,0.0,570.0,0.0,570.0,SIMOB,2,1997-09-15,1997-10-13,1997-09-22,1,24.39,Denmark,36,Inlagd Sill,8,19.0,0,8,Seafood,7.0,True,1997,1997-09
10670,23,9.0,32,0.0,288.0,0.0,288.0,FRANK,4,1997-09-16,1997-10-14,1997-09-18,1,203.48,Germany,23,Tunnbröd,5,9.0,0,5,Grains/Cereals,2.0,True,1997,1997-09
10670,46,12.0,60,0.0,720.0,0.0,720.0,FRANK,4,1997-09-16,1997-10-14,1997-09-18,1,203.48,Germany,46,Spegesild,8,12.0,0,8,Seafood,2.0,True,1997,1997-09
10670,67,14.0,25,0.0,350.0,0.0,350.0,FRANK,4,1997-09-16,1997-10-14,1997-09-18,1,203.48,Germany,67,Laughing Lumberjack Lager,1,14.0,0,1,Beverages,2.0,True,1997,1997-09
10670,73,15.0,50,0.0,750.0,0.0,750.0,FRANK,4,1997-09-16,1997-10-14,1997-09-18,1,203.48,Germany,73,Röd Kaviar,8,15.0,0,8,Seafood,2.0,True,1997,1997-09
10670,75,7.75,25,0.0,193.75,0.0,193.75,FRANK,4,1997-09-16,1997-10-14,1997-09-18,1,203.48,Germany,75,Rhönbräu Klosterbier,1,7.75,0,1,Beverages,2.0,True,1997,1997-09
10671,16,17.45,10,0.0,174.5,0.0,174.5,FRANR,1,1997-09-17,1997-10-15,1997-09-24,1,30.34,France,16,Pavlova,3,17.45,0,3,Confections,7.0,True,1997,1997-09
10671,62,49.3,10,0.0,493.0,0.0,493.0,FRANR,1,1997-09-17,1997-10-15,1997-09-24,1,30.34,France,62,Tarte au sucre,3,49.3,0,3,Confections,7.0,True,1997,1997-09
10671,65,21.05,12,0.0,252.60000000000002,0.0,252.60000000000002,FRANR,1,1997-09-17,1997-10-15,1997-09-24,1,30.34,France,65,Louisiana Fiery Hot Pepper Sauce,2,21.05,0,2,Condiments,7.0,True,1997,1997-09
10672,38,263.5,15,0.1,3952.5,395.25,3557.25,BERGS,9,1997-09-17,1997-10-01,1997-09-26,2,95.75,Sweden,38,Côte de Blaye,1,263.5,0,1,Beverages,9.0,True,1997,1997-09
10672,71,21.5,12,0.0,258.0,0.0,258.0,BERGS,9,1997-09-17,1997-10-01,1997-09-26,2,95.75,Sweden,71,Flotemysost,4,21.5,0,4,Dairy Products,9.0,True,1997,1997-09
10673,16,17.45,3,0.0,52.349999999999994,0.0,52.349999999999994,WILMK,2,1997-09-18,1997-10-16,1997-09-19,1,22.76,Finland,16,Pavlova,3,17.45,0,3,Confections,1.0,True,1997,1997-09
10673,42,14.0,6,0.0,84.0,0.0,84.0,WILMK,2,1997-09-18,1997-10-16,1997-09-19,1,22.76,Finland,42,Singaporean Hokkien Fried Mee,5,14.0,1,5,Grains/Cereals,1.0,True,1997,1997-09
10673,43,46.0,6,0.0,276.0,0.0,276.0,WILMK,2,1997-09-18,1997-10-16,1997-09-19,1,22.76,Finland,43,Ipoh Coffee,1,46.0,0,1,Beverages,1.0,True,1997,1997-09
10674,23,9.0,5,0.0,45.0,0.0,45.0,ISLAT,4,1997-09-18,1997-10-16,1997-09-30,2,0.9,UK,23,Tunnbröd,5,9.0,0,5,Grains/Cereals,12.0,True,1997,1997-09
10675,14,23.25,30,0.0,697.5,0.0,697.5,FRANK,5,1997-09-19,1997-10-17,1997-09-23,2,31.85,Germany,14,Tofu,7,23.25,0,7,Produce,4.0,True,1997,1997-09
10675,53,32.8,10,0.0,328.0,0.0,328.0,FRANK,5,1997-09-19,1997-10-17,1997-09-23,2,31.85,Germany,53,Perth Pasties,6,32.8,1,6,Meat/Poultry,4.0,True,1997,1997-09
10675,58,13.25,30,0.0,397.5,0.0,397.5,FRANK,5,1997-09-19,1997-10-17,1997-09-23,2,31.85,Germany,58,Escargots de Bourgogne,8,13.25,0,8,Seafood,4.0,True,1997,1997-09
10676,10,31.0,2,0.0,62.0,0.0,62.0,TORTU,2,1997-09-22,1997-10-20,1997-09-29,2,2.01,Mexico,10,Ikura,8,31.0,0,8,Seafood,7.0,True,1997,1997-09
10676,19,9.2,7,0.0,64.39999999999999,0.0,64.39999999999999,TORTU,2,1997-09-22,1997-10-20,1997-09-29,2,2.01,Mexico,19,Teatime Chocolate Biscuits,3,9.2,0,3,Confections,7.0,True,1997,1997-09
10676,44,19.45,21,0.0,408.45,0.0,408.45,TORTU,2,1997-09-22,1997-10-20,1997-09-29,2,2.01,Mexico,44,Gula Malacca,2,19.45,0,2,Condiments,7.0,True,1997,1997-09
10677,26,31.23,30,0.15,936.9,140.535,796.365,ANTON,1,1997-09-22,1997-10-20,1997-09-26,3,4.03,Mexico,26,Gumbär Gummibärchen,3,31.23,0,3,Confections,4.0,True,1997,1997-09
10677,33,2.5,8,0.15,20.0,3.0,17.0,ANTON,1,1997-09-22,1997-10-20,1997-09-26,3,4.03,Mexico,33,Geitost,4,2.5,0,4,Dairy Products,4.0,True,1997,1997-09
10678,12,38.0,100,0.0,3800.0,0.0,3800.0,SAVEA,7,1997-09-23,1997-10-21,1997-10-16,3,388.98,USA,12,Queso Manchego La Pastora,4,38.0,0,4,Dairy Products,23.0,True,1997,1997-09
10678,33,2.5,30,0.0,75.0,0.0,75.0,SAVEA,7,1997-09-23,1997-10-21,1997-10-16,3,388.98,USA,33,Geitost,4,2.5,0,4,Dairy Products,23.0,True,1997,1997-09
10678,41,9.65,120,0.0,1158.0,0.0,1158.0,SAVEA,7,1997-09-23,1997-10-21,1997-10-16,3,388.98,USA,41,Jack's New England Clam Chowder,8,9.65,0,8,Seafood,23.0,True,1997,1997-09
10678,54,7.45,30,0.0,223.5,0.0,223.5,SAVEA,7,1997-09-23,1997-10-21,1997-10-16,3,388.98,USA,54,Tourtière,6,7.45,0,6,Meat/Poultry,23.0,True,1997,1997-09
10679,59,55.0,12,0.0,660.0,0.0,660.0,BLONP,8,1997-09-23,1997-10-21,1997-09-30,3,27.94,France,59,Raclette Courdavault,4,55.0,0,4,Dairy Products,7.0,True,1997,1997-09
10680,16,17.45,50,0.25,872.5,218.125,654.375,OLDWO,1,1997-09-24,1997-10-22,1997-09-26,1,26.61,USA,16,Pavlova,3,17.45,0,3,Confections,2.0,True,1997,1997-09
10680,31,12.5,20,0.25,250.0,62.5,187.5,OLDWO,1,1997-09-24,1997-10-22,1997-09-26,1,26.61,USA,31,Gorgonzola Telino,4,12.5,0,4,Dairy Products,2.0,True,1997,1997-09
10680,42,14.0,40,0.25,560.0,140.0,420.0,OLDWO,1,1997-09-24,1997-10-22,1997-09-26,1,26.61,USA,42,Singaporean Hokkien Fried Mee,5,14.0,1,5,Grains/Cereals,2.0,True,1997,1997-09
10681,19,9.2,30,0.1,276.0,27.6,248.4,GREAL,3,1997-09-25,1997-10-23,1997-09-30,3,76.13,USA,19,Teatime Chocolate Biscuits,3,9.2,0,3,Confections,5.0,True,1997,1997-09
10681,21,10.0,12,0.1,120.0,12.0,108.0,GREAL,3,1997-09-25,1997-10-23,1997-09-30,3,76.13,USA,21,Sir Rodney's Scones,3,10.0,0,3,Confections,5.0,True,1997,1997-09
10681,64,33.25,28,0.0,931.0,0.0,931.0,GREAL,3,1997-09-25,1997-10-23,1997-09-30,3,76.13,USA,64,Wimmers gute Semmelknödel,5,33.25,0,5,Grains/Cereals,5.0,True,1997,1997-09
10682,33,2.5,30,0.0,75.0,0.0,75.0,ANTON,3,1997-09-25,1997-10-23,1997-10-01,2,36.13,Mexico,33,Geitost,4,2.5,0,4,Dairy Products,6.0,True,1997,1997-09
10682,66,17.0,4,0.0,68.0,0.0,68.0,ANTON,3,1997-09-25,1997-10-23,1997-10-01,2,36.13,Mexico,66,Louisiana Hot Spiced Okra,2,17.0,0,2,Condiments,6.0,True,1997,1997-09
10682,75,7.75,30,0.0,232.5,0.0,232.5,ANTON,3,1997-09-25,1997-10-23,1997-10-01,2,36.13,Mexico,75,Rhönbräu Klosterbier,1,7.75,0,1,Beverages,6.0,True,1997,1997-09
10683,52,7.0,9,0.0,63.0,0.0,63.0,DUMON,2,1997-09-26,1997-10-24,1997-10-01,1,4.4,France,52,Filo Mix,5,7.0,0,5,Grains/Cereals,5.0,True,1997,1997-09
10684,40,18.4,20,0.0,368.0,0.0,368.0,OTTIK,3,1997-09-26,1997-10-24,1997-09-30,1,145.63,Germany,40,Boston Crab Meat,8,18.4,0,8,Seafood,4.0,True,1997,1997-09
10684,47,9.5,40,0.0,380.0,0.0,380.0,OTTIK,3,1997-09-26,1997-10-24,1997-09-30,1,145.63,Germany,47,Zaanse koeken,3,9.5,0,3,Confections,4.0,True,1997,1997-09
10684,60,34.0,30,0.0,1020.0,0.0,1020.0,OTTIK,3,1997-09-26,1997-10-24,1997-09-30,1,145.63,Germany,60,Camembert Pierrot,4,34.0,0,4,Dairy Products,4.0,True,1997,1997-09
10685,10,31.0,20,0.0,620.0,0.0,620.0,GOURL,4,1997-09-29,1997-10-13,1997-10-03,2,33.75,Brazil,10,Ikura,8,31.0,0,8,Seafood,4.0,True,1997,1997-09
10685,41,9.65,4,0.0,38.6,0.0,38.6,GOURL,4,1997-09-29,1997-10-13,1997-10-03,2,33.75,Brazil,41,Jack's New England Clam Chowder,8,9.65,0,8,Seafood,4.0,True,1997,1997-09
10685,47,9.5,15,0.0,142.5,0.0,142.5,GOURL,4,1997-09-29,1997-10-13,1997-10-03,2,33.75,Brazil,47,Zaanse koeken,3,9.5,0,3,Confections,4.0,True,1997,1997-09
10686,17,39.0,30,0.2,1170.0,234.0,936.0,PICCO,2,1997-09-30,1997-10-28,1997-10-08,1,96.5,Austria,17,Alice Mutton,6,39.0,1,6,Meat/Poultry,8.0,True,1997,1997-09
10686,26,31.23,15,0.0,468.45,0.0,468.45,PICCO,2,1997-09-30,1997-10-28,1997-10-08,1,96.5,Austria,26,Gumbär Gummibärchen,3,31.23,0,3,Confections,8.0,True,1997,1997-09
10687,9,97.0,50,0.25,4850.0,1212.5,3637.5,HUNGO,9,1997-09-30,1997-10-28,1997-10-30,2,296.43,Ireland,9,Mishi Kobe Niku,6,97.0,1,6,Meat/Poultry,30.0,False,1997,1997-09
10687,29,123.79,10,0.0,1237.9,0.0,1237.9,HUNGO,9,1997-09-30,1997-10-28,1997-10-30,2,296.43,Ireland,29,Thüringer Rostbratwurst,6,123.79,1,6,Meat/Poultry,30.0,False,1997,1997-09
10687,36,19.0,6,0.25,114.0,28.5,85.5,HUNGO,9,1997-09-30,1997-10-28,1997-10-30,2,296.43,Ireland,36,Inlagd Sill,8,19.0,0,8,Seafood,30.0,False,1997,1997-09
10688,10,31.0,18,0.1,558.0,55.800000000000004,502.2,VAFFE,4,1997-10-01,1997-10-15,1997-10-07,2,299.09,Denmark,10,Ikura,8,31.0,0,8,Seafood,6.0,True,1997,1997-10
10688,28,45.6,60,0.1,2736.0,273.6,2462.4,VAFFE,4,1997-10-01,1997-10-15,1997-10-07,2,299.09,Denmark,28,Rössle Sauerkraut,7,45.6,1,7,Produce,6.0,True,1997,1997-10
10688,34,14.0,14,0.0,196.0,0.0,196.0,VAFFE,4,1997-10-01,1997-10-15,1997-10-07,2,299.09,Denmark,34,Sasquatch Ale,1,14.0,0,1,Beverages,6.0,True,1997,1997-10
10689,1,18.0,35,0.25,630.0,157.5,472.5,BERGS,1,1997-10-01,1997-10-29,1997-10-07,2,13.42,Sweden,1,Chai,1,18.0,0,1,Beverages,6.0,True,1997,1997-10
10690,56,38.0,20,0.25,760.0,190.0,570.0,HANAR,1,1997-10-02,1997-10-30,1997-10-03,1,15.8,Brazil,56,Gnocchi di nonna Alice,5,38.0,0,5,Grains/Cereals,1.0,True,1997,1997-10
10690,77,13.0,30,0.25,390.0,97.5,292.5,HANAR,1,1997-10-02,1997-10-30,1997-10-03,1,15.8,Brazil,77,Original Frankfurter grüne Soße,2,13.0,0,2,Condiments,1.0,True,1997,1997-10
10691,1,18.0,30,0.0,540.0,0.0,540.0,QUICK,2,1997-10-03,1997-11-14,1997-10-22,2,810.05,Germany,1,Chai,1,18.0,0,1,Beverages,19.0,True,1997,1997-10
10691,29,123.79,40,0.0,4951.6,0.0,4951.6,QUICK,2,1997-10-03,1997-11-14,1997-10-22,2,810.05,Germany,29,Thüringer Rostbratwurst,6,123.79,1,6,Meat/Poultry,19.0,True,1997,1997-10
10691,43,46.0,40,0.0,1840.0,0.0,1840.0,QUICK,2,1997-10-03,1997-11-14,1997-10-22,2,810.05,Germany,43,Ipoh Coffee,1,46.0,0,1,Beverages,19.0,True,1997,1997-10
10691,44,19.45,24,0.0,466.79999999999995,0.0,466.79999999999995,QUICK,2,1997-10-03,1997-11-14,1997-10-22,2,810.05,Germany,44,Gula Malacca,2,19.45,0,2,Condiments,19.0,True,1997,1997-10
10691,62,49.3,48,0.0,2366.3999999999996,0.0,2366.3999999999996,QUICK,2,1997-10-03,1997-11-14,1997-10-22,2,810.05,Germany,62,Tarte au sucre,3,49.3,0,3,Confections,19.0,True,1997,1997-10
10692,63,43.9,20,0.0,878.0,0.0,878.0,ALFKI,4,1997-10-03,1997-10-31,1997-10-13,2,61.02,Germany,63,Vegie-spread,2,43.9,0,2,Condiments,10.0,True,1997,1997-10
10693,9,97.0,6,0.0,582.0,0.0,582.0,WHITC,3,1997-10-06,1997-10-20,1997-10-10,3,139.34,USA,9,Mishi Kobe Niku,6,97.0,1,6,Meat/Poultry,4.0,True,1997,1997-10
10693,54,7.45,60,0.15,447.0,67.05,379.95,WHITC,3,1997-10-06,1997-10-20,1997-10-10,3,139.34,USA,54,Tourtière,6,7.45,0,6,Meat/Poultry,4.0,True,1997,1997-10
10693,69,36.0,30,0.15,1080.0,162.0,918.0,WHITC,3,1997-10-06,1997-10-20,1997-10-10,3,139.34,USA,69,Gudbrandsdalsost,4,36.0,0,4,Dairy Products,4.0,True,1997,1997-10
10693,73,15.0,15,0.15,225.0,33.75,191.25,WHITC,3,1997-10-06,1997-10-20,1997-10-10,3,139.34,USA,73,Röd Kaviar,8,15.0,0,8,Seafood,4.0,True,1997,1997-10
10694,7,30.0,90,0.0,2700.0,0.0,2700.0,QUICK,8,1997-10-06,1997-11-03,1997-10-09,3,398.36,Germany,7,Uncle Bob's Organic Dried Pears,7,30.0,0,7,Produce,3.0,True,1997,1997-10
10694,59,55.0,25,0.0,1375.0,0.0,1375.0,QUICK,8,1997-10-06,1997-11-03,1997-10-09,3,398.36,Germany,59,Raclette Courdavault,4,55.0,0,4,Dairy Products,3.0,True,1997,1997-10
10694,70,15.0,50,0.0,750.0,0.0,750.0,QUICK,8,1997-10-06,1997-11-03,1997-10-09,3,398.36,Germany,70,Outback Lager,1,15.0,0,1,Beverages,3.0,True,1997,1997-10
10695,8,40.0,10,0.0,400.0,0.0,400.0,WILMK,7,1997-10-07,1997-11-18,1997-10-14,1,16.72,Finland,8,Northwoods Cranberry Sauce,2,40.0,0,2,Condiments,7.0,True,1997,1997-10
10695,12,38.0,4,0.0,152.0,0.0,152.0,WILMK,7,1997-10-07,1997-11-18,1997-10-14,1,16.72,Finland,12,Queso Manchego La Pastora,4,38.0,0,4,Dairy Products,7.0,True,1997,1997-10
10695,24,4.5,20,0.0,90.0,0.0,90.0,WILMK,7,1997-10-07,1997-11-18,1997-10-14,1,16.72,Finland,24,Guaraná Fantástica,1,4.5,1,1,Beverages,7.0,True,1997,1997-10
10696,17,39.0,20,0.0,780.0,0.0,780.0,WHITC,8,1997-10-08,1997-11-19,1997-10-14,3,102.55,USA,17,Alice Mutton,6,39.0,1,6,Meat/Poultry,6.0,True,1997,1997-10
10696,46,12.0,18,0.0,216.0,0.0,216.0,WHITC,8,1997-10-08,1997-11-19,1997-10-14,3,102.55,USA,46,Spegesild,8,12.0,0,8,Seafood,6.0,True,1997,1997-10
10697,19,9.2,7,0.25,64.39999999999999,16.099999999999998,48.3,LINOD,3,1997-10-08,1997-11-05,1997-10-14,1,45.52,Venezuela,19,Teatime Chocolate Biscuits,3,9.2,0,3,Confections,6.0,True,1997,1997-10
10697,35,18.0,9,0.25,162.0,40.5,121.5,LINOD,3,1997-10-08,1997-11-05,1997-10-14,1,45.52,Venezuela,35,Steeleye Stout,1,18.0,0,1,Beverages,6.0,True,1997,1997-10
10697,58,13.25,30,0.25,397.5,99.375,298.125,LINOD,3,1997-10-08,1997-11-05,1997-10-14,1,45.52,Venezuela,58,Escargots de Bourgogne,8,13.25,0,8,Seafood,6.0,True,1997,1997-10
10697,70,15.0,30,0.25,450.0,112.5,337.5,LINOD,3,1997-10-08,1997-11-05,1997-10-14,1,45.52,Venezuela,70,Outback Lager,1,15.0,0,1,Beverages,6.0,True,1997,1997-10
10698,11,21.0,15,0.0,315.0,0.0,315.0,ERNSH,4,1997-10-09,1997-11-06,1997-10-17,1,272.47,Austria,11,Queso Cabrales,4,21.0,0,4,Dairy Products,8.0,True,1997,1997-10
10698,17,39.0,8,0.05,312.0,15.600000000000001,296.4,ERNSH,4,1997-10-09,1997-11-06,1997-10-17,1,272.47,Austria,17,Alice Mutton,6,39.0,1,6,Meat/Poultry,8.0,True,1997,1997-10
10698,29,123.79,12,0.05,1485.48,74.274,1411.2060000000001,ERNSH,4,1997-10-09,1997-11-06,1997-10-17,1,272.47,Austria,29,Thüringer Rostbratwurst,6,123.79,1,6,Meat/Poultry,8.0,True,1997,1997-10
10698,65,21.05,65,0.05,1368.25,68.41250000000001,1299.8375,ERNSH,4,1997-10-09,1997-11-06,1997-10-17,1,272.47,Austria,65,Louisiana Fiery Hot Pepper Sauce,2,21.05,0,2,Condiments,8.0,True,1997,1997-10
10698,70,15.0,8,0.05,120.0,6.0,114.0,ERNSH,4,1997-10-09,1997-11-06,1997-10-17,1,272.47,Austria,70,Outback Lager,1,15.0,0,1,Beverages,8.0,True,1997,1997-10
10699,47,9.5,12,0.0,114.0,0.0,114.0,MORGK,3,1997-10-09,1997-11-06,1997-10-13,3,0.58,Germany,47,Zaanse koeken,3,9.5,0,3,Confections,4.0,True,1997,1997-10
10700,1,18.0,5,0.2,90.0,18.0,72.0,SAVEA,3,1997-10-10,1997-11-07,1997-10-16,1,65.1,USA,1,Chai,1,18.0,0,1,Beverages,6.0,True,1997,1997-10
10700,34,14.0,12,0.2,168.0,33.6,134.4,SAVEA,3,1997-10-10,1997-11-07,1997-10-16,1,65.1,USA,34,Sasquatch Ale,1,14.0,0,1,Beverages,6.0,True,1997,1997-10
10700,68,12.5,40,0.2,500.0,100.0,400.0,SAVEA,3,1997-10-10,1997-11-07,1997-10-16,1,65.1,USA,68,Scottish Longbreads,3,12.5,0,3,Confections,6.0,True,1997,1997-10
10700,71,21.5,60,0.2,1290.0,258.0,1032.0,SAVEA,3,1997-10-10,1997-11-07,1997-10-16,1,65.1,USA,71,Flotemysost,4,21.5,0,4,Dairy Products,6.0,True,1997,1997-10
10701,59,55.0,42,0.15,2310.0,346.5,1963.5,HUNGO,6,1997-10-13,1997-10-27,1997-10-15,3,220.31,Ireland,59,Raclette Courdavault,4,55.0,0,4,Dairy Products,2.0,True,1997,1997-10
10701,71,21.5,20,0.15,430.0,64.5,365.5,HUNGO,6,1997-10-13,1997-10-27,1997-10-15,3,220.31,Ireland,71,Flotemysost,4,21.5,0,4,Dairy Products,2.0,True,1997,1997-10
10701,76,18.0,35,0.15,630.0,94.5,535.5,HUNGO,6,1997-10-13,1997-10-27,1997-10-15,3,220.31,Ireland,76,Lakkalikööri,1,18.0,0,1,Beverages,2.0,True,1997,1997-10
10702,3,10.0,6,0.0,60.0,0.0,60.0,ALFKI,4,1997-10-13,1997-11-24,1997-10-21,1,23.94,Germany,3,Aniseed Syrup,2,10.0,0,2,Condiments,8.0,True,1997,1997-10
10702,76,18.0,15,0.0,270.0,0.0,270.0,ALFKI,4,1997-10-13,1997-11-24,1997-10-21,1,23.94,Germany,76,Lakkalikööri,1,18.0,0,1,Beverages,8.0,True,1997,1997-10
10703,2,19.0,5,0.0,95.0,0.0,95.0,FOLKO,6,1997-10-14,1997-11-11,1997-10-20,2,152.3,Sweden,2,Chang,1,19.0,0,1,Beverages,6.0,True,1997,1997-10
10703,59,55.0,35,0.0,1925.0,0.0,1925.0,FOLKO,6,1997-10-14,1997-11-11,1997-10-20,2,152.3,Sweden,59,Raclette Courdavault,4,55.0,0,4,Dairy Products,6.0,True,1997,1997-10
10703,73,15.0,35,0.0,525.0,0.0,525.0,FOLKO,6,1997-10-14,1997-11-11,1997-10-20,2,152.3,Sweden,73,Röd Kaviar,8,15.0,0,8,Seafood,6.0,True,1997,1997-10
10704,4,22.0,6,0.0,132.0,0.0,132.0,QUEEN,6,1997-10-14,1997-11-11,1997-11-07,1,4.78,Brazil,4,Chef Anton's Cajun Seasoning,2,22.0,0,2,Condiments,24.0,True,1997,1997-10
10704,24,4.5,35,0.0,157.5,0.0,157.5,QUEEN,6,1997-10-14,1997-11-11,1997-11-07,1,4.78,Brazil,24,Guaraná Fantástica,1,4.5,1,1,Beverages,24.0,True,1997,1997-10
10704,48,12.75,24,0.0,306.0,0.0,306.0,QUEEN,6,1997-10-14,1997-11-11,1997-11-07,1,4.78,Brazil,48,Chocolade,3,12.75,0,3,Confections,24.0,True,1997,1997-10
10705,31,12.5,20,0.0,250.0,0.0,250.0,HILAA,9,1997-10-15,1997-11-12,1997-11-18,2,3.52,Venezuela,31,Gorgonzola Telino,4,12.5,0,4,Dairy Products,34.0,False,1997,1997-10
10705,32,32.0,4,0.0,128.0,0.0,128.0,HILAA,9,1997-10-15,1997-11-12,1997-11-18,2,3.52,Venezuela,32,Mascarpone Fabioli,4,32.0,0,4,Dairy Products,34.0,False,1997,1997-10
10706,16,17.45,20,0.0,349.0,0.0,349.0,OLDWO,8,1997-10-16,1997-11-13,1997-10-21,3,135.63,USA,16,Pavlova,3,17.45,0,3,Confections,5.0,True,1997,1997-10
10706,43,46.0,24,0.0,1104.0,0.0,1104.0,OLDWO,8,1997-10-16,1997-11-13,1997-10-21,3,135.63,USA,43,Ipoh Coffee,1,46.0,0,1,Beverages,5.0,True,1997,1997-10
10706,59,55.0,8,0.0,440.0,0.0,440.0,OLDWO,8,1997-10-16,1997-11-13,1997-10-21,3,135.63,USA,59,Raclette Courdavault,4,55.0,0,4,Dairy Products,5.0,True,1997,1997-10
10707,55,24.0,21,0.0,504.0,0.0,504.0,AROUT,4,1997-10-16,1997-10-30,1997-10-23,3,21.74,UK,55,Pâté chinois,6,24.0,0,6,Meat/Poultry,7.0,True,1997,1997-10
10707,57,19.5,40,0.0,780.0,0.0,780.0,AROUT,4,1997-10-16,1997-10-30,1997-10-23,3,21.74,UK,57,Ravioli Angelo,5,19.5,0,5,Grains/Cereals,7.0,True,1997,1997-10
10707,70,15.0,28,0.15,420.0,63.0,357.0,AROUT,4,1997-10-16,1997-10-30,1997-10-23,3,21.74,UK,70,Outback Lager,1,15.0,0,1,Beverages,7.0,True,1997,1997-10
10708,5,21.35,4,0.0,85.4,0.0,85.4,THEBI,6,1997-10-17,1997-11-28,1997-11-05,2,2.96,USA,5,Chef Anton's Gumbo Mix,2,21.35,1,2,Condiments,19.0,True,1997,1997-10
10708,36,19.0,5,0.0,95.0,0.0,95.0,THEBI,6,1997-10-17,1997-11-28,1997-11-05,2,2.96,USA,36,Inlagd Sill,8,19.0,0,8,Seafood,19.0,True,1997,1997-10
10709,8,40.0,40,0.0,1600.0,0.0,1600.0,GOURL,1,1997-10-17,1997-11-14,1997-11-20,3,210.8,Brazil,8,Northwoods Cranberry Sauce,2,40.0,0,2,Condiments,34.0,False,1997,1997-10
10709,51,53.0,28,0.0,1484.0,0.0,1484.0,GOURL,1,1997-10-17,1997-11-14,1997-11-20,3,210.8,Brazil,51,Manjimup Dried Apples,7,53.0,0,7,Produce,34.0,False,1997,1997-10
10709,60,34.0,10,0.0,340.0,0.0,340.0,GOURL,1,1997-10-17,1997-11-14,1997-11-20,3,210.8,Brazil,60,Camembert Pierrot,4,34.0,0,4,Dairy Products,34.0,False,1997,1997-10
10710,19,9.2,5,0.0,46.0,0.0,46.0,FRANS,1,1997-10-20,1997-11-17,1997-10-23,1,4.98,Italy,19,Teatime Chocolate Biscuits,3,9.2,0,3,Confections,3.0,True,1997,1997-10
10710,47,9.5,5,0.0,47.5,0.0,47.5,FRANS,1,1997-10-20,1997-11-17,1997-10-23,1,4.98,Italy,47,Zaanse koeken,3,9.5,0,3,Confections,3.0,True,1997,1997-10
10711,19,9.2,12,0.0,110.39999999999999,0.0,110.39999999999999,SAVEA,5,1997-10-21,1997-12-02,1997-10-29,2,52.41,USA,19,Teatime Chocolate Biscuits,3,9.2,0,3,Confections,8.0,True,1997,1997-10
10711,41,9.65,42,0.0,405.3,0.0,405.3,SAVEA,5,1997-10-21,1997-12-02,1997-10-29,2,52.41,USA,41,Jack's New England Clam Chowder,8,9.65,0,8,Seafood,8.0,True,1997,1997-10
10711,53,32.8,120,0.0,3935.9999999999995,0.0,3935.9999999999995,SAVEA,5,1997-10-21,1997-12-02,1997-10-29,2,52.41,USA,53,Perth Pasties,6,32.8,1,6,Meat/Poultry,8.0,True,1997,1997-10
10712,53,32.8,3,0.05,98.39999999999999,4.92,93.47999999999999,HUNGO,3,1997-10-21,1997-11-18,1997-10-31,1,89.93,Ireland,53,Perth Pasties,6,32.8,1,6,Meat/Poultry,10.0,True,1997,1997-10
10712,56,38.0,30,0.0,1140.0,0.0,1140.0,HUNGO,3,1997-10-21,1997-11-18,1997-10-31,1,89.93,Ireland,56,Gnocchi di nonna Alice,5,38.0,0,5,Grains/Cereals,10.0,True,1997,1997-10
10713,10,31.0,18,0.0,558.0,0.0,558.0,SAVEA,1,1997-10-22,1997-11-19,1997-10-24,1,167.05,USA,10,Ikura,8,31.0,0,8,Seafood,2.0,True,1997,1997-10
10713,26,31.23,30,0.0,936.9,0.0,936.9,SAVEA,1,1997-10-22,1997-11-19,1997-10-24,1,167.05,USA,26,Gumbär Gummibärchen,3,31.23,0,3,Confections,2.0,True,1997,1997-10
10713,45,9.5,110,0.0,1045.0,0.0,1045.0,SAVEA,1,1997-10-22,1997-11-19,1997-10-24,1,167.05,USA,45,Rogede sild,8,9.5,0,8,Seafood,2.0,True,1997,1997-10
10713,46,12.0,24,0.0,288.0,0.0,288.0,SAVEA,1,1997-10-22,1997-11-19,1997-10-24,1,167.05,USA,46,Spegesild,8,12.0,0,8,Seafood,2.0,True,1997,1997-10
10714,2,19.0,30,0.25,570.0,142.5,427.5,SAVEA,5,1997-10-22,1997-11-19,1997-10-27,3,24.49,USA,2,Chang,1,19.0,0,1,Beverages,5.0,True,1997,1997-10
10714,17,39.0,27,0.25,1053.0,263.25,789.75,SAVEA,5,1997-10-22,1997-11-19,1997-10-27,3,24.49,USA,17,Alice Mutton,6,39.0,1,6,Meat/Poultry,5.0,True,1997,1997-10
10714,47,9.5,50,0.25,475.0,118.75,356.25,SAVEA,5,1997-10-22,1997-11-19,1997-10-27,3,24.49,USA,47,Zaanse koeken,3,9.5,0,3,Confections,5.0,True,1997,1997-10
10714,56,38.0,18,0.25,684.0,171.0,513.0,SAVEA,5,1997-10-22,1997-11-19,1997-10-27,3,24.49,USA,56,Gnocchi di nonna Alice,5,38.0,0,5,Grains/Cereals,5.0,True,1997,1997-10
10714,58,13.25,12,0.25,159.0,39.75,119.25,SAVEA,5,1997-10-22,1997-11-19,1997-10-27,3,24.49,USA,58,Escargots de Bourgogne,8,13.25,0,8,Seafood,5.0,True,1997,1997-10
10715,10,31.0,21,0.0,651.0,0.0,651.0,BONAP,3,1997-10-23,1997-11-06,1997-10-29,1,63.2,France,10,Ikura,8,31.0,0,8,Seafood,6.0,True,1997,1997-10
10715,71,21.5,30,0.0,645.0,0.0,645.0,BONAP,3,1997-10-23,1997-11-06,1997-10-29,1,63.2,France,71,Flotemysost,4,21.5,0,4,Dairy Products,6.0,True,1997,1997-10
10716,21,10.0,5,0.0,50.0,0.0,50.0,RANCH,4,1997-10-24,1997-11-21,1997-10-27,2,22.57,Argentina,21,Sir Rodney's Scones,3,10.0,0,3,Confections,3.0,True,1997,1997-10
10716,51,53.0,7,0.0,371.0,0.0,371.0,RANCH,4,1997-10-24,1997-11-21,1997-10-27,2,22.57,Argentina,51,Manjimup Dried Apples,7,53.0,0,7,Produce,3.0,True,1997,1997-10
10716,61,28.5,10,0.0,285.0,0.0,285.0,RANCH,4,1997-10-24,1997-11-21,1997-10-27,2,22.57,Argentina,61,Sirop d'érable,2,28.5,0,2,Condiments,3.0,True,1997,1997-10
10717,21,10.0,32,0.05,320.0,16.0,304.0,FRANK,1,1997-10-24,1997-11-21,1997-10-29,2,59.25,Germany,21,Sir Rodney's Scones,3,10.0,0,3,Confections,5.0,True,1997,1997-10
10717,54,7.45,15,0.0,111.75,0.0,111.75,FRANK,1,1997-10-24,1997-11-21,1997-10-29,2,59.25,Germany,54,Tourtière,6,7.45,0,6,Meat/Poultry,5.0,True,1997,1997-10
10717,69,36.0,25,0.05,900.0,45.0,855.0,FRANK,1,1997-10-24,1997-11-21,1997-10-29,2,59.25,Germany,69,Gudbrandsdalsost,4,36.0,0,4,Dairy Products,5.0,True,1997,1997-10
10718,12,38.0,36,0.0,1368.0,0.0,1368.0,KOENE,1,1997-10-27,1997-11-24,1997-10-29,3,170.88,Germany,12,Queso Manchego La Pastora,4,38.0,0,4,Dairy Products,2.0,True,1997,1997-10
10718,16,17.45,20,0.0,349.0,0.0,349.0,KOENE,1,1997-10-27,1997-11-24,1997-10-29,3,170.88,Germany,16,Pavlova,3,17.45,0,3,Confections,2.0,True,1997,1997-10
10718,36,19.0,40,0.0,760.0,0.0,760.0,KOENE,1,1997-10-27,1997-11-24,1997-10-29,3,170.88,Germany,36,Inlagd Sill,8,19.0,0,8,Seafood,2.0,True,1997,1997-10
10718,62,49.3,20,0.0,986.0,0.0,986.0,KOENE,1,1997-10-27,1997-11-24,1997-10-29,3,170.88,Germany,62,Tarte au sucre,3,49.3,0,3,Confections,2.0,True,1997,1997-10
10719,18,62.5,12,0.25,750.0,187.5,562.5,LETSS,8,1997-10-27,1997-11-24,1997-11-05,2,51.44,USA,18,Carnarvon Tigers,8,62.5,0,8,Seafood,9.0,True,1997,1997-10
10719,30,25.89,3,0.25,77.67,19.4175,58.2525,LETSS,8,1997-10-27,1997-11-24,1997-11-05,2,51.44,USA,30,Nord-Ost Matjeshering,8,25.89,0,8,Seafood,9.0,True,1997,1997-10
10719,54,7.45,40,0.25,298.0,74.5,223.5,LETSS,8,1997-10-27,1997-11-24,1997-11-05,2,51.44,USA,54,Tourtière,6,7.45,0,6,Meat/Poultry,9.0,True,1997,1997-10
10720,35,18.0,21,0.0,378.0,0.0,378.0,QUEDE,8,1997-10-28,1997-11-11,1997-11-05,2,9.53,Brazil,35,Steeleye Stout,1,18.0,0,1,Beverages,8.0,True,1997,1997-10
10720,71,21.5,8,0.0,172.0,0.0,172.0,QUEDE,8,1997-10-28,1997-11-11,1997-11-05,2,9.53,Brazil,71,Flotemysost,4,21.5,0,4,Dairy Products,8.0,True,1997,1997-10
10721,44,19.45,50,0.05,972.5,48.625,923.875,QUICK,5,1997-10-29,1997-11-26,1997-10-31,3,48.92,Germany,44,Gula Malacca,2,19.45,0,2,Condiments,2.0,True,1997,1997-10
10722,2,19.0,3,0.0,57.0,0.0,57.0,SAVEA,8,1997-10-29,1997-12-10,1997-11-04,1,74.58,USA,2,Chang,1,19.0,0,1,Beverages,6.0,True,1997,1997-10
10722,31,12.5,50,0.0,625.0,0.0,625.0,SAVEA,8,1997-10-29,1997-12-10,1997-11-04,1,74.58,USA,31,Gorgonzola Telino,4,12.5,0,4,Dairy Products,6.0,True,1997,1997-10
10722,68,12.5,45,0.0,562.5,0.0,562.5,SAVEA,8,1997-10-29,1997-12-10,1997-11-04,1,74.58,USA,68,Scottish Longbreads,3,12.5,0,3,Confections,6.0,True,1997,1997-10
10722,75,7.75,42,0.0,325.5,0.0,325.5,SAVEA,8,1997-10-29,1997-12-10,1997-11-04,1,74.58,USA,75,Rhönbräu Klosterbier,1,7.75,0,1,Beverages,6.0,True,1997,1997-10
10723,26,31.23,15,0.0,468.45,0.0,468.45,WHITC,3,1997-10-30,1997-11-27,1997-11-25,1,21.72,USA,26,Gumbär Gummibärchen,3,31.23,0,3,Confections,26.0,True,1997,1997-10
10724,10,31.0,16,0.0,496.0,0.0,496.0,MEREP,8,1997-10-30,1997-12-11,1997-11-05,2,57.75,Canada,10,Ikura,8,31.0,0,8,Seafood,6.0,True,1997,1997-10
10724,61,28.5,5,0.0,142.5,0.0,142.5,MEREP,8,1997-10-30,1997-12-11,1997-11-05,2,57.75,Canada,61,Sirop d'érable,2,28.5,0,2,Condiments,6.0,True,1997,1997-10
10725,41,9.65,12,0.0,115.80000000000001,0.0,115.80000000000001,FAMIA,4,1997-10-31,1997-11-28,1997-11-05,3,10.83,Brazil,41,Jack's New England Clam Chowder,8,9.65,0,8,Seafood,5.0,True,1997,1997-10
10725,52,7.0,4,0.0,28.0,0.0,28.0,FAMIA,4,1997-10-31,1997-11-28,1997-11-05,3,10.83,Brazil,52,Filo Mix,5,7.0,0,5,Grains/Cereals,5.0,True,1997,1997-10
10725,55,24.0,6,0.0,144.0,0.0,144.0,FAMIA,4,1997-10-31,1997-11-28,1997-11-05,3,10.83,Brazil,55,Pâté chinois,6,24.0,0,6,Meat/Poultry,5.0,True,1997,1997-10
10726,4,22.0,25,0.0,550.0,0.0,550.0,EASTC,4,1997-11-03,1997-11-17,1997-12-05,1,16.56,UK,4,Chef Anton's Cajun Seasoning,2,22.0,0,2,Condiments,32.0,False,1997,1997-11
10726,11,21.0,5,0.0,105.0,0.0,105.0,EASTC,4,1997-11-03,1997-11-17,1997-12-05,1,16.56,UK,11,Queso Cabrales,4,21.0,0,4,Dairy Products,32.0,False,1997,1997-11
10727,17,39.0,20,0.05,780.0,39.0,741.0,REGGC,2,1997-11-03,1997-12-01,1997-12-05,1,89.9,Italy,17,Alice Mutton,6,39.0,1,6,Meat/Poultry,32.0,False,1997,1997-11
10727,56,38.0,10,0.05,380.0,19.0,361.0,REGGC,2,1997-11-03,1997-12-01,1997-12-05,1,89.9,Italy,56,Gnocchi di nonna Alice,5,38.0,0,5,Grains/Cereals,32.0,False,1997,1997-11
10727,59,55.0,10,0.05,550.0,27.5,522.5,REGGC,2,1997-11-03,1997-12-01,1997-12-05,1,89.9,Italy,59,Raclette Courdavault,4,55.0,0,4,Dairy Products,32.0,False,1997,1997-11
10728,30,25.89,15,0.0,388.35,0.0,388.35,QUEEN,4,1997-11-04,1997-12-02,1997-11-11,2,58.33,Brazil,30,Nord-Ost Matjeshering,8,25.89,0,8,Seafood,7.0,True,1997,1997-11
10728,40,18.4,6,0.0,110.39999999999999,0.0,110.39999999999999,QUEEN,4,1997-11-04,1997-12-02,1997-11-11,2,58.33,Brazil,40,Boston Crab Meat,8,18.4,0,8,Seafood,7.0,True,1997,1997-11
10728,55,24.0,12,0.0,288.0,0.0,288.0,QUEEN,4,1997-11-04,1997-12-02,1997-11-11,2,58.33,Brazil,55,Pâté chinois,6,24.0,0,6,Meat/Poultry,7.0,True,1997,1997-11
10728,60,34.0,15,0.0,510.0,0.0,510.0,QUEEN,4,1997-11-04,1997-12-02,1997-11-11,2,58.33,Brazil,60,Camembert Pierrot,4,34.0,0,4,Dairy Products,7.0,True,1997,1997-11
10729,1,18.0,50,0.0,900.0,0.0,900.0,LINOD,8,1997-11-04,1997-12-16,1997-11-14,3,141.06,Venezuela,1,Chai,1,18.0,0,1,Beverages,10.0,True,1997,1997-11
10729,21,10.0,30,0.0,300.0,0.0,300.0,LINOD,8,1997-11-04,1997-12-16,1997-11-14,3,141.06,Venezuela,21,Sir Rodney's Scones,3,10.0,0,3,Confections,10.0,True,1997,1997-11
10729,50,16.25,40,0.0,650.0,0.0,650.0,LINOD,8,1997-11-04,1997-12-16,1997-11-14,3,141.06,Venezuela,50,Valkoinen suklaa,3,16.25,0,3,Confections,10.0,True,1997,1997-11
10730,16,17.45,15,0.05,261.75,13.0875,248.6625,BONAP,5,1997-11-05,1997-12-03,1997-11-14,1,20.12,France,16,Pavlova,3,17.45,0,3,Confections,9.0,True,1997,1997-11
10730,31,12.5,3,0.05,37.5,1.875,35.625,BONAP,5,1997-11-05,1997-12-03,1997-11-14,1,20.12,France,31,Gorgonzola Telino,4,12.5,0,4,Dairy Products,9.0,True,1997,1997-11
10730,65,21.05,10,0.05,210.5,10.525,199.975,BONAP,5,1997-11-05,1997-12-03,1997-11-14,1,20.12,France,65,Louisiana Fiery Hot Pepper Sauce,2,21.05,0,2,Condiments,9.0,True,1997,1997-11
10731,21,10.0,40,0.05,400.0,20.0,380.0,CHOPS,7,1997-11-06,1997-12-04,1997-11-14,1,96.65,Switzerland,21,Sir Rodney's Scones,3,10.0,0,3,Confections,8.0,True,1997,1997-11
10731,51,53.0,30,0.05,1590.0,79.5,1510.5,CHOPS,7,1997-11-06,1997-12-04,1997-11-14,1,96.65,Switzerland,51,Manjimup Dried Apples,7,53.0,0,7,Produce,8.0,True,1997,1997-11
10732,76,18.0,20,0.0,360.0,0.0,360.0,BONAP,3,1997-11-06,1997-12-04,1997-11-07,1,16.97,France,76,Lakkalikööri,1,18.0,0,1,Beverages,1.0,True,1997,1997-11
10733,14,23.25,16,0.0,372.0,0.0,372.0,BERGS,1,1997-11-07,1997-12-05,1997-11-10,3,110.11,Sweden,14,Tofu,7,23.25,0,7,Produce,3.0,True,1997,1997-11
10733,28,45.6,20,0.0,912.0,0.0,912.0,BERGS,1,1997-11-07,1997-12-05,1997-11-10,3,110.11,Sweden,28,Rössle Sauerkraut,7,45.6,1,7,Produce,3.0,True,1997,1997-11
10733,52,7.0,25,0.0,175.0,0.0,175.0,BERGS,1,1997-11-07,1997-12-05,1997-11-10,3,110.11,Sweden,52,Filo Mix,5,7.0,0,5,Grains/Cereals,3.0,True,1997,1997-11
10734,6,25.0,30,0.0,750.0,0.0,750.0,GOURL,2,1997-11-07,1997-12-05,1997-11-12,3,1.63,Brazil,6,Grandma's Boysenberry Spread,2,25.0,0,2,Condiments,5.0,True,1997,1997-11
10734,30,25.89,15,0.0,388.35,0.0,388.35,GOURL,2,1997-11-07,1997-12-05,1997-11-12,3,1.63,Brazil,30,Nord-Ost Matjeshering,8,25.89,0,8,Seafood,5.0,True,1997,1997-11
10734,76,18.0,20,0.0,360.0,0.0,360.0,GOURL,2,1997-11-07,1997-12-05,1997-11-12,3,1.63,Brazil,76,Lakkalikööri,1,18.0,0,1,Beverages,5.0,True,1997,1997-11
10735,61,28.5,20,0.1,570.0,57.0,513.0,LETSS,6,1997-11-10,1997-12-08,1997-11-21,2,45.97,USA,61,Sirop d'érable,2,28.5,0,2,Condiments,11.0,True,1997,1997-11
10735,77,13.0,2,0.1,26.0,2.6,23.4,LETSS,6,1997-11-10,1997-12-08,1997-11-21,2,45.97,USA,77,Original Frankfurter grüne Soße,2,13.0,0,2,Condiments,11.0,True,1997,1997-11
10736,65,21.05,40,0.0,842.0,0.0,842.0,HUNGO,9,1997-11-11,1997-12-09,1997-11-21,2,44.1,Ireland,65,Louisiana Fiery Hot Pepper Sauce,2,21.05,0,2,Condiments,10.0,True,1997,1997-11
10736,75,7.75,20,0.0,155.0,0.0,155.0,HUNGO,9,1997-11-11,1997-12-09,1997-11-21,2,44.1,Ireland,75,Rhönbräu Klosterbier,1,7.75,0,1,Beverages,10.0,True,1997,1997-11
10737,13,6.0,4,0.0,24.0,0.0,24.0,VINET,2,1997-11-11,1997-12-09,1997-11-18,2,7.79,France,13,Konbu,8,6.0,0,8,Seafood,7.0,True,1997,1997-11
10737,41,9.65,12,0.0,115.80000000000001,0.0,115.80000000000001,VINET,2,1997-11-11,1997-12-09,1997-11-18,2,7.79,France,41,Jack's New England Clam Chowder,8,9.65,0,8,Seafood,7.0,True,1997,1997-11
10738,16,17.45,3,0.0,52.349999999999994,0.0,52.349999999999994,SPECD,2,1997-11-12,1997-12-10,1997-11-18,1,2.91,France,16,Pavlova,3,17.45,0,3,Confections,6.0,True,1997,1997-11
10739,36,19.0,6,0.0,114.0,0.0,114.0,VINET,3,1997-11-12,1997-12-10,1997-11-17,3,11.08,France,36,Inlagd Sill,8,19.0,0,8,Seafood,5.0,True,1997,1997-11
10739,52,7.0,18,0.0,126.0,0.0,126.0,VINET,3,1997-11-12,1997-12-10,1997-11-17,3,11.08,France,52,Filo Mix,5,7.0,0,5,Grains/Cereals,5.0,True,1997,1997-11
10740,28,45.6,5,0.2,228.0,45.6,182.4,WHITC,4,1997-11-13,1997-12-11,1997-11-25,2,81.88,USA,28,Rössle Sauerkraut,7,45.6,1,7,Produce,12.0,True,1997,1997-11
10740,35,18.0,35,0.2,630.0,126.0,504.0,WHITC,4,1997-11-13,1997-12-11,1997-11-25,2,81.88,USA,35,Steeleye Stout,1,18.0,0,1,Beverages,12.0,True,1997,1997-11
10740,45,9.5,40,0.2,380.0,76.0,304.0,WHITC,4,1997-11-13,1997-12-11,1997-11-25,2,81.88,USA,45,Rogede sild,8,9.5,0,8,Seafood,12.0,True,1997,1997-11
10740,56,38.0,14,0.2,532.0,106.4,425.6,WHITC,4,1997-11-13,1997-12-11,1997-11-25,2,81.88,USA,56,Gnocchi di nonna Alice,5,38.0,0,5,Grains/Cereals,12.0,True,1997,1997-11
10741,2,19.0,15,0.2,285.0,57.0,228.0,AROUT,4,1997-11-14,1997-11-28,1997-11-18,3,10.96,UK,2,Chang,1,19.0,0,1,Beverages,4.0,True,1997,1997-11
10742,3,10.0,20,0.0,200.0,0.0,200.0,BOTTM,3,1997-11-14,1997-12-12,1997-11-18,3,243.73,Canada,3,Aniseed Syrup,2,10.0,0,2,Condiments,4.0,True,1997,1997-11
10742,60,34.0,50,0.0,1700.0,0.0,1700.0,BOTTM,3,1997-11-14,1997-12-12,1997-11-18,3,243.73,Canada,60,Camembert Pierrot,4,34.0,0,4,Dairy Products,4.0,True,1997,1997-11
10742,72,34.8,35,0.0,1218.0,0.0,1218.0,BOTTM,3,1997-11-14,1997-12-12,1997-11-18,3,243.73,Canada,72,Mozzarella di Giovanni,4,34.8,0,4,Dairy Products,4.0,True,1997,1997-11
10743,46,12.0,28,0.05,336.0,16.8,319.2,AROUT,1,1997-11-17,1997-12-15,1997-11-21,2,23.72,UK,46,Spegesild,8,12.0,0,8,Seafood,4.0,True,1997,1997-11
10744,40,18.4,50,0.2,919.9999999999999,184.0,735.9999999999999,VAFFE,6,1997-11-17,1997-12-15,1997-11-24,1,69.19,Denmark,40,Boston Crab Meat,8,18.4,0,8,Seafood,7.0,True,1997,1997-11
10745,18,62.5,24,0.0,1500.0,0.0,1500.0,QUICK,9,1997-11-18,1997-12-16,1997-11-27,1,3.52,Germany,18,Carnarvon Tigers,8,62.5,0,8,Seafood,9.0,True,1997,1997-11
10745,44,19.45,16,0.0,311.2,0.0,311.2,QUICK,9,1997-11-18,1997-12-16,1997-11-27,1,3.52,Germany,44,Gula Malacca,2,19.45,0,2,Condiments,9.0,True,1997,1997-11
10745,59,55.0,45,0.0,2475.0,0.0,2475.0,QUICK,9,1997-11-18,1997-12-16,1997-11-27,1,3.52,Germany,59,Raclette Courdavault,4,55.0,0,4,Dairy Products,9.0,True,1997,1997-11
10745,72,34.8,7,0.0,243.59999999999997,0.0,243.59999999999997,QUICK,9,1997-11-18,1997-12-16,1997-11-27,1,3.52,Germany,72,Mozzarella di Giovanni,4,34.8,0,4,Dairy Products,9.0,True,1997,1997-11
10746,13,6.0,6,0.0,36.0,0.0,36.0,CHOPS,1,1997-11-19,1997-12-17,1997-11-21,3,31.43,Switzerland,13,Konbu,8,6.0,0,8,Seafood,2.0,True,1997,1997-11
10746,42,14.0,28,0.0,392.0,0.0,392.0,CHOPS,1,1997-11-19,1997-12-17,1997-11-21,3,31.43,Switzerland,42,Singaporean Hokkien Fried Mee,5,14.0,1,5,Grains/Cereals,2.0,True,1997,1997-11
10746,62,49.3,9,0.0,443.7,0.0,443.7,CHOPS,1,1997-11-19,1997-12-17,1997-11-21,3,31.43,Switzerland,62,Tarte au sucre,3,49.3,0,3,Confections,2.0,True,1997,1997-11
10746,69,36.0,40,0.0,1440.0,0.0,1440.0,CHOPS,1,1997-11-19,1997-12-17,1997-11-21,3,31.43,Switzerland,69,Gudbrandsdalsost,4,36.0,0,4,Dairy Products,2.0,True,1997,1997-11
10747,31,12.5,8,0.0,100.0,0.0,100.0,PICCO,6,1997-11-19,1997-12-17,1997-11-26,1,117.33,Austria,31,Gorgonzola Telino,4,12.5,0,4,Dairy Products,7.0,True,1997,1997-11
10747,41,9.65,35,0.0,337.75,0.0,337.75,PICCO,6,1997-11-19,1997-12-17,1997-11-26,1,117.33,Austria,41,Jack's New England Clam Chowder,8,9.65,0,8,Seafood,7.0,True,1997,1997-11
10747,63,43.9,9,0.0,395.09999999999997,0.0,395.09999999999997,PICCO,6,1997-11-19,1997-12-17,1997-11-26,1,117.33,Austria,63,Vegie-spread,2,43.9,0,2,Condiments,7.0,True,1997,1997-11
10747,69,36.0,30,0.0,1080.0,0.0,1080.0,PICCO,6,1997-11-19,1997-12-17,1997-11-26,1,117.33,Austria,69,Gudbrandsdalsost,4,36.0,0,4,Dairy Products,7.0,True,1997,1997-11
10748,23,9.0,44,0.0,396.0,0.0,396.0,SAVEA,3,1997-11-20,1997-12-18,1997-11-28,1,232.55,USA,23,Tunnbröd,5,9.0,0,5,Grains/Cereals,8.0,True,1997,1997-11
10748,40,18.4,40,0.0,736.0,0.0,736.0,SAVEA,3,1997-11-20,1997-12-18,1997-11-28,1,232.55,USA,40,Boston Crab Meat,8,18.4,0,8,Seafood,8.0,True,1997,1997-11
10748,56,38.0,28,0.0,1064.0,0.0,1064.0,SAVEA,3,1997-11-20,1997-12-18,1997-11-28,1,232.55,USA,56,Gnocchi di nonna Alice,5,38.0,0,5,Grains/Cereals,8.0,True,1997,1997-11
10749,56,38.0,15,0.0,570.0,0.0,570.0,ISLAT,4,1997-11-20,1997-12-18,1997-12-19,2,61.53,UK,56,Gnocchi di nonna Alice,5,38.0,0,5,Grains/Cereals,29.0,False,1997,1997-11
10749,59,55.0,6,0.0,330.0,0.0,330.0,ISLAT,4,1997-11-20,1997-12-18,1997-12-19,2,61.53,UK,59,Raclette Courdavault,4,55.0,0,4,Dairy Products,29.0,False,1997,1997-11
10749,76,18.0,10,0.0,180.0,0.0,180.0,ISLAT,4,1997-11-20,1997-12-18,1997-12-19,2,61.53,UK,76,Lakkalikööri,1,18.0,0,1,Beverages,29.0,False,1997,1997-11
10750,14,23.25,5,0.15,116.25,17.4375,98.8125,WARTH,9,1997-11-21,1997-12-19,1997-11-24,1,79.3,Finland,14,Tofu,7,23.25,0,7,Produce,3.0,True,1997,1997-11
10750,45,9.5,40,0.15,380.0,57.0,323.0,WARTH,9,1997-11-21,1997-12-19,1997-11-24,1,79.3,Finland,45,Rogede sild,8,9.5,0,8,Seafood,3.0,True,1997,1997-11
10750,59,55.0,25,0.15,1375.0,206.25,1168.75,WARTH,9,1997-11-21,1997-12-19,1997-11-24,1,79.3,Finland,59,Raclette Courdavault,4,55.0,0,4,Dairy Products,3.0,True,1997,1997-11
10751,26,31.23,12,0.1,374.76,37.476,337.284,RICSU,3,1997-11-24,1997-12-22,1997-12-03,3,130.79,Switzerland,26,Gumbär Gummibärchen,3,31.23,0,3,Confections,9.0,True,1997,1997-11
10751,30,25.89,30,0.0,776.7,0.0,776.7,RICSU,3,1997-11-24,1997-12-22,1997-12-03,3,130.79,Switzerland,30,Nord-Ost Matjeshering,8,25.89,0,8,Seafood,9.0,True,1997,1997-11
10751,50,16.25,20,0.1,325.0,32.5,292.5,RICSU,3,1997-11-24,1997-12-22,1997-12-03,3,130.79,Switzerland,50,Valkoinen suklaa,3,16.25,0,3,Confections,9.0,True,1997,1997-11
10751,73,15.0,15,0.0,225.0,0.0,225.0,RICSU,3,1997-11-24,1997-12-22,1997-12-03,3,130.79,Switzerland,73,Röd Kaviar,8,15.0,0,8,Seafood,9.0,True,1997,1997-11
10752,1,18.0,8,0.0,144.0,0.0,144.0,NORTS,2,1997-11-24,1997-12-22,1997-11-28,3,1.39,UK,1,Chai,1,18.0,0,1,Beverages,4.0,True,1997,1997-11
10752,69,36.0,3,0.0,108.0,0.0,108.0,NORTS,2,1997-11-24,1997-12-22,1997-11-28,3,1.39,UK,69,Gudbrandsdalsost,4,36.0,0,4,Dairy Products,4.0,True,1997,1997-11
10753,45,9.5,4,0.0,38.0,0.0,38.0,FRANS,3,1997-11-25,1997-12-23,1997-11-27,1,7.7,Italy,45,Rogede sild,8,9.5,0,8,Seafood,2.0,True,1997,1997-11
10753,74,10.0,5,0.0,50.0,0.0,50.0,FRANS,3,1997-11-25,1997-12-23,1997-11-27,1,7.7,Italy,74,Longlife Tofu,7,10.0,0,7,Produce,2.0,True,1997,1997-11
10754,40,18.4,3,0.0,55.199999999999996,0.0,55.199999999999996,MAGAA,6,1997-11-25,1997-12-23,1997-11-27,3,2.38,Italy,40,Boston Crab Meat,8,18.4,0,8,Seafood,2.0,True,1997,1997-11
10755,47,9.5,30,0.25,285.0,71.25,213.75,BONAP,4,1997-11-26,1997-12-24,1997-11-28,2,16.71,France,47,Zaanse koeken,3,9.5,0,3,Confections,2.0,True,1997,1997-11
10755,56,38.0,30,0.25,1140.0,285.0,855.0,BONAP,4,1997-11-26,1997-12-24,1997-11-28,2,16.71,France,56,Gnocchi di nonna Alice,5,38.0,0,5,Grains/Cereals,2.0,True,1997,1997-11
10755,57,19.5,14,0.25,273.0,68.25,204.75,BONAP,4,1997-11-26,1997-12-24,1997-11-28,2,16.71,France,57,Ravioli Angelo,5,19.5,0,5,Grains/Cereals,2.0,True,1997,1997-11
10755,69,36.0,25,0.25,900.0,225.0,675.0,BONAP,4,1997-11-26,1997-12-24,1997-11-28,2,16.71,France,69,Gudbrandsdalsost,4,36.0,0,4,Dairy Products,2.0,True,1997,1997-11
10756,18,62.5,21,0.2,1312.5,262.5,1050.0,SPLIR,8,1997-11-27,1997-12-25,1997-12-02,2,73.21,USA,18,Carnarvon Tigers,8,62.5,0,8,Seafood,5.0,True,1997,1997-11
10756,36,19.0,20,0.2,380.0,76.0,304.0,SPLIR,8,1997-11-27,1997-12-25,1997-12-02,2,73.21,USA,36,Inlagd Sill,8,19.0,0,8,Seafood,5.0,True,1997,1997-11
10756,68,12.5,6,0.2,75.0,15.0,60.0,SPLIR,8,1997-11-27,1997-12-25,1997-12-02,2,73.21,USA,68,Scottish Longbreads,3,12.5,0,3,Confections,5.0,True,1997,1997-11
10756,69,36.0,20,0.2,720.0,144.0,576.0,SPLIR,8,1997-11-27,1997-12-25,1997-12-02,2,73.21,USA,69,Gudbrandsdalsost,4,36.0,0,4,Dairy Products,5.0,True,1997,1997-11
10757,34,14.0,30,0.0,420.0,0.0,420.0,SAVEA,6,1997-11-27,1997-12-25,1997-12-15,1,8.19,USA,34,Sasquatch Ale,1,14.0,0,1,Beverages,18.0,True,1997,1997-11
10757,59,55.0,7,0.0,385.0,0.0,385.0,SAVEA,6,1997-11-27,1997-12-25,1997-12-15,1,8.19,USA,59,Raclette Courdavault,4,55.0,0,4,Dairy Products,18.0,True,1997,1997-11
10757,62,49.3,30,0.0,1479.0,0.0,1479.0,SAVEA,6,1997-11-27,1997-12-25,1997-12-15,1,8.19,USA,62,Tarte au sucre,3,49.3,0,3,Confections,18.0,True,1997,1997-11
10757,64,33.25,24,0.0,798.0,0.0,798.0,SAVEA,6,1997-11-27,1997-12-25,1997-12-15,1,8.19,USA,64,Wimmers gute Semmelknödel,5,33.25,0,5,Grains/Cereals,18.0,True,1997,1997-11
10758,26,31.23,20,0.0,624.6,0.0,624.6,RICSU,3,1997-11-28,1997-12-26,1997-12-04,3,138.17,Switzerland,26,Gumbär Gummibärchen,3,31.23,0,3,Confections,6.0,True,1997,1997-11
10758,52,7.0,60,0.0,420.0,0.0,420.0,RICSU,3,1997-11-28,1997-12-26,1997-12-04,3,138.17,Switzerland,52,Filo Mix,5,7.0,0,5,Grains/Cereals,6.0,True,1997,1997-11
10758,70,15.0,40,0.0,600.0,0.0,600.0,RICSU,3,1997-11-28,1997-12-26,1997-12-04,3,138.17,Switzerland,70,Outback Lager,1,15.0,0,1,Beverages,6.0,True,1997,1997-11
10759,32,32.0,10,0.0,320.0,0.0,320.0,ANATR,3,1997-11-28,1997-12-26,1997-12-12,3,11.99,Mexico,32,Mascarpone Fabioli,4,32.0,0,4,Dairy Products,14.0,True,1997,1997-11
10760,25,14.0,12,0.25,168.0,42.0,126.0,MAISD,4,1997-12-01,1997-12-29,1997-12-10,1,155.64,Belgium,25,NuNuCa Nuß-Nougat-Creme,3,14.0,0,3,Confections,9.0,True,1997,1997-12
10760,27,43.9,40,0.0,1756.0,0.0,1756.0,MAISD,4,1997-12-01,1997-12-29,1997-12-10,1,155.64,Belgium,27,Schoggi Schokolade,3,43.9,0,3,Confections,9.0,True,1997,1997-12
10760,43,46.0,30,0.25,1380.0,345.0,1035.0,MAISD,4,1997-12-01,1997-12-29,1997-12-10,1,155.64,Belgium,43,Ipoh Coffee,1,46.0,0,1,Beverages,9.0,True,1997,1997-12
10761,25,14.0,35,0.25,490.0,122.5,367.5,RATTC,5,1997-12-02,1997-12-30,1997-12-08,2,18.66,USA,25,NuNuCa Nuß-Nougat-Creme,3,14.0,0,3,Confections,6.0,True,1997,1997-12
10761,75,7.75,18,0.0,139.5,0.0,139.5,RATTC,5,1997-12-02,1997-12-30,1997-12-08,2,18.66,USA,75,Rhönbräu Klosterbier,1,7.75,0,1,Beverages,6.0,True,1997,1997-12
10762,39,18.0,16,0.0,288.0,0.0,288.0,FOLKO,3,1997-12-02,1997-12-30,1997-12-09,1,328.74,Sweden,39,Chartreuse verte,1,18.0,0,1,Beverages,7.0,True,1997,1997-12
10762,47,9.5,30,0.0,285.0,0.0,285.0,FOLKO,3,1997-12-02,1997-12-30,1997-12-09,1,328.74,Sweden,47,Zaanse koeken,3,9.5,0,3,Confections,7.0,True,1997,1997-12
10762,51,53.0,28,0.0,1484.0,0.0,1484.0,FOLKO,3,1997-12-02,1997-12-30,1997-12-09,1,328.74,Sweden,51,Manjimup Dried Apples,7,53.0,0,7,Produce,7.0,True,1997,1997-12
10762,56,38.0,60,0.0,2280.0,0.0,2280.0,FOLKO,3,1997-12-02,1997-12-30,1997-12-09,1,328.74,Sweden,56,Gnocchi di nonna Alice,5,38.0,0,5,Grains/Cereals,7.0,True,1997,1997-12
10763,21,10.0,40,0.0,400.0,0.0,400.0,FOLIG,3,1997-12-03,1997-12-31,1997-12-08,3,37.35,France,21,Sir Rodney's Scones,3,10.0,0,3,Confections,5.0,True,1997,1997-12
10763,22,21.0,6,0.0,126.0,0.0,126.0,FOLIG,3,1997-12-03,1997-12-31,1997-12-08,3,37.35,France,22,Gustaf's Knäckebröd,5,21.0,0,5,Grains/Cereals,5.0,True,1997,1997-12
10763,24,4.5,20,0.0,90.0,0.0,90.0,FOLIG,3,1997-12-03,1997-12-31,1997-12-08,3,37.35,France,24,Guaraná Fantástica,1,4.5,1,1,Beverages,5.0,True,1997,1997-12
10764,3,10.0,20,0.1,200.0,20.0,180.0,ERNSH,6,1997-12-03,1997-12-31,1997-12-08,3,145.45,Austria,3,Aniseed Syrup,2,10.0,0,2,Condiments,5.0,True,1997,1997-12
10764,39,18.0,130,0.1,2340.0,234.0,2106.0,ERNSH,6,1997-12-03,1997-12-31,1997-12-08,3,145.45,Austria,39,Chartreuse verte,1,18.0,0,1,Beverages,5.0,True,1997,1997-12
10765,65,21.05,80,0.1,1684.0,168.4,1515.6,QUICK,3,1997-12-04,1998-01-01,1997-12-09,3,42.74,Germany,65,Louisiana Fiery Hot Pepper Sauce,2,21.05,0,2,Condiments,5.0,True,1997,1997-12
10766,2,19.0,40,0.0,760.0,0.0,760.0,OTTIK,4,1997-12-05,1998-01-02,1997-12-09,1,157.55,Germany,2,Chang,1,19.0,0,1,Beverages,4.0,True,1997,1997-12
10766,7,30.0,35,0.0,1050.0,0.0,1050.0,OTTIK,4,1997-12-05,1998-01-02,1997-12-09,1,157.55,Germany,7,Uncle Bob's Organic Dried Pears,7,30.0,0,7,Produce,4.0,True,1997,1997-12
10766,68,12.5,40,0.0,500.0,0.0,500.0,OTTIK,4,1997-12-05,1998-01-02,1997-12-09,1,157.55,Germany,68,Scottish Longbreads,3,12.5,0,3,Confections,4.0,True,1997,1997-12
10767,42,14.0,2,0.0,28.0,0.0,28.0,SUPRD,4,1997-12-05,1998-01-02,1997-12-15,3,1.59,Belgium,42,Singaporean Hokkien Fried Mee,5,14.0,1,5,Grains/Cereals,10.0,True,1997,1997-12
10768,22,21.0,4,0.0,84.0,0.0,84.0,AROUT,3,1997-12-08,1998-01-05,1997-12-15,2,146.32,UK,22,Gustaf's Knäckebröd,5,21.0,0,5,Grains/Cereals,7.0,True,1997,1997-12
10768,31,12.5,50,0.0,625.0,0.0,625.0,AROUT,3,1997-12-08,1998-01-05,1997-12-15,2,146.32,UK,31,Gorgonzola Telino,4,12.5,0,4,Dairy Products,7.0,True,1997,1997-12
10768,60,34.0,15,0.0,510.0,0.0,510.0,AROUT,3,1997-12-08,1998-01-05,1997-12-15,2,146.32,UK,60,Camembert Pierrot,4,34.0,0,4,Dairy Products,7.0,True,1997,1997-12
10768,71,21.5,12,0.0,258.0,0.0,258.0,AROUT,3,1997-12-08,1998-01-05,1997-12-15,2,146.32,UK,71,Flotemysost,4,21.5,0,4,Dairy Products,7.0,True,1997,1997-12
10769,41,9.65,30,0.05,289.5,14.475000000000001,275.025,VAFFE,3,1997-12-08,1998-01-05,1997-12-12,1,65.06,Denmark,41,Jack's New England Clam Chowder,8,9.65,0,8,Seafood,4.0,True,1997,1997-12
10769,52,7.0,15,0.05,105.0,5.25,99.75,VAFFE,3,1997-12-08,1998-01-05,1997-12-12,1,65.06,Denmark,52,Filo Mix,5,7.0,0,5,Grains/Cereals,4.0,True,1997,1997-12
10769,61,28.5,20,0.0,570.0,0.0,570.0,VAFFE,3,1997-12-08,1998-01-05,1997-12-12,1,65.06,Denmark,61,Sirop d'érable,2,28.5,0,2,Condiments,4.0,True,1997,1997-12
10769,62,49.3,15,0.0,739.5,0.0,739.5,VAFFE,3,1997-12-08,1998-01-05,1997-12-12,1,65.06,Denmark,62,Tarte au sucre,3,49.3,0,3,Confections,4.0,True,1997,1997-12
10770,11,21.0,15,0.25,315.0,78.75,236.25,HANAR,8,1997-12-09,1998-01-06,1997-12-17,3,5.32,Brazil,11,Queso Cabrales,4,21.0,0,4,Dairy Products,8.0,True,1997,1997-12
10771,71,21.5,16,0.0,344.0,0.0,344.0,ERNSH,9,1997-12-10,1998-01-07,1998-01-02,2,11.19,Austria,71,Flotemysost,4,21.5,0,4,Dairy Products,23.0,True,1997,1997-12
10772,29,123.79,18,0.0,2228.2200000000003,0.0,2228.2200000000003,LEHMS,3,1997-12-10,1998-01-07,1997-12-19,2,91.28,Germany,29,Thüringer Rostbratwurst,6,123.79,1,6,Meat/Poultry,9.0,True,1997,1997-12
10772,59,55.0,25,0.0,1375.0,0.0,1375.0,LEHMS,3,1997-12-10,1998-01-07,1997-12-19,2,91.28,Germany,59,Raclette Courdavault,4,55.0,0,4,Dairy Products,9.0,True,1997,1997-12
10773,17,39.0,33,0.0,1287.0,0.0,1287.0,ERNSH,1,1997-12-11,1998-01-08,1997-12-16,3,96.43,Austria,17,Alice Mutton,6,39.0,1,6,Meat/Poultry,5.0,True,1997,1997-12
10773,31,12.5,70,0.2,875.0,175.0,700.0,ERNSH,1,1997-12-11,1998-01-08,1997-12-16,3,96.43,Austria,31,Gorgonzola Telino,4,12.5,0,4,Dairy Products,5.0,True,1997,1997-12
10773,75,7.75,7,0.2,54.25,10.850000000000001,43.4,ERNSH,1,1997-12-11,1998-01-08,1997-12-16,3,96.43,Austria,75,Rhönbräu Klosterbier,1,7.75,0,1,Beverages,5.0,True,1997,1997-12
10774,31,12.5,2,0.25,25.0,6.25,18.75,FOLKO,4,1997-12-11,1997-12-25,1997-12-12,1,48.2,Sweden,31,Gorgonzola Telino,4,12.5,0,4,Dairy Products,1.0,True,1997,1997-12
10774,66,17.0,50,0.0,850.0,0.0,850.0,FOLKO,4,1997-12-11,1997-12-25,1997-12-12,1,48.2,Sweden,66,Louisiana Hot Spiced Okra,2,17.0,0,2,Condiments,1.0,True,1997,1997-12
10775,10,31.0,6,0.0,186.0,0.0,186.0,THECR,7,1997-12-12,1998-01-09,1997-12-26,1,20.25,USA,10,Ikura,8,31.0,0,8,Seafood,14.0,True,1997,1997-12
10775,67,14.0,3,0.0,42.0,0.0,42.0,THECR,7,1997-12-12,1998-01-09,1997-12-26,1,20.25,USA,67,Laughing Lumberjack Lager,1,14.0,0,1,Beverages,14.0,True,1997,1997-12
10776,31,12.5,16,0.05,200.0,10.0,190.0,ERNSH,1,1997-12-15,1998-01-12,1997-12-18,3,351.53,Austria,31,Gorgonzola Telino,4,12.5,0,4,Dairy Products,3.0,True,1997,1997-12
10776,42,14.0,12,0.05,168.0,8.4,159.6,ERNSH,1,1997-12-15,1998-01-12,1997-12-18,3,351.53,Austria,42,Singaporean Hokkien Fried Mee,5,14.0,1,5,Grains/Cereals,3.0,True,1997,1997-12
10776,45,9.5,27,0.05,256.5,12.825000000000001,243.675,ERNSH,1,1997-12-15,1998-01-12,1997-12-18,3,351.53,Austria,45,Rogede sild,8,9.5,0,8,Seafood,3.0,True,1997,1997-12
10776,51,53.0,120,0.05,6360.0,318.0,6042.0,ERNSH,1,1997-12-15,1998-01-12,1997-12-18,3,351.53,Austria,51,Manjimup Dried Apples,7,53.0,0,7,Produce,3.0,True,1997,1997-12
10777,42,14.0,20,0.2,280.0,56.0,224.0,GOURL,7,1997-12-15,1997-12-29,1998-01-21,2,3.01,Brazil,42,Singaporean Hokkien Fried Mee,5,14.0,1,5,Grains/Cereals,37.0,False,1997,1997-12
10778,41,9.65,10,0.0,96.5,0.0,96.5,BERGS,3,1997-12-16,1998-01-13,1997-12-24,1,6.79,Sweden,41,Jack's New England Clam Chowder,8,9.65,0,8,Seafood,8.0,True,1997,1997-12
10779,16,17.45,20,0.0,349.0,0.0,349.0,MORGK,3,1997-12-16,1998-01-13,1998-01-14,2,58.13,Germany,16,Pavlova,3,17.45,0,3,Confections,29.0,False,1997,1997-12
10779,62,49.3,20,0.0,986.0,0.0,986.0,MORGK,3,1997-12-16,1998-01-13,1998-01-14,2,58.13,Germany,62,Tarte au sucre,3,49.3,0,3,Confections,29.0,False,1997,1997-12
10780,70,15.0,35,0.0,525.0,0.0,525.0,LILAS,2,1997-12-16,1997-12-30,1997-12-25,1,42.13,Venezuela,70,Outback Lager,1,15.0,0,1,Beverages,9.0,True,1997,1997-12
10780,77,13.0,15,0.0,195.0,0.0,195.0,LILAS,2,1997-12-16,1997-12-30,1997-12-25,1,42.13,Venezuela,77,Original Frankfurter grüne Soße,2,13.0,0,2,Condiments,9.0,True,1997,1997-12
10781,54,7.45,3,0.2,22.35,4.470000000000001,17.880000000000003,WARTH,2,1997-12-17,1998-01-14,1997-12-19,3,73.16,Finland,54,Tourtière,6,7.45,0,6,Meat/Poultry,2.0,True,1997,1997-12
10781,56,38.0,20,0.2,760.0,152.0,608.0,WARTH,2,1997-12-17,1998-01-14,1997-12-19,3,73.16,Finland,56,Gnocchi di nonna Alice,5,38.0,0,5,Grains/Cereals,2.0,True,1997,1997-12
10781,74,10.0,35,0.0,350.0,0.0,350.0,WARTH,2,1997-12-17,1998-01-14,1997-12-19,3,73.16,Finland,74,Longlife Tofu,7,10.0,0,7,Produce,2.0,True,1997,1997-12
10782,31,12.5,1,0.0,12.5,0.0,12.5,CACTU,9,1997-12-17,1998-01-14,1997-12-22,3,1.1,Argentina,31,Gorgonzola Telino,4,12.5,0,4,Dairy Products,5.0,True,1997,1997-12
10783,31,12.5,10,0.0,125.0,0.0,125.0,HANAR,4,1997-12-18,1998-01-15,1997-12-19,2,124.98,Brazil,31,Gorgonzola Telino,4,12.5,0,4,Dairy Products,1.0,True,1997,1997-12
10783,38,263.5,5,0.0,1317.5,0.0,1317.5,HANAR,4,1997-12-18,1998-01-15,1997-12-19,2,124.98,Brazil,38,Côte de Blaye,1,263.5,0,1,Beverages,1.0,True,1997,1997-12
10784,36,19.0,30,0.0,570.0,0.0,570.0,MAGAA,4,1997-12-18,1998-01-15,1997-12-22,3,70.09,Italy,36,Inlagd Sill,8,19.0,0,8,Seafood,4.0,True,1997,1997-12
10784,39,18.0,2,0.15,36.0,5.3999999999999995,30.6,MAGAA,4,1997-12-18,1998-01-15,1997-12-22,3,70.09,Italy,39,Chartreuse verte,1,18.0,0,1,Beverages,4.0,True,1997,1997-12
10784,72,34.8,30,0.15,1044.0,156.6,887.4,MAGAA,4,1997-12-18,1998-01-15,1997-12-22,3,70.09,Italy,72,Mozzarella di Giovanni,4,34.8,0,4,Dairy Products,4.0,True,1997,1997-12
10785,10,31.0,10,0.0,310.0,0.0,310.0,GROSR,1,1997-12-18,1998-01-15,1997-12-24,3,1.51,Venezuela,10,Ikura,8,31.0,0,8,Seafood,6.0,True,1997,1997-12
10785,75,7.75,10,0.0,77.5,0.0,77.5,GROSR,1,1997-12-18,1998-01-15,1997-12-24,3,1.51,Venezuela,75,Rhönbräu Klosterbier,1,7.75,0,1,Beverages,6.0,True,1997,1997-12
10786,8,40.0,30,0.2,1200.0,240.0,960.0,QUEEN,8,1997-12-19,1998-01-16,1997-12-23,1,110.87,Brazil,8,Northwoods Cranberry Sauce,2,40.0,0,2,Condiments,4.0,True,1997,1997-12
10786,30,25.89,15,0.2,388.35,77.67000000000002,310.68,QUEEN,8,1997-12-19,1998-01-16,1997-12-23,1,110.87,Brazil,30,Nord-Ost Matjeshering,8,25.89,0,8,Seafood,4.0,True,1997,1997-12
10786,75,7.75,42,0.2,325.5,65.10000000000001,260.4,QUEEN,8,1997-12-19,1998-01-16,1997-12-23,1,110.87,Brazil,75,Rhönbräu Klosterbier,1,7.75,0,1,Beverages,4.0,True,1997,1997-12
10787,2,19.0,15,0.05,285.0,14.25,270.75,LAMAI,2,1997-12-19,1998-01-02,1997-12-26,1,249.93,France,2,Chang,1,19.0,0,1,Beverages,7.0,True,1997,1997-12
10787,29,123.79,20,0.05,2475.8,123.79000000000002,2352.01,LAMAI,2,1997-12-19,1998-01-02,1997-12-26,1,249.93,France,29,Thüringer Rostbratwurst,6,123.79,1,6,Meat/Poultry,7.0,True,1997,1997-12
10788,19,9.2,50,0.05,459.99999999999994,23.0,436.99999999999994,QUICK,1,1997-12-22,1998-01-19,1998-01-19,2,42.7,Germany,19,Teatime Chocolate Biscuits,3,9.2,0,3,Confections,28.0,True,1997,1997-12
10788,75,7.75,40,0.05,310.0,15.5,294.5,QUICK,1,1997-12-22,1998-01-19,1998-01-19,2,42.7,Germany,75,Rhönbräu Klosterbier,1,7.75,0,1,Beverages,28.0,True,1997,1997-12
10789,18,62.5,30,0.0,1875.0,0.0,1875.0,FOLIG,1,1997-12-22,1998-01-19,1997-12-31,2,100.6,France,18,Carnarvon Tigers,8,62.5,0,8,Seafood,9.0,True,1997,1997-12
10789,35,18.0,15,0.0,270.0,0.0,270.0,FOLIG,1,1997-12-22,1998-01-19,1997-12-31,2,100.6,France,35,Steeleye Stout,1,18.0,0,1,Beverages,9.0,True,1997,1997-12
10789,63,43.9,30,0.0,1317.0,0.0,1317.0,FOLIG,1,1997-12-22,1998-01-19,1997-12-31,2,100.6,France,63,Vegie-spread,2,43.9,0,2,Condiments,9.0,True,1997,1997-12
10789,68,12.5,18,0.0,225.0,0.0,225.0,FOLIG,1,1997-12-22,1998-01-19,1997-12-31,2,100.6,France,68,Scottish Longbreads,3,12.5,0,3,Confections,9.0,True,1997,1997-12
10790,7,30.0,3,0.15,90.0,13.5,76.5,GOURL,6,1997-12-22,1998-01-19,1997-12-26,1,28.23,Brazil,7,Uncle Bob's Organic Dried Pears,7,30.0,0,7,Produce,4.0,True,1997,1997-12
10790,56,38.0,20,0.15,760.0,114.0,646.0,GOURL,6,1997-12-22,1998-01-19,1997-12-26,1,28.23,Brazil,56,Gnocchi di nonna Alice,5,38.0,0,5,Grains/Cereals,4.0,True,1997,1997-12
10791,29,123.79,14,0.05,1733.0600000000002,86.65300000000002,1646.4070000000002,FRANK,6,1997-12-23,1998-01-20,1998-01-01,2,16.85,Germany,29,Thüringer Rostbratwurst,6,123.79,1,6,Meat/Poultry,9.0,True,1997,1997-12
10791,41,9.65,20,0.05,193.0,9.65,183.35,FRANK,6,1997-12-23,1998-01-20,1998-01-01,2,16.85,Germany,41,Jack's New England Clam Chowder,8,9.65,0,8,Seafood,9.0,True,1997,1997-12
10792,2,19.0,10,0.0,190.0,0.0,190.0,WOLZA,1,1997-12-23,1998-01-20,1997-12-31,3,23.79,Poland,2,Chang,1,19.0,0,1,Beverages,8.0,True,1997,1997-12
10792,54,7.45,3,0.0,22.35,0.0,22.35,WOLZA,1,1997-12-23,1998-01-20,1997-12-31,3,23.79,Poland,54,Tourtière,6,7.45,0,6,Meat/Poultry,8.0,True,1997,1997-12
10792,68,12.5,15,0.0,187.5,0.0,187.5,WOLZA,1,1997-12-23,1998-01-20,1997-12-31,3,23.79,Poland,68,Scottish Longbreads,3,12.5,0,3,Confections,8.0,True,1997,1997-12
10793,41,9.65,14,0.0,135.1,0.0,135.1,AROUT,3,1997-12-24,1998-01-21,1998-01-08,3,4.52,UK,41,Jack's New England Clam Chowder,8,9.65,0,8,Seafood,15.0,True,1997,1997-12
10793,52,7.0,8,0.0,56.0,0.0,56.0,AROUT,3,1997-12-24,1998-01-21,1998-01-08,3,4.52,UK,52,Filo Mix,5,7.0,0,5,Grains/Cereals,15.0,True,1997,1997-12
10794,14,23.25,15,0.2,348.75,69.75,279.0,QUEDE,6,1997-12-24,1998-01-21,1998-01-02,1,21.49,Brazil,14,Tofu,7,23.25,0,7,Produce,9.0,True,1997,1997-12
10794,54,7.45,6,0.2,44.7,8.940000000000001,35.760000000000005,QUEDE,6,1997-12-24,1998-01-21,1998-01-02,1,21.49,Brazil,54,Tourtière,6,7.45,0,6,Meat/Poultry,9.0,True,1997,1997-12
10795,16,17.45,65,0.0,1134.25,0.0,1134.25,ERNSH,8,1997-12-24,1998-01-21,1998-01-20,2,126.66,Austria,16,Pavlova,3,17.45,0,3,Confections,27.0,True,1997,1997-12
10795,17,39.0,35,0.25,1365.0,341.25,1023.75,ERNSH,8,1997-12-24,1998-01-21,1998-01-20,2,126.66,Austria,17,Alice Mutton,6,39.0,1,6,Meat/Poultry,27.0,True,1997,1997-12
10796,26,31.23,21,0.2,655.83,131.16600000000003,524.664,HILAA,3,1997-12-25,1998-01-22,1998-01-14,1,26.52,Venezuela,26,Gumbär Gummibärchen,3,31.23,0,3,Confections,20.0,True,1997,1997-12
10796,44,19.45,10,0.0,194.5,0.0,194.5,HILAA,3,1997-12-25,1998-01-22,1998-01-14,1,26.52,Venezuela,44,Gula Malacca,2,19.45,0,2,Condiments,20.0,True,1997,1997-12
10796,64,33.25,35,0.2,1163.75,232.75,931.0,HILAA,3,1997-12-25,1998-01-22,1998-01-14,1,26.52,Venezuela,64,Wimmers gute Semmelknödel,5,33.25,0,5,Grains/Cereals,20.0,True,1997,1997-12
10796,69,36.0,24,0.2,864.0,172.8,691.2,HILAA,3,1997-12-25,1998-01-22,1998-01-14,1,26.52,Venezuela,69,Gudbrandsdalsost,4,36.0,0,4,Dairy Products,20.0,True,1997,1997-12
10797,11,21.0,20,0.0,420.0,0.0,420.0,DRACD,7,1997-12-25,1998-01-22,1998-01-05,2,33.35,Germany,11,Queso Cabrales,4,21.0,0,4,Dairy Products,11.0,True,1997,1997-12
10798,62,49.3,2,0.0,98.6,0.0,98.6,ISLAT,2,1997-12-26,1998-01-23,1998-01-05,1,2.33,UK,62,Tarte au sucre,3,49.3,0,3,Confections,10.0,True,1997,1997-12
10798,72,34.8,10,0.0,348.0,0.0,348.0,ISLAT,2,1997-12-26,1998-01-23,1998-01-05,1,2.33,UK,72,Mozzarella di Giovanni,4,34.8,0,4,Dairy Products,10.0,True,1997,1997-12
10799,13,6.0,20,0.15,120.0,18.0,102.0,KOENE,9,1997-12-26,1998-02-06,1998-01-05,3,30.76,Germany,13,Konbu,8,6.0,0,8,Seafood,10.0,True,1997,1997-12
10799,24,4.5,20,0.15,90.0,13.5,76.5,KOENE,9,1997-12-26,1998-02-06,1998-01-05,3,30.76,Germany,24,Guaraná Fantástica,1,4.5,1,1,Beverages,10.0,True,1997,1997-12
10799,59,55.0,25,0.0,1375.0,0.0,1375.0,KOENE,9,1997-12-26,1998-02-06,1998-01-05,3,30.76,Germany,59,Raclette Courdavault,4,55.0,0,4,Dairy Products,10.0,True,1997,1997-12
10800,11,21.0,50,0.1,1050.0,105.0,945.0,SEVES,1,1997-12-26,1998-01-23,1998-01-05,3,137.44,UK,11,Queso Cabrales,4,21.0,0,4,Dairy Products,10.0,True,1997,1997-12
10800,51,53.0,10,0.1,530.0,53.0,477.0,SEVES,1,1997-12-26,1998-01-23,1998-01-05,3,137.44,UK,51,Manjimup Dried Apples,7,53.0,0,7,Produce,10.0,True,1997,1997-12
10800,54,7.45,7,0.1,52.15,5.215,46.935,SEVES,1,1997-12-26,1998-01-23,1998-01-05,3,137.44,UK,54,Tourtière,6,7.45,0,6,Meat/Poultry,10.0,True,1997,1997-12
10801,17,39.0,40,0.25,1560.0,390.0,1170.0,BOLID,4,1997-12-29,1998-01-26,1997-12-31,2,97.09,Spain,17,Alice Mutton,6,39.0,1,6,Meat/Poultry,2.0,True,1997,1997-12
10801,29,123.79,20,0.25,2475.8,618.95,1856.8500000000001,BOLID,4,1997-12-29,1998-01-26,1997-12-31,2,97.09,Spain,29,Thüringer Rostbratwurst,6,123.79,1,6,Meat/Poultry,2.0,True,1997,1997-12
10802,30,25.89,25,0.25,647.25,161.8125,485.4375,SIMOB,4,1997-12-29,1998-01-26,1998-01-02,2,257.26,Denmark,30,Nord-Ost Matjeshering,8,25.89,0,8,Seafood,4.0,True,1997,1997-12
10802,51,53.0,30,0.25,1590.0,397.5,1192.5,SIMOB,4,1997-12-29,1998-01-26,1998-01-02,2,257.26,Denmark,51,Manjimup Dried Apples,7,53.0,0,7,Produce,4.0,True,1997,1997-12
10802,55,24.0,60,0.25,1440.0,360.0,1080.0,SIMOB,4,1997-12-29,1998-01-26,1998-01-02,2,257.26,Denmark,55,Pâté chinois,6,24.0,0,6,Meat/Poultry,4.0,True,1997,1997-12
10802,62,49.3,5,0.25,246.5,61.625,184.875,SIMOB,4,1997-12-29,1998-01-26,1998-01-02,2,257.26,Denmark,62,Tarte au sucre,3,49.3,0,3,Confections,4.0,True,1997,1997-12
10803,19,9.2,24,0.05,220.79999999999998,11.04,209.76,WELLI,4,1997-12-30,1998-01-27,1998-01-06,1,55.23,Brazil,19,Teatime Chocolate Biscuits,3,9.2,0,3,Confections,7.0,True,1997,1997-12
10803,25,14.0,15,0.05,210.0,10.5,199.5,WELLI,4,1997-12-30,1998-01-27,1998-01-06,1,55.23,Brazil,25,NuNuCa Nuß-Nougat-Creme,3,14.0,0,3,Confections,7.0,True,1997,1997-12
10803,59,55.0,15,0.05,825.0,41.25,783.75,WELLI,4,1997-12-30,1998-01-27,1998-01-06,1,55.23,Brazil,59,Raclette Courdavault,4,55.0,0,4,Dairy Products,7.0,True,1997,1997-12
10804,10,31.0,36,0.0,1116.0,0.0,1116.0,SEVES,6,1997-12-30,1998-01-27,1998-01-07,2,27.33,UK,10,Ikura,8,31.0,0,8,Seafood,8.0,True,1997,1997-12
10804,28,45.6,24,0.0,1094.4,0.0,1094.4,SEVES,6,1997-12-30,1998-01-27,1998-01-07,2,27.33,UK,28,Rössle Sauerkraut,7,45.6,1,7,Produce,8.0,True,1997,1997-12
10804,49,20.0,4,0.15,80.0,12.0,68.0,SEVES,6,1997-12-30,1998-01-27,1998-01-07,2,27.33,UK,49,Maxilaku,3,20.0,0,3,Confections,8.0,True,1997,1997-12
10805,34,14.0,10,0.0,140.0,0.0,140.0,THEBI,2,1997-12-30,1998-01-27,1998-01-09,3,237.34,USA,34,Sasquatch Ale,1,14.0,0,1,Beverages,10.0,True,1997,1997-12
10805,38,263.5,10,0.0,2635.0,0.0,2635.0,THEBI,2,1997-12-30,1998-01-27,1998-01-09,3,237.34,USA,38,Côte de Blaye,1,263.5,0,1,Beverages,10.0,True,1997,1997-12
10806,2,19.0,20,0.25,380.0,95.0,285.0,VICTE,3,1997-12-31,1998-01-28,1998-01-05,2,22.11,France,2,Chang,1,19.0,0,1,Beverages,5.0,True,1997,1997-12
10806,65,21.05,2,0.0,42.1,0.0,42.1,VICTE,3,1997-12-31,1998-01-28,1998-01-05,2,22.11,France,65,Louisiana Fiery Hot Pepper Sauce,2,21.05,0,2,Condiments,5.0,True,1997,1997-12
10806,74,10.0,15,0.25,150.0,37.5,112.5,VICTE,3,1997-12-31,1998-01-28,1998-01-05,2,22.11,France,74,Longlife Tofu,7,10.0,0,7,Produce,5.0,True,1997,1997-12
10807,40,18.4,1,0.0,18.4,0.0,18.4,FRANS,4,1997-12-31,1998-01-28,1998-01-30,1,1.36,Italy,40,Boston Crab Meat,8,18.4,0,8,Seafood,30.0,False,1997,1997-12
10808,56,38.0,20,0.15,760.0,114.0,646.0,OLDWO,2,1998-01-01,1998-01-29,1998-01-09,3,45.53,USA,56,Gnocchi di nonna Alice,5,38.0,0,5,Grains/Cereals,8.0,True,1998,1998-01
10808,76,18.0,50,0.15,900.0,135.0,765.0,OLDWO,2,1998-01-01,1998-01-29,1998-01-09,3,45.53,USA,76,Lakkalikööri,1,18.0,0,1,Beverages,8.0,True,1998,1998-01
10809,52,7.0,20,0.0,140.0,0.0,140.0,WELLI,7,1998-01-01,1998-01-29,1998-01-07,1,4.87,Brazil,52,Filo Mix,5,7.0,0,5,Grains/Cereals,6.0,True,1998,1998-01
10810,13,6.0,7,0.0,42.0,0.0,42.0,LAUGB,2,1998-01-01,1998-01-29,1998-01-07,3,4.33,Canada,13,Konbu,8,6.0,0,8,Seafood,6.0,True,1998,1998-01
10810,25,14.0,5,0.0,70.0,0.0,70.0,LAUGB,2,1998-01-01,1998-01-29,1998-01-07,3,4.33,Canada,25,NuNuCa Nuß-Nougat-Creme,3,14.0,0,3,Confections,6.0,True,1998,1998-01
10810,70,15.0,5,0.0,75.0,0.0,75.0,LAUGB,2,1998-01-01,1998-01-29,1998-01-07,3,4.33,Canada,70,Outback Lager,1,15.0,0,1,Beverages,6.0,True,1998,1998-01
10811,19,9.2,15,0.0,138.0,0.0,138.0,LINOD,8,1998-01-02,1998-01-30,1998-01-08,1,31.22,Venezuela,19,Teatime Chocolate Biscuits,3,9.2,0,3,Confections,6.0,True,1998,1998-01
10811,23,9.0,18,0.0,162.0,0.0,162.0,LINOD,8,1998-01-02,1998-01-30,1998-01-08,1,31.22,Venezuela,23,Tunnbröd,5,9.0,0,5,Grains/Cereals,6.0,True,1998,1998-01
10811,40,18.4,30,0.0,552.0,0.0,552.0,LINOD,8,1998-01-02,1998-01-30,1998-01-08,1,31.22,Venezuela,40,Boston Crab Meat,8,18.4,0,8,Seafood,6.0,True,1998,1998-01
10812,31,12.5,16,0.1,200.0,20.0,180.0,REGGC,5,1998-01-02,1998-01-30,1998-01-12,1,59.78,Italy,31,Gorgonzola Telino,4,12.5,0,4,Dairy Products,10.0,True,1998,1998-01
10812,72,34.8,40,0.1,1392.0,139.20000000000002,1252.8,REGGC,5,1998-01-02,1998-01-30,1998-01-12,1,59.78,Italy,72,Mozzarella di Giovanni,4,34.8,0,4,Dairy Products,10.0,True,1998,1998-01
10812,77,13.0,20,0.0,260.0,0.0,260.0,REGGC,5,1998-01-02,1998-01-30,1998-01-12,1,59.78,Italy,77,Original Frankfurter grüne Soße,2,13.0,0,2,Condiments,10.0,True,1998,1998-01
10813,2,19.0,12,0.2,228.0,45.6,182.4,RICAR,1,1998-01-05,1998-02-02,1998-01-09,1,47.38,Brazil,2,Chang,1,19.0,0,1,Beverages,4.0,True,1998,1998-01
10813,46,12.0,35,0.0,420.0,0.0,420.0,RICAR,1,1998-01-05,1998-02-02,1998-01-09,1,47.38,Brazil,46,Spegesild,8,12.0,0,8,Seafood,4.0,True,1998,1998-01
10814,41,9.65,20,0.0,193.0,0.0,193.0,VICTE,3,1998-01-05,1998-02-02,1998-01-14,3,130.94,France,41,Jack's New England Clam Chowder,8,9.65,0,8,Seafood,9.0,True,1998,1998-01
10814,43,46.0,20,0.15,920.0,138.0,782.0,VICTE,3,1998-01-05,1998-02-02,1998-01-14,3,130.94,France,43,Ipoh Coffee,1,46.0,0,1,Beverages,9.0,True,1998,1998-01
10814,48,12.75,8,0.15,102.0,15.299999999999999,86.7,VICTE,3,1998-01-05,1998-02-02,1998-01-14,3,130.94,France,48,Chocolade,3,12.75,0,3,Confections,9.0,True,1998,1998-01
10814,61,28.5,30,0.15,855.0,128.25,726.75,VICTE,3,1998-01-05,1998-02-02,1998-01-14,3,130.94,France,61,Sirop d'érable,2,28.5,0,2,Condiments,9.0,True,1998,1998-01
10815,33,2.5,16,0.0,40.0,0.0,40.0,SAVEA,2,1998-01-05,1998-02-02,1998-01-14,3,14.62,USA,33,Geitost,4,2.5,0,4,Dairy Products,9.0,True,1998,1998-01
10816,38,263.5,30,0.05,7905.0,395.25,7509.75,GREAL,4,1998-01-06,1998-02-03,1998-02-04,2,719.78,USA,38,Côte de Blaye,1,263.5,0,1,Beverages,29.0,False,1998,1998-01
10816,62,49.3,20,0.05,986.0,49.300000000000004,936.7,GREAL,4,1998-01-06,1998-02-03,1998-02-04,2,719.78,USA,62,Tarte au sucre,3,49.3,0,3,Confections,29.0,False,1998,1998-01
10817,26,31.23,40,0.15,1249.2,187.38,1061.8200000000002,KOENE,3,1998-01-06,1998-01-20,1998-01-13,2,306.07,Germany,26,Gumbär Gummibärchen,3,31.23,0,3,Confections,7.0,True,1998,1998-01
10817,38,263.5,30,0.0,7905.0,0.0,7905.0,KOENE,3,1998-01-06,1998-01-20,1998-01-13,2,306.07,Germany,38,Côte de Blaye,1,263.5,0,1,Beverages,7.0,True,1998,1998-01
10817,40,18.4,60,0.15,1104.0,165.6,938.4,KOENE,3,1998-01-06,1998-01-20,1998-01-13,2,306.07,Germany,40,Boston Crab Meat,8,18.4,0,8,Seafood,7.0,True,1998,1998-01
10817,62,49.3,25,0.15,1232.5,184.875,1047.625,KOENE,3,1998-01-06,1998-01-20,1998-01-13,2,306.07,Germany,62,Tarte au sucre,3,49.3,0,3,Confections,7.0,True,1998,1998-01
10818,32,32.0,20,0.0,640.0,0.0,640.0,MAGAA,7,1998-01-07,1998-02-04,1998-01-12,3,65.48,Italy,32,Mascarpone Fabioli,4,32.0,0,4,Dairy Products,5.0,True,1998,1998-01
10818,41,9.65,20,0.0,193.0,0.0,193.0,MAGAA,7,1998-01-07,1998-02-04,1998-01-12,3,65.48,Italy,41,Jack's New England Clam Chowder,8,9.65,0,8,Seafood,5.0,True,1998,1998-01
10819,43,46.0,7,0.0,322.0,0.0,322.0,CACTU,2,1998-01-07,1998-02-04,1998-01-16,3,19.76,Argentina,43,Ipoh Coffee,1,46.0,0,1,Beverages,9.0,True,1998,1998-01
10819,75,7.75,20,0.0,155.0,0.0,155.0,CACTU,2,1998-01-07,1998-02-04,1998-01-16,3,19.76,Argentina,75,Rhönbräu Klosterbier,1,7.75,0,1,Beverages,9.0,True,1998,1998-01
10820,56,38.0,30,0.0,1140.0,0.0,1140.0,RATTC,3,1998-01-07,1998-02-04,1998-01-13,2,37.52,USA,56,Gnocchi di nonna Alice,5,38.0,0,5,Grains/Cereals,6.0,True,1998,1998-01
10821,35,18.0,20,0.0,360.0,0.0,360.0,SPLIR,1,1998-01-08,1998-02-05,1998-01-15,1,36.68,USA,35,Steeleye Stout,1,18.0,0,1,Beverages,7.0,True,1998,1998-01
10821,51,53.0,6,0.0,318.0,0.0,318.0,SPLIR,1,1998-01-08,1998-02-05,1998-01-15,1,36.68,USA,51,Manjimup Dried Apples,7,53.0,0,7,Produce,7.0,True,1998,1998-01
10822,62,49.3,3,0.0,147.89999999999998,0.0,147.89999999999998,TRAIH,6,1998-01-08,1998-02-05,1998-01-16,3,7.0,USA,62,Tarte au sucre,3,49.3,0,3,Confections,8.0,True,1998,1998-01
10822,70,15.0,6,0.0,90.0,0.0,90.0,TRAIH,6,1998-01-08,1998-02-05,1998-01-16,3,7.0,USA,70,Outback Lager,1,15.0,0,1,Beverages,8.0,True,1998,1998-01
10823,11,21.0,20,0.1,420.0,42.0,378.0,LILAS,5,1998-01-09,1998-02-06,1998-01-13,2,163.97,Venezuela,11,Queso Cabrales,4,21.0,0,4,Dairy Products,4.0,True,1998,1998-01
10823,57,19.5,15,0.0,292.5,0.0,292.5,LILAS,5,1998-01-09,1998-02-06,1998-01-13,2,163.97,Venezuela,57,Ravioli Angelo,5,19.5,0,5,Grains/Cereals,4.0,True,1998,1998-01
10823,59,55.0,40,0.1,2200.0,220.0,1980.0,LILAS,5,1998-01-09,1998-02-06,1998-01-13,2,163.97,Venezuela,59,Raclette Courdavault,4,55.0,0,4,Dairy Products,4.0,True,1998,1998-01
10823,77,13.0,15,0.1,195.0,19.5,175.5,LILAS,5,1998-01-09,1998-02-06,1998-01-13,2,163.97,Venezuela,77,Original Frankfurter grüne Soße,2,13.0,0,2,Condiments,4.0,True,1998,1998-01
10824,41,9.65,12,0.0,115.80000000000001,0.0,115.80000000000001,FOLKO,8,1998-01-09,1998-02-06,1998-01-30,1,1.23,Sweden,41,Jack's New England Clam Chowder,8,9.65,0,8,Seafood,21.0,True,1998,1998-01
10824,70,15.0,9,0.0,135.0,0.0,135.0,FOLKO,8,1998-01-09,1998-02-06,1998-01-30,1,1.23,Sweden,70,Outback Lager,1,15.0,0,1,Beverages,21.0,True,1998,1998-01
10825,26,31.23,12,0.0,374.76,0.0,374.76,DRACD,1,1998-01-09,1998-02-06,1998-01-14,1,79.25,Germany,26,Gumbär Gummibärchen,3,31.23,0,3,Confections,5.0,True,1998,1998-01
10825,53,32.8,20,0.0,656.0,0.0,656.0,DRACD,1,1998-01-09,1998-02-06,1998-01-14,1,79.25,Germany,53,Perth Pasties,6,32.8,1,6,Meat/Poultry,5.0,True,1998,1998-01
10826,31,12.5,35,0.0,437.5,0.0,437.5,BLONP,6,1998-01-12,1998-02-09,1998-02-06,1,7.09,France,31,Gorgonzola Telino,4,12.5,0,4,Dairy Products,25.0,True,1998,1998-01
10826,57,19.5,15,0.0,292.5,0.0,292.5,BLONP,6,1998-01-12,1998-02-09,1998-02-06,1,7.09,France,57,Ravioli Angelo,5,19.5,0,5,Grains/Cereals,25.0,True,1998,1998-01
10827,10,31.0,15,0.0,465.0,0.0,465.0,BONAP,1,1998-01-12,1998-01-26,1998-02-06,2,63.54,France,10,Ikura,8,31.0,0,8,Seafood,25.0,False,1998,1998-01
10827,39,18.0,21,0.0,378.0,0.0,378.0,BONAP,1,1998-01-12,1998-01-26,1998-02-06,2,63.54,France,39,Chartreuse verte,1,18.0,0,1,Beverages,25.0,False,1998,1998-01
10828,20,81.0,5,0.0,405.0,0.0,405.0,RANCH,9,1998-01-13,1998-01-27,1998-02-04,1,90.85,Argentina,20,Sir Rodney's Marmalade,3,81.0,0,3,Confections,22.0,False,1998,1998-01
10828,38,263.5,2,0.0,527.0,0.0,527.0,RANCH,9,1998-01-13,1998-01-27,1998-02-04,1,90.85,Argentina,38,Côte de Blaye,1,263.5,0,1,Beverages,22.0,False,1998,1998-01
10829,2,19.0,10,0.0,190.0,0.0,190.0,ISLAT,9,1998-01-13,1998-02-10,1998-01-23,1,154.72,UK,2,Chang,1,19.0,0,1,Beverages,10.0,True,1998,1998-01
10829,8,40.0,20,0.0,800.0,0.0,800.0,ISLAT,9,1998-01-13,1998-02-10,1998-01-23,1,154.72,UK,8,Northwoods Cranberry Sauce,2,40.0,0,2,Condiments,10.0,True,1998,1998-01
10829,13,6.0,10,0.0,60.0,0.0,60.0,ISLAT,9,1998-01-13,1998-02-10,1998-01-23,1,154.72,UK,13,Konbu,8,6.0,0,8,Seafood,10.0,True,1998,1998-01
10829,60,34.0,21,0.0,714.0,0.0,714.0,ISLAT,9,1998-01-13,1998-02-10,1998-01-23,1,154.72,UK,60,Camembert Pierrot,4,34.0,0,4,Dairy Products,10.0,True,1998,1998-01
10830,6,25.0,6,0.0,150.0,0.0,150.0,TRADH,4,1998-01-13,1998-02-24,1998-01-21,2,81.83,Brazil,6,Grandma's Boysenberry Spread,2,25.0,0,2,Condiments,8.0,True,1998,1998-01
10830,39,18.0,28,0.0,504.0,0.0,504.0,TRADH,4,1998-01-13,1998-02-24,1998-01-21,2,81.83,Brazil,39,Chartreuse verte,1,18.0,0,1,Beverages,8.0,True,1998,1998-01
10830,60,34.0,30,0.0,1020.0,0.0,1020.0,TRADH,4,1998-01-13,1998-02-24,1998-01-21,2,81.83,Brazil,60,Camembert Pierrot,4,34.0,0,4,Dairy Products,8.0,True,1998,1998-01
10830,68,12.5,24,0.0,300.0,0.0,300.0,TRADH,4,1998-01-13,1998-02-24,1998-01-21,2,81.83,Brazil,68,Scottish Longbreads,3,12.5,0,3,Confections,8.0,True,1998,1998-01
10831,19,9.2,2,0.0,18.4,0.0,18.4,SANTG,3,1998-01-14,1998-02-11,1998-01-23,2,72.19,Norway,19,Teatime Chocolate Biscuits,3,9.2,0,3,Confections,9.0,True,1998,1998-01
10831,35,18.0,8,0.0,144.0,0.0,144.0,SANTG,3,1998-01-14,1998-02-11,1998-01-23,2,72.19,Norway,35,Steeleye Stout,1,18.0,0,1,Beverages,9.0,True,1998,1998-01
10831,38,263.5,8,0.0,2108.0,0.0,2108.0,SANTG,3,1998-01-14,1998-02-11,1998-01-23,2,72.19,Norway,38,Côte de Blaye,1,263.5,0,1,Beverages,9.0,True,1998,1998-01
10831,43,46.0,9,0.0,414.0,0.0,414.0,SANTG,3,1998-01-14,1998-02-11,1998-01-23,2,72.19,Norway,43,Ipoh Coffee,1,46.0,0,1,Beverages,9.0,True,1998,1998-01
10832,13,6.0,3,0.2,18.0,3.6,14.4,LAMAI,2,1998-01-14,1998-02-11,1998-01-19,2,43.26,France,13,Konbu,8,6.0,0,8,Seafood,5.0,True,1998,1998-01
10832,25,14.0,10,0.2,140.0,28.0,112.0,LAMAI,2,1998-01-14,1998-02-11,1998-01-19,2,43.26,France,25,NuNuCa Nuß-Nougat-Creme,3,14.0,0,3,Confections,5.0,True,1998,1998-01
10832,44,19.45,16,0.2,311.2,62.24,248.95999999999998,LAMAI,2,1998-01-14,1998-02-11,1998-01-19,2,43.26,France,44,Gula Malacca,2,19.45,0,2,Condiments,5.0,True,1998,1998-01
10832,64,33.25,3,0.0,99.75,0.0,99.75,LAMAI,2,1998-01-14,1998-02-11,1998-01-19,2,43.26,France,64,Wimmers gute Semmelknödel,5,33.25,0,5,Grains/Cereals,5.0,True,1998,1998-01
10833,7,30.0,20,0.1,600.0,60.0,540.0,OTTIK,6,1998-01-15,1998-02-12,1998-01-23,2,71.49,Germany,7,Uncle Bob's Organic Dried Pears,7,30.0,0,7,Produce,8.0,True,1998,1998-01
10833,31,12.5,9,0.1,112.5,11.25,101.25,OTTIK,6,1998-01-15,1998-02-12,1998-01-23,2,71.49,Germany,31,Gorgonzola Telino,4,12.5,0,4,Dairy Products,8.0,True,1998,1998-01
10833,53,32.8,9,0.1,295.2,29.52,265.68,OTTIK,6,1998-01-15,1998-02-12,1998-01-23,2,71.49,Germany,53,Perth Pasties,6,32.8,1,6,Meat/Poultry,8.0,True,1998,1998-01
10834,29,123.79,8,0.05,990.32,49.516000000000005,940.8040000000001,TRADH,1,1998-01-15,1998-02-12,1998-01-19,3,29.78,Brazil,29,Thüringer Rostbratwurst,6,123.79,1,6,Meat/Poultry,4.0,True,1998,1998-01
10834,30,25.89,20,0.05,517.8,25.89,491.90999999999997,TRADH,1,1998-01-15,1998-02-12,1998-01-19,3,29.78,Brazil,30,Nord-Ost Matjeshering,8,25.89,0,8,Seafood,4.0,True,1998,1998-01
10835,59,55.0,15,0.0,825.0,0.0,825.0,ALFKI,1,1998-01-15,1998-02-12,1998-01-21,3,69.53,Germany,59,Raclette Courdavault,4,55.0,0,4,Dairy Products,6.0,True,1998,1998-01
10835,77,13.0,2,0.2,26.0,5.2,20.8,ALFKI,1,1998-01-15,1998-02-12,1998-01-21,3,69.53,Germany,77,Original Frankfurter grüne Soße,2,13.0,0,2,Condiments,6.0,True,1998,1998-01
10836,22,21.0,52,0.0,1092.0,0.0,1092.0,ERNSH,7,1998-01-16,1998-02-13,1998-01-21,1,411.88,Austria,22,Gustaf's Knäckebröd,5,21.0,0,5,Grains/Cereals,5.0,True,1998,1998-01
10836,35,18.0,6,0.0,108.0,0.0,108.0,ERNSH,7,1998-01-16,1998-02-13,1998-01-21,1,411.88,Austria,35,Steeleye Stout,1,18.0,0,1,Beverages,5.0,True,1998,1998-01
10836,57,19.5,24,0.0,468.0,0.0,468.0,ERNSH,7,1998-01-16,1998-02-13,1998-01-21,1,411.88,Austria,57,Ravioli Angelo,5,19.5,0,5,Grains/Cereals,5.0,True,1998,1998-01
10836,60,34.0,60,0.0,2040.0,0.0,2040.0,ERNSH,7,1998-01-16,1998-02-13,1998-01-21,1,411.88,Austria,60,Camembert Pierrot,4,34.0,0,4,Dairy Products,5.0,True,1998,1998-01
10836,64,33.25,30,0.0,997.5,0.0,997.5,ERNSH,7,1998-01-16,1998-02-13,1998-01-21,1,411.88,Austria,64,Wimmers gute Semmelknödel,5,33.25,0,5,Grains/Cereals,5.0,True,1998,1998-01
10837,13,6.0,6,0.0,36.0,0.0,36.0,BERGS,9,1998-01-16,1998-02-13,1998-01-23,3,13.32,Sweden,13,Konbu,8,6.0,0,8,Seafood,7.0,True,1998,1998-01
10837,40,18.4,25,0.0,459.99999999999994,0.0,459.99999999999994,BERGS,9,1998-01-16,1998-02-13,1998-01-23,3,13.32,Sweden,40,Boston Crab Meat,8,18.4,0,8,Seafood,7.0,True,1998,1998-01
10837,47,9.5,40,0.25,380.0,95.0,285.0,BERGS,9,1998-01-16,1998-02-13,1998-01-23,3,13.32,Sweden,47,Zaanse koeken,3,9.5,0,3,Confections,7.0,True,1998,1998-01
10837,76,18.0,21,0.25,378.0,94.5,283.5,BERGS,9,1998-01-16,1998-02-13,1998-01-23,3,13.32,Sweden,76,Lakkalikööri,1,18.0,0,1,Beverages,7.0,True,1998,1998-01
10838,1,18.0,4,0.25,72.0,18.0,54.0,LINOD,3,1998-01-19,1998-02-16,1998-01-23,3,59.28,Venezuela,1,Chai,1,18.0,0,1,Beverages,4.0,True,1998,1998-01
10838,18,62.5,25,0.25,1562.5,390.625,1171.875,LINOD,3,1998-01-19,1998-02-16,1998-01-23,3,59.28,Venezuela,18,Carnarvon Tigers,8,62.5,0,8,Seafood,4.0,True,1998,1998-01
10838,36,19.0,50,0.25,950.0,237.5,712.5,LINOD,3,1998-01-19,1998-02-16,1998-01-23,3,59.28,Venezuela,36,Inlagd Sill,8,19.0,0,8,Seafood,4.0,True,1998,1998-01
10839,58,13.25,30,0.1,397.5,39.75,357.75,TRADH,3,1998-01-19,1998-02-16,1998-01-22,3,35.43,Brazil,58,Escargots de Bourgogne,8,13.25,0,8,Seafood,3.0,True,1998,1998-01
10839,72,34.8,15,0.1,522.0,52.2,469.8,TRADH,3,1998-01-19,1998-02-16,1998-01-22,3,35.43,Brazil,72,Mozzarella di Giovanni,4,34.8,0,4,Dairy Products,3.0,True,1998,1998-01
10840,25,14.0,6,0.2,84.0,16.8,67.2,LINOD,4,1998-01-19,1998-03-02,1998-02-16,2,2.71,Venezuela,25,NuNuCa Nuß-Nougat-Creme,3,14.0,0,3,Confections,28.0,True,1998,1998-01
10840,39,18.0,10,0.2,180.0,36.0,144.0,LINOD,4,1998-01-19,1998-03-02,1998-02-16,2,2.71,Venezuela,39,Chartreuse verte,1,18.0,0,1,Beverages,28.0,True,1998,1998-01
10841,10,31.0,16,0.0,496.0,0.0,496.0,SUPRD,5,1998-01-20,1998-02-17,1998-01-29,2,424.3,Belgium,10,Ikura,8,31.0,0,8,Seafood,9.0,True,1998,1998-01
10841,56,38.0,30,0.0,1140.0,0.0,1140.0,SUPRD,5,1998-01-20,1998-02-17,1998-01-29,2,424.3,Belgium,56,Gnocchi di nonna Alice,5,38.0,0,5,Grains/Cereals,9.0,True,1998,1998-01
10841,59,55.0,50,0.0,2750.0,0.0,2750.0,SUPRD,5,1998-01-20,1998-02-17,1998-01-29,2,424.3,Belgium,59,Raclette Courdavault,4,55.0,0,4,Dairy Products,9.0,True,1998,1998-01
10841,77,13.0,15,0.0,195.0,0.0,195.0,SUPRD,5,1998-01-20,1998-02-17,1998-01-29,2,424.3,Belgium,77,Original Frankfurter grüne Soße,2,13.0,0,2,Condiments,9.0,True,1998,1998-01
10842,11,21.0,15,0.0,315.0,0.0,315.0,TORTU,1,1998-01-20,1998-02-17,1998-01-29,3,54.42,Mexico,11,Queso Cabrales,4,21.0,0,4,Dairy Products,9.0,True,1998,1998-01
10842,43,46.0,5,0.0,230.0,0.0,230.0,TORTU,1,1998-01-20,1998-02-17,1998-01-29,3,54.42,Mexico,43,Ipoh Coffee,1,46.0,0,1,Beverages,9.0,True,1998,1998-01
10842,68,12.5,20,0.0,250.0,0.0,250.0,TORTU,1,1998-01-20,1998-02-17,1998-01-29,3,54.42,Mexico,68,Scottish Longbreads,3,12.5,0,3,Confections,9.0,True,1998,1998-01
10842,70,15.0,12,0.0,180.0,0.0,180.0,TORTU,1,1998-01-20,1998-02-17,1998-01-29,3,54.42,Mexico,70,Outback Lager,1,15.0,0,1,Beverages,9.0,True,1998,1998-01
10843,51,53.0,4,0.25,212.0,53.0,159.0,VICTE,4,1998-01-21,1998-02-18,1998-01-26,2,9.26,France,51,Manjimup Dried Apples,7,53.0,0,7,Produce,5.0,True,1998,1998-01
10844,22,21.0,35,0.0,735.0,0.0,735.0,PICCO,8,1998-01-21,1998-02-18,1998-01-26,2,25.22,Austria,22,Gustaf's Knäckebröd,5,21.0,0,5,Grains/Cereals,5.0,True,1998,1998-01
10845,23,9.0,70,0.1,630.0,63.0,567.0,QUICK,8,1998-01-21,1998-02-04,1998-01-30,1,212.98,Germany,23,Tunnbröd,5,9.0,0,5,Grains/Cereals,9.0,True,1998,1998-01
10845,35,18.0,25,0.1,450.0,45.0,405.0,QUICK,8,1998-01-21,1998-02-04,1998-01-30,1,212.98,Germany,35,Steeleye Stout,1,18.0,0,1,Beverages,9.0,True,1998,1998-01
10845,42,14.0,42,0.1,588.0,58.800000000000004,529.2,QUICK,8,1998-01-21,1998-02-04,1998-01-30,1,212.98,Germany,42,Singaporean Hokkien Fried Mee,5,14.0,1,5,Grains/Cereals,9.0,True,1998,1998-01
10845,58,13.25,60,0.1,795.0,79.5,715.5,QUICK,8,1998-01-21,1998-02-04,1998-01-30,1,212.98,Germany,58,Escargots de Bourgogne,8,13.25,0,8,Seafood,9.0,True,1998,1998-01
10845,64,33.25,48,0.0,1596.0,0.0,1596.0,QUICK,8,1998-01-21,1998-02-04,1998-01-30,1,212.98,Germany,64,Wimmers gute Semmelknödel,5,33.25,0,5,Grains/Cereals,9.0,True,1998,1998-01
10846,4,22.0,21,0.0,462.0,0.0,462.0,SUPRD,2,1998-01-22,1998-03-05,1998-01-23,3,56.46,Belgium,4,Chef Anton's Cajun Seasoning,2,22.0,0,2,Condiments,1.0,True,1998,1998-01
10846,70,15.0,30,0.0,450.0,0.0,450.0,SUPRD,2,1998-01-22,1998-03-05,1998-01-23,3,56.46,Belgium,70,Outback Lager,1,15.0,0,1,Beverages,1.0,True,1998,1998-01
10846,74,10.0,20,0.0,200.0,0.0,200.0,SUPRD,2,1998-01-22,1998-03-05,1998-01-23,3,56.46,Belgium,74,Longlife Tofu,7,10.0,0,7,Produce,1.0,True,1998,1998-01
10847,1,18.0,80,0.2,1440.0,288.0,1152.0,SAVEA,4,1998-01-22,1998-02-05,1998-02-10,3,487.57,USA,1,Chai,1,18.0,0,1,Beverages,19.0,False,1998,1998-01
10847,19,9.2,12,0.2,110.39999999999999,22.08,88.32,SAVEA,4,1998-01-22,1998-02-05,1998-02-10,3,487.57,USA,19,Teatime Chocolate Biscuits,3,9.2,0,3,Confections,19.0,False,1998,1998-01
10847,37,26.0,60,0.2,1560.0,312.0,1248.0,SAVEA,4,1998-01-22,1998-02-05,1998-02-10,3,487.57,USA,37,Gravad lax,8,26.0,0,8,Seafood,19.0,False,1998,1998-01
10847,45,9.5,36,0.2,342.0,68.4,273.6,SAVEA,4,1998-01-22,1998-02-05,1998-02-10,3,487.57,USA,45,Rogede sild,8,9.5,0,8,Seafood,19.0,False,1998,1998-01
10847,60,34.0,45,0.2,1530.0,306.0,1224.0,SAVEA,4,1998-01-22,1998-02-05,1998-02-10,3,487.57,USA,60,Camembert Pierrot,4,34.0,0,4,Dairy Products,19.0,False,1998,1998-01
10847,71,21.5,55,0.2,1182.5,236.5,946.0,SAVEA,4,1998-01-22,1998-02-05,1998-02-10,3,487.57,USA,71,Flotemysost,4,21.5,0,4,Dairy Products,19.0,False,1998,1998-01
10848,5,21.35,30,0.0,640.5,0.0,640.5,CONSH,7,1998-01-23,1998-02-20,1998-01-29,2,38.24,UK,5,Chef Anton's Gumbo Mix,2,21.35,1,2,Condiments,6.0,True,1998,1998-01
10848,9,97.0,3,0.0,291.0,0.0,291.0,CONSH,7,1998-01-23,1998-02-20,1998-01-29,2,38.24,UK,9,Mishi Kobe Niku,6,97.0,1,6,Meat/Poultry,6.0,True,1998,1998-01
10849,3,10.0,49,0.0,490.0,0.0,490.0,KOENE,9,1998-01-23,1998-02-20,1998-01-30,2,0.56,Germany,3,Aniseed Syrup,2,10.0,0,2,Condiments,7.0,True,1998,1998-01
10849,26,31.23,18,0.15,562.14,84.321,477.81899999999996,KOENE,9,1998-01-23,1998-02-20,1998-01-30,2,0.56,Germany,26,Gumbär Gummibärchen,3,31.23,0,3,Confections,7.0,True,1998,1998-01
10850,25,14.0,20,0.15,280.0,42.0,238.0,VICTE,1,1998-01-23,1998-03-06,1998-01-30,1,49.19,France,25,NuNuCa Nuß-Nougat-Creme,3,14.0,0,3,Confections,7.0,True,1998,1998-01
10850,33,2.5,4,0.15,10.0,1.5,8.5,VICTE,1,1998-01-23,1998-03-06,1998-01-30,1,49.19,France,33,Geitost,4,2.5,0,4,Dairy Products,7.0,True,1998,1998-01
10850,70,15.0,30,0.15,450.0,67.5,382.5,VICTE,1,1998-01-23,1998-03-06,1998-01-30,1,49.19,France,70,Outback Lager,1,15.0,0,1,Beverages,7.0,True,1998,1998-01
10851,2,19.0,5,0.05,95.0,4.75,90.25,RICAR,5,1998-01-26,1998-02-23,1998-02-02,1,160.55,Brazil,2,Chang,1,19.0,0,1,Beverages,7.0,True,1998,1998-01
10851,25,14.0,10,0.05,140.0,7.0,133.0,RICAR,5,1998-01-26,1998-02-23,1998-02-02,1,160.55,Brazil,25,NuNuCa Nuß-Nougat-Creme,3,14.0,0,3,Confections,7.0,True,1998,1998-01
10851,57,19.5,10,0.05,195.0,9.75,185.25,RICAR,5,1998-01-26,1998-02-23,1998-02-02,1,160.55,Brazil,57,Ravioli Angelo,5,19.5,0,5,Grains/Cereals,7.0,True,1998,1998-01
10851,59,55.0,42,0.05,2310.0,115.5,2194.5,RICAR,5,1998-01-26,1998-02-23,1998-02-02,1,160.55,Brazil,59,Raclette Courdavault,4,55.0,0,4,Dairy Products,7.0,True,1998,1998-01
10852,2,19.0,15,0.0,285.0,0.0,285.0,RATTC,8,1998-01-26,1998-02-09,1998-01-30,1,174.05,USA,2,Chang,1,19.0,0,1,Beverages,4.0,True,1998,1998-01
10852,17,39.0,6,0.0,234.0,0.0,234.0,RATTC,8,1998-01-26,1998-02-09,1998-01-30,1,174.05,USA,17,Alice Mutton,6,39.0,1,6,Meat/Poultry,4.0,True,1998,1998-01
10852,62,49.3,50,0.0,2465.0,0.0,2465.0,RATTC,8,1998-01-26,1998-02-09,1998-01-30,1,174.05,USA,62,Tarte au sucre,3,49.3,0,3,Confections,4.0,True,1998,1998-01
10853,18,62.5,10,0.0,625.0,0.0,625.0,BLAUS,9,1998-01-27,1998-02-24,1998-02-03,2,53.83,Germany,18,Carnarvon Tigers,8,62.5,0,8,Seafood,7.0,True,1998,1998-01
10854,10,31.0,100,0.15,3100.0,465.0,2635.0,ERNSH,3,1998-01-27,1998-02-24,1998-02-05,2,100.22,Austria,10,Ikura,8,31.0,0,8,Seafood,9.0,True,1998,1998-01
10854,13,6.0,65,0.15,390.0,58.5,331.5,ERNSH,3,1998-01-27,1998-02-24,1998-02-05,2,100.22,Austria,13,Konbu,8,6.0,0,8,Seafood,9.0,True,1998,1998-01
10855,16,17.45,50,0.0,872.5,0.0,872.5,OLDWO,3,1998-01-27,1998-02-24,1998-02-04,1,170.97,USA,16,Pavlova,3,17.45,0,3,Confections,8.0,True,1998,1998-01
10855,31,12.5,14,0.0,175.0,0.0,175.0,OLDWO,3,1998-01-27,1998-02-24,1998-02-04,1,170.97,USA,31,Gorgonzola Telino,4,12.5,0,4,Dairy Products,8.0,True,1998,1998-01
10855,56,38.0,24,0.0,912.0,0.0,912.0,OLDWO,3,1998-01-27,1998-02-24,1998-02-04,1,170.97,USA,56,Gnocchi di nonna Alice,5,38.0,0,5,Grains/Cereals,8.0,True,1998,1998-01
10855,65,21.05,15,0.15,315.75,47.3625,268.3875,OLDWO,3,1998-01-27,1998-02-24,1998-02-04,1,170.97,USA,65,Louisiana Fiery Hot Pepper Sauce,2,21.05,0,2,Condiments,8.0,True,1998,1998-01
10856,2,19.0,20,0.0,380.0,0.0,380.0,ANTON,3,1998-01-28,1998-02-25,1998-02-10,2,58.43,Mexico,2,Chang,1,19.0,0,1,Beverages,13.0,True,1998,1998-01
10856,42,14.0,20,0.0,280.0,0.0,280.0,ANTON,3,1998-01-28,1998-02-25,1998-02-10,2,58.43,Mexico,42,Singaporean Hokkien Fried Mee,5,14.0,1,5,Grains/Cereals,13.0,True,1998,1998-01
10857,3,10.0,30,0.0,300.0,0.0,300.0,BERGS,8,1998-01-28,1998-02-25,1998-02-06,2,188.85,Sweden,3,Aniseed Syrup,2,10.0,0,2,Condiments,9.0,True,1998,1998-01
10857,26,31.23,35,0.25,1093.05,273.2625,819.7874999999999,BERGS,8,1998-01-28,1998-02-25,1998-02-06,2,188.85,Sweden,26,Gumbär Gummibärchen,3,31.23,0,3,Confections,9.0,True,1998,1998-01
10857,29,123.79,10,0.25,1237.9,309.475,928.4250000000001,BERGS,8,1998-01-28,1998-02-25,1998-02-06,2,188.85,Sweden,29,Thüringer Rostbratwurst,6,123.79,1,6,Meat/Poultry,9.0,True,1998,1998-01
10858,7,30.0,5,0.0,150.0,0.0,150.0,LACOR,2,1998-01-29,1998-02-26,1998-02-03,1,52.51,France,7,Uncle Bob's Organic Dried Pears,7,30.0,0,7,Produce,5.0,True,1998,1998-01
10858,27,43.9,10,0.0,439.0,0.0,439.0,LACOR,2,1998-01-29,1998-02-26,1998-02-03,1,52.51,France,27,Schoggi Schokolade,3,43.9,0,3,Confections,5.0,True,1998,1998-01
10858,70,15.0,4,0.0,60.0,0.0,60.0,LACOR,2,1998-01-29,1998-02-26,1998-02-03,1,52.51,France,70,Outback Lager,1,15.0,0,1,Beverages,5.0,True,1998,1998-01
10859,24,4.5,40,0.25,180.0,45.0,135.0,FRANK,1,1998-01-29,1998-02-26,1998-02-02,2,76.1,Germany,24,Guaraná Fantástica,1,4.5,1,1,Beverages,4.0,True,1998,1998-01
10859,54,7.45,35,0.25,260.75,65.1875,195.5625,FRANK,1,1998-01-29,1998-02-26,1998-02-02,2,76.1,Germany,54,Tourtière,6,7.45,0,6,Meat/Poultry,4.0,True,1998,1998-01
10859,64,33.25,30,0.25,997.5,249.375,748.125,FRANK,1,1998-01-29,1998-02-26,1998-02-02,2,76.1,Germany,64,Wimmers gute Semmelknödel,5,33.25,0,5,Grains/Cereals,4.0,True,1998,1998-01
10860,51,53.0,3,0.0,159.0,0.0,159.0,FRANR,3,1998-01-29,1998-02-26,1998-02-04,3,19.26,France,51,Manjimup Dried Apples,7,53.0,0,7,Produce,6.0,True,1998,1998-01
10860,76,18.0,20,0.0,360.0,0.0,360.0,FRANR,3,1998-01-29,1998-02-26,1998-02-04,3,19.26,France,76,Lakkalikööri,1,18.0,0,1,Beverages,6.0,True,1998,1998-01
10861,17,39.0,42,0.0,1638.0,0.0,1638.0,WHITC,4,1998-01-30,1998-02-27,1998-02-17,2,14.93,USA,17,Alice Mutton,6,39.0,1,6,Meat/Poultry,18.0,True,1998,1998-01
10861,18,62.5,20,0.0,1250.0,0.0,1250.0,WHITC,4,1998-01-30,1998-02-27,1998-02-17,2,14.93,USA,18,Carnarvon Tigers,8,62.5,0,8,Seafood,18.0,True,1998,1998-01
10861,21,10.0,40,0.0,400.0,0.0,400.0,WHITC,4,1998-01-30,1998-02-27,1998-02-17,2,14.93,USA,21,Sir Rodney's Scones,3,10.0,0,3,Confections,18.0,True,1998,1998-01
10861,33,2.5,35,0.0,87.5,0.0,87.5,WHITC,4,1998-01-30,1998-02-27,1998-02-17,2,14.93,USA,33,Geitost,4,2.5,0,4,Dairy Products,18.0,True,1998,1998-01
10861,62,49.3,3,0.0,147.89999999999998,0.0,147.89999999999998,WHITC,4,1998-01-30,1998-02-27,1998-02-17,2,14.93,USA,62,Tarte au sucre,3,49.3,0,3,Confections,18.0,True,1998,1998-01
10862,11,21.0,25,0.0,525.0,0.0,525.0,LEHMS,8,1998-01-30,1998-03-13,1998-02-02,2,53.23,Germany,11,Queso Cabrales,4,21.0,0,4,Dairy Products,3.0,True,1998,1998-01
10862,52,7.0,8,0.0,56.0,0.0,56.0,LEHMS,8,1998-01-30,1998-03-13,1998-02-02,2,53.23,Germany,52,Filo Mix,5,7.0,0,5,Grains/Cereals,3.0,True,1998,1998-01
10863,1,18.0,20,0.15,360.0,54.0,306.0,HILAA,4,1998-02-02,1998-03-02,1998-02-17,2,30.26,Venezuela,1,Chai,1,18.0,0,1,Beverages,15.0,True,1998,1998-02
10863,58,13.25,12,0.15,159.0,23.849999999999998,135.15,HILAA,4,1998-02-02,1998-03-02,1998-02-17,2,30.26,Venezuela,58,Escargots de Bourgogne,8,13.25,0,8,Seafood,15.0,True,1998,1998-02
10864,35,18.0,4,0.0,72.0,0.0,72.0,AROUT,4,1998-02-02,1998-03-02,1998-02-09,2,3.04,UK,35,Steeleye Stout,1,18.0,0,1,Beverages,7.0,True,1998,1998-02
10864,67,14.0,15,0.0,210.0,0.0,210.0,AROUT,4,1998-02-02,1998-03-02,1998-02-09,2,3.04,UK,67,Laughing Lumberjack Lager,1,14.0,0,1,Beverages,7.0,True,1998,1998-02
10865,38,263.5,60,0.05,15810.0,790.5,15019.5,QUICK,2,1998-02-02,1998-02-16,1998-02-12,1,348.14,Germany,38,Côte de Blaye,1,263.5,0,1,Beverages,10.0,True,1998,1998-02
10865,39,18.0,80,0.05,1440.0,72.0,1368.0,QUICK,2,1998-02-02,1998-02-16,1998-02-12,1,348.14,Germany,39,Chartreuse verte,1,18.0,0,1,Beverages,10.0,True,1998,1998-02
10866,2,19.0,21,0.25,399.0,99.75,299.25,BERGS,5,1998-02-03,1998-03-03,1998-02-12,1,109.11,Sweden,2,Chang,1,19.0,0,1,Beverages,9.0,True,1998,1998-02
10866,24,4.5,6,0.25,27.0,6.75,20.25,BERGS,5,1998-02-03,1998-03-03,1998-02-12,1,109.11,Sweden,24,Guaraná Fantástica,1,4.5,1,1,Beverages,9.0,True,1998,1998-02
10866,30,25.89,40,0.25,1035.6,258.9,776.6999999999999,BERGS,5,1998-02-03,1998-03-03,1998-02-12,1,109.11,Sweden,30,Nord-Ost Matjeshering,8,25.89,0,8,Seafood,9.0,True,1998,1998-02
10867,53,32.8,3,0.0,98.39999999999999,0.0,98.39999999999999,LONEP,6,1998-02-03,1998-03-17,1998-02-11,1,1.93,USA,53,Perth Pasties,6,32.8,1,6,Meat/Poultry,8.0,True,1998,1998-02
10868,26,31.23,20,0.0,624.6,0.0,624.6,QUEEN,7,1998-02-04,1998-03-04,1998-02-23,2,191.27,Brazil,26,Gumbär Gummibärchen,3,31.23,0,3,Confections,19.0,True,1998,1998-02
10868,35,18.0,30,0.0,540.0,0.0,540.0,QUEEN,7,1998-02-04,1998-03-04,1998-02-23,2,191.27,Brazil,35,Steeleye Stout,1,18.0,0,1,Beverages,19.0,True,1998,1998-02
10868,49,20.0,42,0.1,840.0,84.0,756.0,QUEEN,7,1998-02-04,1998-03-04,1998-02-23,2,191.27,Brazil,49,Maxilaku,3,20.0,0,3,Confections,19.0,True,1998,1998-02
10869,1,18.0,40,0.0,720.0,0.0,720.0,SEVES,5,1998-02-04,1998-03-04,1998-02-09,1,143.28,UK,1,Chai,1,18.0,0,1,Beverages,5.0,True,1998,1998-02
10869,11,21.0,10,0.0,210.0,0.0,210.0,SEVES,5,1998-02-04,1998-03-04,1998-02-09,1,143.28,UK,11,Queso Cabrales,4,21.0,0,4,Dairy Products,5.0,True,1998,1998-02
10869,23,9.0,50,0.0,450.0,0.0,450.0,SEVES,5,1998-02-04,1998-03-04,1998-02-09,1,143.28,UK,23,Tunnbröd,5,9.0,0,5,Grains/Cereals,5.0,True,1998,1998-02
10869,68,12.5,20,0.0,250.0,0.0,250.0,SEVES,5,1998-02-04,1998-03-04,1998-02-09,1,143.28,UK,68,Scottish Longbreads,3,12.5,0,3,Confections,5.0,True,1998,1998-02
10870,35,18.0,3,0.0,54.0,0.0,54.0,WOLZA,5,1998-02-04,1998-03-04,1998-02-13,3,12.04,Poland,35,Steeleye Stout,1,18.0,0,1,Beverages,9.0,True,1998,1998-02
10870,51,53.0,2,0.0,106.0,0.0,106.0,WOLZA,5,1998-02-04,1998-03-04,1998-02-13,3,12.04,Poland,51,Manjimup Dried Apples,7,53.0,0,7,Produce,9.0,True,1998,1998-02
10871,6,25.0,50,0.05,1250.0,62.5,1187.5,BONAP,9,1998-02-05,1998-03-05,1998-02-10,2,112.27,France,6,Grandma's Boysenberry Spread,2,25.0,0,2,Condiments,5.0,True,1998,1998-02
10871,16,17.45,12,0.05,209.39999999999998,10.469999999999999,198.92999999999998,BONAP,9,1998-02-05,1998-03-05,1998-02-10,2,112.27,France,16,Pavlova,3,17.45,0,3,Confections,5.0,True,1998,1998-02
10871,17,39.0,16,0.05,624.0,31.200000000000003,592.8,BONAP,9,1998-02-05,1998-03-05,1998-02-10,2,112.27,France,17,Alice Mutton,6,39.0,1,6,Meat/Poultry,5.0,True,1998,1998-02
10872,55,24.0,10,0.05,240.0,12.0,228.0,GODOS,5,1998-02-05,1998-03-05,1998-02-09,2,175.32,Spain,55,Pâté chinois,6,24.0,0,6,Meat/Poultry,4.0,True,1998,1998-02
10872,62,49.3,20,0.05,986.0,49.300000000000004,936.7,GODOS,5,1998-02-05,1998-03-05,1998-02-09,2,175.32,Spain,62,Tarte au sucre,3,49.3,0,3,Confections,4.0,True,1998,1998-02
10872,64,33.25,15,0.05,498.75,24.9375,473.8125,GODOS,5,1998-02-05,1998-03-05,1998-02-09,2,175.32,Spain,64,Wimmers gute Semmelknödel,5,33.25,0,5,Grains/Cereals,4.0,True,1998,1998-02
10872,65,21.05,21,0.05,442.05,22.102500000000003,419.9475,GODOS,5,1998-02-05,1998-03-05,1998-02-09,2,175.32,Spain,65,Louisiana Fiery Hot Pepper Sauce,2,21.05,0,2,Condiments,4.0,True,1998,1998-02
10873,21,10.0,20,0.0,200.0,0.0,200.0,WILMK,4,1998-02-06,1998-03-06,1998-02-09,1,0.82,Finland,21,Sir Rodney's Scones,3,10.0,0,3,Confections,3.0,True,1998,1998-02
10873,28,45.6,3,0.0,136.8,0.0,136.8,WILMK,4,1998-02-06,1998-03-06,1998-02-09,1,0.82,Finland,28,Rössle Sauerkraut,7,45.6,1,7,Produce,3.0,True,1998,1998-02
10874,10,31.0,10,0.0,310.0,0.0,310.0,GODOS,5,1998-02-06,1998-03-06,1998-02-11,2,19.58,Spain,10,Ikura,8,31.0,0,8,Seafood,5.0,True,1998,1998-02
10875,19,9.2,25,0.0,229.99999999999997,0.0,229.99999999999997,BERGS,4,1998-02-06,1998-03-06,1998-03-03,2,32.37,Sweden,19,Teatime Chocolate Biscuits,3,9.2,0,3,Confections,25.0,True,1998,1998-02
10875,47,9.5,21,0.1,199.5,19.950000000000003,179.55,BERGS,4,1998-02-06,1998-03-06,1998-03-03,2,32.37,Sweden,47,Zaanse koeken,3,9.5,0,3,Confections,25.0,True,1998,1998-02
10875,49,20.0,15,0.0,300.0,0.0,300.0,BERGS,4,1998-02-06,1998-03-06,1998-03-03,2,32.37,Sweden,49,Maxilaku,3,20.0,0,3,Confections,25.0,True,1998,1998-02
10876,46,12.0,21,0.0,252.0,0.0,252.0,BONAP,7,1998-02-09,1998-03-09,1998-02-12,3,60.42,France,46,Spegesild,8,12.0,0,8,Seafood,3.0,True,1998,1998-02
10876,64,33.25,20,0.0,665.0,0.0,665.0,BONAP,7,1998-02-09,1998-03-09,1998-02-12,3,60.42,France,64,Wimmers gute Semmelknödel,5,33.25,0,5,Grains/Cereals,3.0,True,1998,1998-02
10877,16,17.45,30,0.25,523.5,130.875,392.625,RICAR,1,1998-02-09,1998-03-09,1998-02-19,1,38.06,Brazil,16,Pavlova,3,17.45,0,3,Confections,10.0,True,1998,1998-02
10877,18,62.5,25,0.0,1562.5,0.0,1562.5,RICAR,1,1998-02-09,1998-03-09,1998-02-19,1,38.06,Brazil,18,Carnarvon Tigers,8,62.5,0,8,Seafood,10.0,True,1998,1998-02
10878,20,81.0,20,0.05,1620.0,81.0,1539.0,QUICK,4,1998-02-10,1998-03-10,1998-02-12,1,46.69,Germany,20,Sir Rodney's Marmalade,3,81.0,0,3,Confections,2.0,True,1998,1998-02
10879,40,18.4,12,0.0,220.79999999999998,0.0,220.79999999999998,WILMK,3,1998-02-10,1998-03-10,1998-02-12,3,8.5,Finland,40,Boston Crab Meat,8,18.4,0,8,Seafood,2.0,True,1998,1998-02
10879,65,21.05,10,0.0,210.5,0.0,210.5,WILMK,3,1998-02-10,1998-03-10,1998-02-12,3,8.5,Finland,65,Louisiana Fiery Hot Pepper Sauce,2,21.05,0,2,Condiments,2.0,True,1998,1998-02
10879,76,18.0,10,0.0,180.0,0.0,180.0,WILMK,3,1998-02-10,1998-03-10,1998-02-12,3,8.5,Finland,76,Lakkalikööri,1,18.0,0,1,Beverages,2.0,True,1998,1998-02
10880,23,9.0,30,0.2,270.0,54.0,216.0,FOLKO,7,1998-02-10,1998-03-24,1998-02-18,1,88.01,Sweden,23,Tunnbröd,5,9.0,0,5,Grains/Cereals,8.0,True,1998,1998-02
10880,61,28.5,30,0.2,855.0,171.0,684.0,FOLKO,7,1998-02-10,1998-03-24,1998-02-18,1,88.01,Sweden,61,Sirop d'érable,2,28.5,0,2,Condiments,8.0,True,1998,1998-02
10880,70,15.0,50,0.2,750.0,150.0,600.0,FOLKO,7,1998-02-10,1998-03-24,1998-02-18,1,88.01,Sweden,70,Outback Lager,1,15.0,0,1,Beverages,8.0,True,1998,1998-02
10881,73,15.0,10,0.0,150.0,0.0,150.0,CACTU,4,1998-02-11,1998-03-11,1998-02-18,1,2.84,Argentina,73,Röd Kaviar,8,15.0,0,8,Seafood,7.0,True,1998,1998-02
10882,42,14.0,25,0.0,350.0,0.0,350.0,SAVEA,4,1998-02-11,1998-03-11,1998-02-20,3,23.1,USA,42,Singaporean Hokkien Fried Mee,5,14.0,1,5,Grains/Cereals,9.0,True,1998,1998-02
10882,49,20.0,20,0.15,400.0,60.0,340.0,SAVEA,4,1998-02-11,1998-03-11,1998-02-20,3,23.1,USA,49,Maxilaku,3,20.0,0,3,Confections,9.0,True,1998,1998-02
10882,54,7.45,32,0.15,238.4,35.76,202.64000000000001,SAVEA,4,1998-02-11,1998-03-11,1998-02-20,3,23.1,USA,54,Tourtière,6,7.45,0,6,Meat/Poultry,9.0,True,1998,1998-02
10883,24,4.5,8,0.0,36.0,0.0,36.0,LONEP,8,1998-02-12,1998-03-12,1998-02-20,3,0.53,USA,24,Guaraná Fantástica,1,4.5,1,1,Beverages,8.0,True,1998,1998-02
10884,21,10.0,40,0.05,400.0,20.0,380.0,LETSS,4,1998-02-12,1998-03-12,1998-02-13,2,90.97,USA,21,Sir Rodney's Scones,3,10.0,0,3,Confections,1.0,True,1998,1998-02
10884,56,38.0,21,0.05,798.0,39.900000000000006,758.1,LETSS,4,1998-02-12,1998-03-12,1998-02-13,2,90.97,USA,56,Gnocchi di nonna Alice,5,38.0,0,5,Grains/Cereals,1.0,True,1998,1998-02
10884,65,21.05,12,0.05,252.60000000000002,12.630000000000003,239.97000000000003,LETSS,4,1998-02-12,1998-03-12,1998-02-13,2,90.97,USA,65,Louisiana Fiery Hot Pepper Sauce,2,21.05,0,2,Condiments,1.0,True,1998,1998-02
10885,2,19.0,20,0.0,380.0,0.0,380.0,SUPRD,6,1998-02-12,1998-03-12,1998-02-18,3,5.64,Belgium,2,Chang,1,19.0,0,1,Beverages,6.0,True,1998,1998-02
10885,24,4.5,12,0.0,54.0,0.0,54.0,SUPRD,6,1998-02-12,1998-03-12,1998-02-18,3,5.64,Belgium,24,Guaraná Fantástica,1,4.5,1,1,Beverages,6.0,True,1998,1998-02
10885,70,15.0,30,0.0,450.0,0.0,450.0,SUPRD,6,1998-02-12,1998-03-12,1998-02-18,3,5.64,Belgium,70,Outback Lager,1,15.0,0,1,Beverages,6.0,True,1998,1998-02
10885,77,13.0,25,0.0,325.0,0.0,325.0,SUPRD,6,1998-02-12,1998-03-12,1998-02-18,3,5.64,Belgium,77,Original Frankfurter grüne Soße,2,13.0,0,2,Condiments,6.0,True,1998,1998-02
10886,10,31.0,70,0.0,2170.0,0.0,2170.0,HANAR,1,1998-02-13,1998-03-13,1998-03-02,1,4.99,Brazil,10,Ikura,8,31.0,0,8,Seafood,17.0,True,1998,1998-02
10886,31,12.5,35,0.0,437.5,0.0,437.5,HANAR,1,1998-02-13,1998-03-13,1998-03-02,1,4.99,Brazil,31,Gorgonzola Telino,4,12.5,0,4,Dairy Products,17.0,True,1998,1998-02
10886,77,13.0,40,0.0,520.0,0.0,520.0,HANAR,1,1998-02-13,1998-03-13,1998-03-02,1,4.99,Brazil,77,Original Frankfurter grüne Soße,2,13.0,0,2,Condiments,17.0,True,1998,1998-02
10887,25,14.0,5,0.0,70.0,0.0,70.0,GALED,8,1998-02-13,1998-03-13,1998-02-16,3,1.25,Spain,25,NuNuCa Nuß-Nougat-Creme,3,14.0,0,3,Confections,3.0,True,1998,1998-02
10888,2,19.0,20,0.0,380.0,0.0,380.0,GODOS,1,1998-02-16,1998-03-16,1998-02-23,2,51.87,Spain,2,Chang,1,19.0,0,1,Beverages,7.0,True,1998,1998-02
10888,68,12.5,18,0.0,225.0,0.0,225.0,GODOS,1,1998-02-16,1998-03-16,1998-02-23,2,51.87,Spain,68,Scottish Longbreads,3,12.5,0,3,Confections,7.0,True,1998,1998-02
10889,11,21.0,40,0.0,840.0,0.0,840.0,RATTC,9,1998-02-16,1998-03-16,1998-02-23,3,280.61,USA,11,Queso Cabrales,4,21.0,0,4,Dairy Products,7.0,True,1998,1998-02
10889,38,263.5,40,0.0,10540.0,0.0,10540.0,RATTC,9,1998-02-16,1998-03-16,1998-02-23,3,280.61,USA,38,Côte de Blaye,1,263.5,0,1,Beverages,7.0,True,1998,1998-02
10890,17,39.0,15,0.0,585.0,0.0,585.0,DUMON,7,1998-02-16,1998-03-16,1998-02-18,1,32.76,France,17,Alice Mutton,6,39.0,1,6,Meat/Poultry,2.0,True,1998,1998-02
10890,34,14.0,10,0.0,140.0,0.0,140.0,DUMON,7,1998-02-16,1998-03-16,1998-02-18,1,32.76,France,34,Sasquatch Ale,1,14.0,0,1,Beverages,2.0,True,1998,1998-02
10890,41,9.65,14,0.0,135.1,0.0,135.1,DUMON,7,1998-02-16,1998-03-16,1998-02-18,1,32.76,France,41,Jack's New England Clam Chowder,8,9.65,0,8,Seafood,2.0,True,1998,1998-02
10891,30,25.89,15,0.05,388.35,19.417500000000004,368.9325,LEHMS,7,1998-02-17,1998-03-17,1998-02-19,2,20.37,Germany,30,Nord-Ost Matjeshering,8,25.89,0,8,Seafood,2.0,True,1998,1998-02
10892,59,55.0,40,0.05,2200.0,110.0,2090.0,MAISD,4,1998-02-17,1998-03-17,1998-02-19,2,120.27,Belgium,59,Raclette Courdavault,4,55.0,0,4,Dairy Products,2.0,True,1998,1998-02
10893,8,40.0,30,0.0,1200.0,0.0,1200.0,KOENE,9,1998-02-18,1998-03-18,1998-02-20,2,77.78,Germany,8,Northwoods Cranberry Sauce,2,40.0,0,2,Condiments,2.0,True,1998,1998-02
10893,24,4.5,10,0.0,45.0,0.0,45.0,KOENE,9,1998-02-18,1998-03-18,1998-02-20,2,77.78,Germany,24,Guaraná Fantástica,1,4.5,1,1,Beverages,2.0,True,1998,1998-02
10893,29,123.79,24,0.0,2970.96,0.0,2970.96,KOENE,9,1998-02-18,1998-03-18,1998-02-20,2,77.78,Germany,29,Thüringer Rostbratwurst,6,123.79,1,6,Meat/Poultry,2.0,True,1998,1998-02
10893,30,25.89,35,0.0,906.15,0.0,906.15,KOENE,9,1998-02-18,1998-03-18,1998-02-20,2,77.78,Germany,30,Nord-Ost Matjeshering,8,25.89,0,8,Seafood,2.0,True,1998,1998-02
10893,36,19.0,20,0.0,380.0,0.0,380.0,KOENE,9,1998-02-18,1998-03-18,1998-02-20,2,77.78,Germany,36,Inlagd Sill,8,19.0,0,8,Seafood,2.0,True,1998,1998-02
10894,13,6.0,28,0.05,168.0,8.4,159.6,SAVEA,1,1998-02-18,1998-03-18,1998-02-20,1,116.13,USA,13,Konbu,8,6.0,0,8,Seafood,2.0,True,1998,1998-02
10894,69,36.0,50,0.05,1800.0,90.0,1710.0,SAVEA,1,1998-02-18,1998-03-18,1998-02-20,1,116.13,USA,69,Gudbrandsdalsost,4,36.0,0,4,Dairy Products,2.0,True,1998,1998-02
10894,75,7.75,120,0.05,930.0,46.5,883.5,SAVEA,1,1998-02-18,1998-03-18,1998-02-20,1,116.13,USA,75,Rhönbräu Klosterbier,1,7.75,0,1,Beverages,2.0,True,1998,1998-02
10895,24,4.5,110,0.0,495.0,0.0,495.0,ERNSH,3,1998-02-18,1998-03-18,1998-02-23,1,162.75,Austria,24,Guaraná Fantástica,1,4.5,1,1,Beverages,5.0,True,1998,1998-02
10895,39,18.0,45,0.0,810.0,0.0,810.0,ERNSH,3,1998-02-18,1998-03-18,1998-02-23,1,162.75,Austria,39,Chartreuse verte,1,18.0,0,1,Beverages,5.0,True,1998,1998-02
10895,40,18.4,91,0.0,1674.3999999999999,0.0,1674.3999999999999,ERNSH,3,1998-02-18,1998-03-18,1998-02-23,1,162.75,Austria,40,Boston Crab Meat,8,18.4,0,8,Seafood,5.0,True,1998,1998-02
10895,60,34.0,100,0.0,3400.0,0.0,3400.0,ERNSH,3,1998-02-18,1998-03-18,1998-02-23,1,162.75,Austria,60,Camembert Pierrot,4,34.0,0,4,Dairy Products,5.0,True,1998,1998-02
10896,45,9.5,15,0.0,142.5,0.0,142.5,MAISD,7,1998-02-19,1998-03-19,1998-02-27,3,32.45,Belgium,45,Rogede sild,8,9.5,0,8,Seafood,8.0,True,1998,1998-02
10896,56,38.0,16,0.0,608.0,0.0,608.0,MAISD,7,1998-02-19,1998-03-19,1998-02-27,3,32.45,Belgium,56,Gnocchi di nonna Alice,5,38.0,0,5,Grains/Cereals,8.0,True,1998,1998-02
10897,29,123.79,80,0.0,9903.2,0.0,9903.2,HUNGO,3,1998-02-19,1998-03-19,1998-02-25,2,603.54,Ireland,29,Thüringer Rostbratwurst,6,123.79,1,6,Meat/Poultry,6.0,True,1998,1998-02
10897,30,25.89,36,0.0,932.04,0.0,932.04,HUNGO,3,1998-02-19,1998-03-19,1998-02-25,2,603.54,Ireland,30,Nord-Ost Matjeshering,8,25.89,0,8,Seafood,6.0,True,1998,1998-02
10898,13,6.0,5,0.0,30.0,0.0,30.0,OCEAN,4,1998-02-20,1998-03-20,1998-03-06,2,1.27,Argentina,13,Konbu,8,6.0,0,8,Seafood,14.0,True,1998,1998-02
10899,39,18.0,8,0.15,144.0,21.599999999999998,122.4,LILAS,5,1998-02-20,1998-03-20,1998-02-26,3,1.21,Venezuela,39,Chartreuse verte,1,18.0,0,1,Beverages,6.0,True,1998,1998-02
10900,70,15.0,3,0.25,45.0,11.25,33.75,WELLI,1,1998-02-20,1998-03-20,1998-03-04,2,1.66,Brazil,70,Outback Lager,1,15.0,0,1,Beverages,12.0,True,1998,1998-02
10901,41,9.65,30,0.0,289.5,0.0,289.5,HILAA,4,1998-02-23,1998-03-23,1998-02-26,1,62.09,Venezuela,41,Jack's New England Clam Chowder,8,9.65,0,8,Seafood,3.0,True,1998,1998-02
10901,71,21.5,30,0.0,645.0,0.0,645.0,HILAA,4,1998-02-23,1998-03-23,1998-02-26,1,62.09,Venezuela,71,Flotemysost,4,21.5,0,4,Dairy Products,3.0,True,1998,1998-02
10902,55,24.0,30,0.15,720.0,108.0,612.0,FOLKO,1,1998-02-23,1998-03-23,1998-03-03,1,44.15,Sweden,55,Pâté chinois,6,24.0,0,6,Meat/Poultry,8.0,True,1998,1998-02
10902,62,49.3,6,0.15,295.79999999999995,44.36999999999999,251.42999999999995,FOLKO,1,1998-02-23,1998-03-23,1998-03-03,1,44.15,Sweden,62,Tarte au sucre,3,49.3,0,3,Confections,8.0,True,1998,1998-02
10903,13,6.0,40,0.0,240.0,0.0,240.0,HANAR,3,1998-02-24,1998-03-24,1998-03-04,3,36.71,Brazil,13,Konbu,8,6.0,0,8,Seafood,8.0,True,1998,1998-02
10903,65,21.05,21,0.0,442.05,0.0,442.05,HANAR,3,1998-02-24,1998-03-24,1998-03-04,3,36.71,Brazil,65,Louisiana Fiery Hot Pepper Sauce,2,21.05,0,2,Condiments,8.0,True,1998,1998-02
10903,68,12.5,20,0.0,250.0,0.0,250.0,HANAR,3,1998-02-24,1998-03-24,1998-03-04,3,36.71,Brazil,68,Scottish Longbreads,3,12.5,0,3,Confections,8.0,True,1998,1998-02
10904,58,13.25,15,0.0,198.75,0.0,198.75,WHITC,3,1998-02-24,1998-03-24,1998-02-27,3,162.95,USA,58,Escargots de Bourgogne,8,13.25,0,8,Seafood,3.0,True,1998,1998-02
10904,62,49.3,35,0.0,1725.5,0.0,1725.5,WHITC,3,1998-02-24,1998-03-24,1998-02-27,3,162.95,USA,62,Tarte au sucre,3,49.3,0,3,Confections,3.0,True,1998,1998-02
10905,1,18.0,20,0.05,360.0,18.0,342.0,WELLI,9,1998-02-24,1998-03-24,1998-03-06,2,13.72,Brazil,1,Chai,1,18.0,0,1,Beverages,10.0,True,1998,1998-02
10906,61,28.5,15,0.0,427.5,0.0,427.5,WOLZA,4,1998-02-25,1998-03-11,1998-03-03,3,26.29,Poland,61,Sirop d'érable,2,28.5,0,2,Condiments,6.0,True,1998,1998-02
10907,75,7.75,14,0.0,108.5,0.0,108.5,SPECD,6,1998-02-25,1998-03-25,1998-02-27,3,9.19,France,75,Rhönbräu Klosterbier,1,7.75,0,1,Beverages,2.0,True,1998,1998-02
10908,7,30.0,20,0.05,600.0,30.0,570.0,REGGC,4,1998-02-26,1998-03-26,1998-03-06,2,32.96,Italy,7,Uncle Bob's Organic Dried Pears,7,30.0,0,7,Produce,8.0,True,1998,1998-02
10908,52,7.0,14,0.05,98.0,4.9,93.1,REGGC,4,1998-02-26,1998-03-26,1998-03-06,2,32.96,Italy,52,Filo Mix,5,7.0,0,5,Grains/Cereals,8.0,True,1998,1998-02
10909,7,30.0,12,0.0,360.0,0.0,360.0,SANTG,1,1998-02-26,1998-03-26,1998-03-10,2,53.05,Norway,7,Uncle Bob's Organic Dried Pears,7,30.0,0,7,Produce,12.0,True,1998,1998-02
10909,16,17.45,15,0.0,261.75,0.0,261.75,SANTG,1,1998-02-26,1998-03-26,1998-03-10,2,53.05,Norway,16,Pavlova,3,17.45,0,3,Confections,12.0,True,1998,1998-02
10909,41,9.65,5,0.0,48.25,0.0,48.25,SANTG,1,1998-02-26,1998-03-26,1998-03-10,2,53.05,Norway,41,Jack's New England Clam Chowder,8,9.65,0,8,Seafood,12.0,True,1998,1998-02
10910,19,9.2,12,0.0,110.39999999999999,0.0,110.39999999999999,WILMK,1,1998-02-26,1998-03-26,1998-03-04,3,38.11,Finland,19,Teatime Chocolate Biscuits,3,9.2,0,3,Confections,6.0,True,1998,1998-02
10910,49,20.0,10,0.0,200.0,0.0,200.0,WILMK,1,1998-02-26,1998-03-26,1998-03-04,3,38.11,Finland,49,Maxilaku,3,20.0,0,3,Confections,6.0,True,1998,1998-02
10910,61,28.5,5,0.0,142.5,0.0,142.5,WILMK,1,1998-02-26,1998-03-26,1998-03-04,3,38.11,Finland,61,Sirop d'érable,2,28.5,0,2,Condiments,6.0,True,1998,1998-02
10911,1,18.0,10,0.0,180.0,0.0,180.0,GODOS,3,1998-02-26,1998-03-26,1998-03-05,1,38.19,Spain,1,Chai,1,18.0,0,1,Beverages,7.0,True,1998,1998-02
10911,17,39.0,12,0.0,468.0,0.0,468.0,GODOS,3,1998-02-26,1998-03-26,1998-03-05,1,38.19,Spain,17,Alice Mutton,6,39.0,1,6,Meat/Poultry,7.0,True,1998,1998-02
10911,67,14.0,15,0.0,210.0,0.0,210.0,GODOS,3,1998-02-26,1998-03-26,1998-03-05,1,38.19,Spain,67,Laughing Lumberjack Lager,1,14.0,0,1,Beverages,7.0,True,1998,1998-02
10912,11,21.0,40,0.25,840.0,210.0,630.0,HUNGO,2,1998-02-26,1998-03-26,1998-03-18,2,580.91,Ireland,11,Queso Cabrales,4,21.0,0,4,Dairy Products,20.0,True,1998,1998-02
10912,29,123.79,60,0.25,7427.400000000001,1856.8500000000001,5570.55,HUNGO,2,1998-02-26,1998-03-26,1998-03-18,2,580.91,Ireland,29,Thüringer Rostbratwurst,6,123.79,1,6,Meat/Poultry,20.0,True,1998,1998-02
10913,4,22.0,30,0.25,660.0,165.0,495.0,QUEEN,4,1998-02-26,1998-03-26,1998-03-04,1,33.05,Brazil,4,Chef Anton's Cajun Seasoning,2,22.0,0,2,Condiments,6.0,True,1998,1998-02
10913,33,2.5,40,0.25,100.0,25.0,75.0,QUEEN,4,1998-02-26,1998-03-26,1998-03-04,1,33.05,Brazil,33,Geitost,4,2.5,0,4,Dairy Products,6.0,True,1998,1998-02
10913,58,13.25,15,0.0,198.75,0.0,198.75,QUEEN,4,1998-02-26,1998-03-26,1998-03-04,1,33.05,Brazil,58,Escargots de Bourgogne,8,13.25,0,8,Seafood,6.0,True,1998,1998-02
10914,71,21.5,25,0.0,537.5,0.0,537.5,QUEEN,6,1998-02-27,1998-03-27,1998-03-02,1,21.19,Brazil,71,Flotemysost,4,21.5,0,4,Dairy Products,3.0,True,1998,1998-02
10915,17,39.0,10,0.0,390.0,0.0,390.0,TORTU,2,1998-02-27,1998-03-27,1998-03-02,2,3.51,Mexico,17,Alice Mutton,6,39.0,1,6,Meat/Poultry,3.0,True,1998,1998-02
10915,33,2.5,30,0.0,75.0,0.0,75.0,TORTU,2,1998-02-27,1998-03-27,1998-03-02,2,3.51,Mexico,33,Geitost,4,2.5,0,4,Dairy Products,3.0,True,1998,1998-02
10915,54,7.45,10,0.0,74.5,0.0,74.5,TORTU,2,1998-02-27,1998-03-27,1998-03-02,2,3.51,Mexico,54,Tourtière,6,7.45,0,6,Meat/Poultry,3.0,True,1998,1998-02
10916,16,17.45,6,0.0,104.69999999999999,0.0,104.69999999999999,RANCH,1,1998-02-27,1998-03-27,1998-03-09,2,63.77,Argentina,16,Pavlova,3,17.45,0,3,Confections,10.0,True,1998,1998-02
10916,32,32.0,6,0.0,192.0,0.0,192.0,RANCH,1,1998-02-27,1998-03-27,1998-03-09,2,63.77,Argentina,32,Mascarpone Fabioli,4,32.0,0,4,Dairy Products,10.0,True,1998,1998-02
10916,57,19.5,20,0.0,390.0,0.0,390.0,RANCH,1,1998-02-27,1998-03-27,1998-03-09,2,63.77,Argentina,57,Ravioli Angelo,5,19.5,0,5,Grains/Cereals,10.0,True,1998,1998-02
10917,30,25.89,1,0.0,25.89,0.0,25.89,ROMEY,4,1998-03-02,1998-03-30,1998-03-11,2,8.29,Spain,30,Nord-Ost Matjeshering,8,25.89,0,8,Seafood,9.0,True,1998,1998-03
10917,60,34.0,10,0.0,340.0,0.0,340.0,ROMEY,4,1998-03-02,1998-03-30,1998-03-11,2,8.29,Spain,60,Camembert Pierrot,4,34.0,0,4,Dairy Products,9.0,True,1998,1998-03
10918,1,18.0,60,0.25,1080.0,270.0,810.0,BOTTM,3,1998-03-02,1998-03-30,1998-03-11,3,48.83,Canada,1,Chai,1,18.0,0,1,Beverages,9.0,True,1998,1998-03
10918,60,34.0,25,0.25,850.0,212.5,637.5,BOTTM,3,1998-03-02,1998-03-30,1998-03-11,3,48.83,Canada,60,Camembert Pierrot,4,34.0,0,4,Dairy Products,9.0,True,1998,1998-03
10919,16,17.45,24,0.0,418.79999999999995,0.0,418.79999999999995,LINOD,2,1998-03-02,1998-03-30,1998-03-04,2,19.8,Venezuela,16,Pavlova,3,17.45,0,3,Confections,2.0,True,1998,1998-03
10919,25,14.0,24,0.0,336.0,0.0,336.0,LINOD,2,1998-03-02,1998-03-30,1998-03-04,2,19.8,Venezuela,25,NuNuCa Nuß-Nougat-Creme,3,14.0,0,3,Confections,2.0,True,1998,1998-03
10919,40,18.4,20,0.0,368.0,0.0,368.0,LINOD,2,1998-03-02,1998-03-30,1998-03-04,2,19.8,Venezuela,40,Boston Crab Meat,8,18.4,0,8,Seafood,2.0,True,1998,1998-03
10920,50,16.25,24,0.0,390.0,0.0,390.0,AROUT,4,1998-03-03,1998-03-31,1998-03-09,2,29.61,UK,50,Valkoinen suklaa,3,16.25,0,3,Confections,6.0,True,1998,1998-03
10921,35,18.0,10,0.0,180.0,0.0,180.0,VAFFE,1,1998-03-03,1998-04-14,1998-03-09,1,176.48,Denmark,35,Steeleye Stout,1,18.0,0,1,Beverages,6.0,True,1998,1998-03
10921,63,43.9,40,0.0,1756.0,0.0,1756.0,VAFFE,1,1998-03-03,1998-04-14,1998-03-09,1,176.48,Denmark,63,Vegie-spread,2,43.9,0,2,Condiments,6.0,True,1998,1998-03
10922,17,39.0,15,0.0,585.0,0.0,585.0,HANAR,5,1998-03-03,1998-03-31,1998-03-05,3,62.74,Brazil,17,Alice Mutton,6,39.0,1,6,Meat/Poultry,2.0,True,1998,1998-03
10922,24,4.5,35,0.0,157.5,0.0,157.5,HANAR,5,1998-03-03,1998-03-31,1998-03-05,3,62.74,Brazil,24,Guaraná Fantástica,1,4.5,1,1,Beverages,2.0,True,1998,1998-03
10923,42,14.0,10,0.2,140.0,28.0,112.0,LAMAI,7,1998-03-03,1998-04-14,1998-03-13,3,68.26,France,42,Singaporean Hokkien Fried Mee,5,14.0,1,5,Grains/Cereals,10.0,True,1998,1998-03
10923,43,46.0,10,0.2,460.0,92.0,368.0,LAMAI,7,1998-03-03,1998-04-14,1998-03-13,3,68.26,France,43,Ipoh Coffee,1,46.0,0,1,Beverages,10.0,True,1998,1998-03
10923,67,14.0,24,0.2,336.0,67.2,268.8,LAMAI,7,1998-03-03,1998-04-14,1998-03-13,3,68.26,France,67,Laughing Lumberjack Lager,1,14.0,0,1,Beverages,10.0,True,1998,1998-03
10924,10,31.0,20,0.1,620.0,62.0,558.0,BERGS,3,1998-03-04,1998-04-01,1998-04-08,2,151.52,Sweden,10,Ikura,8,31.0,0,8,Seafood,35.0,False,1998,1998-03
10924,28,45.6,30,0.1,1368.0,136.8,1231.2,BERGS,3,1998-03-04,1998-04-01,1998-04-08,2,151.52,Sweden,28,Rössle Sauerkraut,7,45.6,1,7,Produce,35.0,False,1998,1998-03
10924,75,7.75,6,0.0,46.5,0.0,46.5,BERGS,3,1998-03-04,1998-04-01,1998-04-08,2,151.52,Sweden,75,Rhönbräu Klosterbier,1,7.75,0,1,Beverages,35.0,False,1998,1998-03
10925,36,19.0,25,0.15,475.0,71.25,403.75,HANAR,3,1998-03-04,1998-04-01,1998-03-13,1,2.27,Brazil,36,Inlagd Sill,8,19.0,0,8,Seafood,9.0,True,1998,1998-03
10925,52,7.0,12,0.15,84.0,12.6,71.4,HANAR,3,1998-03-04,1998-04-01,1998-03-13,1,2.27,Brazil,52,Filo Mix,5,7.0,0,5,Grains/Cereals,9.0,True,1998,1998-03
10926,11,21.0,2,0.0,42.0,0.0,42.0,ANATR,4,1998-03-04,1998-04-01,1998-03-11,3,39.92,Mexico,11,Queso Cabrales,4,21.0,0,4,Dairy Products,7.0,True,1998,1998-03
10926,13,6.0,10,0.0,60.0,0.0,60.0,ANATR,4,1998-03-04,1998-04-01,1998-03-11,3,39.92,Mexico,13,Konbu,8,6.0,0,8,Seafood,7.0,True,1998,1998-03
10926,19,9.2,7,0.0,64.39999999999999,0.0,64.39999999999999,ANATR,4,1998-03-04,1998-04-01,1998-03-11,3,39.92,Mexico,19,Teatime Chocolate Biscuits,3,9.2,0,3,Confections,7.0,True,1998,1998-03
10926,72,34.8,10,0.0,348.0,0.0,348.0,ANATR,4,1998-03-04,1998-04-01,1998-03-11,3,39.92,Mexico,72,Mozzarella di Giovanni,4,34.8,0,4,Dairy Products,7.0,True,1998,1998-03
10927,20,81.0,5,0.0,405.0,0.0,405.0,LACOR,4,1998-03-05,1998-04-02,1998-04-08,1,19.79,France,20,Sir Rodney's Marmalade,3,81.0,0,3,Confections,34.0,False,1998,1998-03
10927,52,7.0,5,0.0,35.0,0.0,35.0,LACOR,4,1998-03-05,1998-04-02,1998-04-08,1,19.79,France,52,Filo Mix,5,7.0,0,5,Grains/Cereals,34.0,False,1998,1998-03
10927,76,18.0,20,0.0,360.0,0.0,360.0,LACOR,4,1998-03-05,1998-04-02,1998-04-08,1,19.79,France,76,Lakkalikööri,1,18.0,0,1,Beverages,34.0,False,1998,1998-03
10928,47,9.5,5,0.0,47.5,0.0,47.5,GALED,1,1998-03-05,1998-04-02,1998-03-18,1,1.36,Spain,47,Zaanse koeken,3,9.5,0,3,Confections,13.0,True,1998,1998-03
10928,76,18.0,5,0.0,90.0,0.0,90.0,GALED,1,1998-03-05,1998-04-02,1998-03-18,1,1.36,Spain,76,Lakkalikööri,1,18.0,0,1,Beverages,13.0,True,1998,1998-03
10929,21,10.0,60,0.0,600.0,0.0,600.0,FRANK,6,1998-03-05,1998-04-02,1998-03-12,1,33.93,Germany,21,Sir Rodney's Scones,3,10.0,0,3,Confections,7.0,True,1998,1998-03
10929,75,7.75,49,0.0,379.75,0.0,379.75,FRANK,6,1998-03-05,1998-04-02,1998-03-12,1,33.93,Germany,75,Rhönbräu Klosterbier,1,7.75,0,1,Beverages,7.0,True,1998,1998-03
10929,77,13.0,15,0.0,195.0,0.0,195.0,FRANK,6,1998-03-05,1998-04-02,1998-03-12,1,33.93,Germany,77,Original Frankfurter grüne Soße,2,13.0,0,2,Condiments,7.0,True,1998,1998-03
10930,21,10.0,36,0.0,360.0,0.0,360.0,SUPRD,4,1998-03-06,1998-04-17,1998-03-18,3,15.55,Belgium,21,Sir Rodney's Scones,3,10.0,0,3,Confections,12.0,True,1998,1998-03
10930,27,43.9,25,0.0,1097.5,0.0,1097.5,SUPRD,4,1998-03-06,1998-04-17,1998-03-18,3,15.55,Belgium,27,Schoggi Schokolade,3,43.9,0,3,Confections,12.0,True,1998,1998-03
10930,55,24.0,25,0.2,600.0,120.0,480.0,SUPRD,4,1998-03-06,1998-04-17,1998-03-18,3,15.55,Belgium,55,Pâté chinois,6,24.0,0,6,Meat/Poultry,12.0,True,1998,1998-03
10930,58,13.25,30,0.2,397.5,79.5,318.0,SUPRD,4,1998-03-06,1998-04-17,1998-03-18,3,15.55,Belgium,58,Escargots de Bourgogne,8,13.25,0,8,Seafood,12.0,True,1998,1998-03
10931,13,6.0,42,0.15,252.0,37.8,214.2,RICSU,4,1998-03-06,1998-03-20,1998-03-19,2,13.6,Switzerland,13,Konbu,8,6.0,0,8,Seafood,13.0,True,1998,1998-03
10931,57,19.5,30,0.0,585.0,0.0,585.0,RICSU,4,1998-03-06,1998-03-20,1998-03-19,2,13.6,Switzerland,57,Ravioli Angelo,5,19.5,0,5,Grains/Cereals,13.0,True,1998,1998-03
10932,16,17.45,30,0.1,523.5,52.35,471.15,BONAP,8,1998-03-06,1998-04-03,1998-03-24,1,134.64,France,16,Pavlova,3,17.45,0,3,Confections,18.0,True,1998,1998-03
10932,62,49.3,14,0.1,690.1999999999999,69.02,621.18,BONAP,8,1998-03-06,1998-04-03,1998-03-24,1,134.64,France,62,Tarte au sucre,3,49.3,0,3,Confections,18.0,True,1998,1998-03
10932,72,34.8,16,0.0,556.8,0.0,556.8,BONAP,8,1998-03-06,1998-04-03,1998-03-24,1,134.64,France,72,Mozzarella di Giovanni,4,34.8,0,4,Dairy Products,18.0,True,1998,1998-03
10932,75,7.75,20,0.1,155.0,15.5,139.5,BONAP,8,1998-03-06,1998-04-03,1998-03-24,1,134.64,France,75,Rhönbräu Klosterbier,1,7.75,0,1,Beverages,18.0,True,1998,1998-03
10933,53,32.8,2,0.0,65.6,0.0,65.6,ISLAT,6,1998-03-06,1998-04-03,1998-03-16,3,54.15,UK,53,Perth Pasties,6,32.8,1,6,Meat/Poultry,10.0,True,1998,1998-03
10933,61,28.5,30,0.0,855.0,0.0,855.0,ISLAT,6,1998-03-06,1998-04-03,1998-03-16,3,54.15,UK,61,Sirop d'érable,2,28.5,0,2,Condiments,10.0,True,1998,1998-03
10934,6,25.0,20,0.0,500.0,0.0,500.0,LEHMS,3,1998-03-09,1998-04-06,1998-03-12,3,32.01,Germany,6,Grandma's Boysenberry Spread,2,25.0,0,2,Condiments,3.0,True,1998,1998-03
10935,1,18.0,21,0.0,378.0,0.0,378.0,WELLI,4,1998-03-09,1998-04-06,1998-03-18,3,47.59,Brazil,1,Chai,1,18.0,0,1,Beverages,9.0,True,1998,1998-03
10935,18,62.5,4,0.25,250.0,62.5,187.5,WELLI,4,1998-03-09,1998-04-06,1998-03-18,3,47.59,Brazil,18,Carnarvon Tigers,8,62.5,0,8,Seafood,9.0,True,1998,1998-03
10935,23,9.0,8,0.25,72.0,18.0,54.0,WELLI,4,1998-03-09,1998-04-06,1998-03-18,3,47.59,Brazil,23,Tunnbröd,5,9.0,0,5,Grains/Cereals,9.0,True,1998,1998-03
10936,36,19.0,30,0.2,570.0,114.0,456.0,GREAL,3,1998-03-09,1998-04-06,1998-03-18,2,33.68,USA,36,Inlagd Sill,8,19.0,0,8,Seafood,9.0,True,1998,1998-03
10937,28,45.6,8,0.0,364.8,0.0,364.8,CACTU,7,1998-03-10,1998-03-24,1998-03-13,3,31.51,Argentina,28,Rössle Sauerkraut,7,45.6,1,7,Produce,3.0,True,1998,1998-03
10937,34,14.0,20,0.0,280.0,0.0,280.0,CACTU,7,1998-03-10,1998-03-24,1998-03-13,3,31.51,Argentina,34,Sasquatch Ale,1,14.0,0,1,Beverages,3.0,True,1998,1998-03
10938,13,6.0,20,0.25,120.0,30.0,90.0,QUICK,3,1998-03-10,1998-04-07,1998-03-16,2,31.89,Germany,13,Konbu,8,6.0,0,8,Seafood,6.0,True,1998,1998-03
10938,43,46.0,24,0.25,1104.0,276.0,828.0,QUICK,3,1998-03-10,1998-04-07,1998-03-16,2,31.89,Germany,43,Ipoh Coffee,1,46.0,0,1,Beverages,6.0,True,1998,1998-03
10938,60,34.0,49,0.25,1666.0,416.5,1249.5,QUICK,3,1998-03-10,1998-04-07,1998-03-16,2,31.89,Germany,60,Camembert Pierrot,4,34.0,0,4,Dairy Products,6.0,True,1998,1998-03
10938,71,21.5,35,0.25,752.5,188.125,564.375,QUICK,3,1998-03-10,1998-04-07,1998-03-16,2,31.89,Germany,71,Flotemysost,4,21.5,0,4,Dairy Products,6.0,True,1998,1998-03
10939,2,19.0,10,0.15,190.0,28.5,161.5,MAGAA,2,1998-03-10,1998-04-07,1998-03-13,2,76.33,Italy,2,Chang,1,19.0,0,1,Beverages,3.0,True,1998,1998-03
10939,67,14.0,40,0.15,560.0,84.0,476.0,MAGAA,2,1998-03-10,1998-04-07,1998-03-13,2,76.33,Italy,67,Laughing Lumberjack Lager,1,14.0,0,1,Beverages,3.0,True,1998,1998-03
10940,7,30.0,8,0.0,240.0,0.0,240.0,BONAP,8,1998-03-11,1998-04-08,1998-03-23,3,19.77,France,7,Uncle Bob's Organic Dried Pears,7,30.0,0,7,Produce,12.0,True,1998,1998-03
10940,13,6.0,20,0.0,120.0,0.0,120.0,BONAP,8,1998-03-11,1998-04-08,1998-03-23,3,19.77,France,13,Konbu,8,6.0,0,8,Seafood,12.0,True,1998,1998-03
10941,31,12.5,44,0.25,550.0,137.5,412.5,SAVEA,7,1998-03-11,1998-04-08,1998-03-20,2,400.81,USA,31,Gorgonzola Telino,4,12.5,0,4,Dairy Products,9.0,True,1998,1998-03
10941,62,49.3,30,0.25,1479.0,369.75,1109.25,SAVEA,7,1998-03-11,1998-04-08,1998-03-20,2,400.81,USA,62,Tarte au sucre,3,49.3,0,3,Confections,9.0,True,1998,1998-03
10941,68,12.5,80,0.25,1000.0,250.0,750.0,SAVEA,7,1998-03-11,1998-04-08,1998-03-20,2,400.81,USA,68,Scottish Longbreads,3,12.5,0,3,Confections,9.0,True,1998,1998-03
10941,72,34.8,50,0.0,1739.9999999999998,0.0,1739.9999999999998,SAVEA,7,1998-03-11,1998-04-08,1998-03-20,2,400.81,USA,72,Mozzarella di Giovanni,4,34.8,0,4,Dairy Products,9.0,True,1998,1998-03
10942,49,20.0,28,0.0,560.0,0.0,560.0,REGGC,9,1998-03-11,1998-04-08,1998-03-18,3,17.95,Italy,49,Maxilaku,3,20.0,0,3,Confections,7.0,True,1998,1998-03
10943,13,6.0,15,0.0,90.0,0.0,90.0,BSBEV,4,1998-03-11,1998-04-08,1998-03-19,2,2.17,UK,13,Konbu,8,6.0,0,8,Seafood,8.0,True,1998,1998-03
10943,22,21.0,21,0.0,441.0,0.0,441.0,BSBEV,4,1998-03-11,1998-04-08,1998-03-19,2,2.17,UK,22,Gustaf's Knäckebröd,5,21.0,0,5,Grains/Cereals,8.0,True,1998,1998-03
10943,46,12.0,15,0.0,180.0,0.0,180.0,BSBEV,4,1998-03-11,1998-04-08,1998-03-19,2,2.17,UK,46,Spegesild,8,12.0,0,8,Seafood,8.0,True,1998,1998-03
10944,11,21.0,5,0.25,105.0,26.25,78.75,BOTTM,6,1998-03-12,1998-03-26,1998-03-13,3,52.92,Canada,11,Queso Cabrales,4,21.0,0,4,Dairy Products,1.0,True,1998,1998-03
10944,44,19.45,18,0.25,350.09999999999997,87.52499999999999,262.575,BOTTM,6,1998-03-12,1998-03-26,1998-03-13,3,52.92,Canada,44,Gula Malacca,2,19.45,0,2,Condiments,1.0,True,1998,1998-03
10944,56,38.0,18,0.0,684.0,0.0,684.0,BOTTM,6,1998-03-12,1998-03-26,1998-03-13,3,52.92,Canada,56,Gnocchi di nonna Alice,5,38.0,0,5,Grains/Cereals,1.0,True,1998,1998-03
10945,13,6.0,20,0.0,120.0,0.0,120.0,MORGK,4,1998-03-12,1998-04-09,1998-03-18,1,10.22,Germany,13,Konbu,8,6.0,0,8,Seafood,6.0,True,1998,1998-03
10945,31,12.5,10,0.0,125.0,0.0,125.0,MORGK,4,1998-03-12,1998-04-09,1998-03-18,1,10.22,Germany,31,Gorgonzola Telino,4,12.5,0,4,Dairy Products,6.0,True,1998,1998-03
10946,10,31.0,25,0.0,775.0,0.0,775.0,VAFFE,1,1998-03-12,1998-04-09,1998-03-19,2,27.2,Denmark,10,Ikura,8,31.0,0,8,Seafood,7.0,True,1998,1998-03
10946,24,4.5,25,0.0,112.5,0.0,112.5,VAFFE,1,1998-03-12,1998-04-09,1998-03-19,2,27.2,Denmark,24,Guaraná Fantástica,1,4.5,1,1,Beverages,7.0,True,1998,1998-03
10946,77,13.0,40,0.0,520.0,0.0,520.0,VAFFE,1,1998-03-12,1998-04-09,1998-03-19,2,27.2,Denmark,77,Original Frankfurter grüne Soße,2,13.0,0,2,Condiments,7.0,True,1998,1998-03
10947,59,55.0,4,0.0,220.0,0.0,220.0,BSBEV,3,1998-03-13,1998-04-10,1998-03-16,2,3.26,UK,59,Raclette Courdavault,4,55.0,0,4,Dairy Products,3.0,True,1998,1998-03
10948,50,16.25,9,0.0,146.25,0.0,146.25,GODOS,3,1998-03-13,1998-04-10,1998-03-19,3,23.39,Spain,50,Valkoinen suklaa,3,16.25,0,3,Confections,6.0,True,1998,1998-03
10948,51,53.0,40,0.0,2120.0,0.0,2120.0,GODOS,3,1998-03-13,1998-04-10,1998-03-19,3,23.39,Spain,51,Manjimup Dried Apples,7,53.0,0,7,Produce,6.0,True,1998,1998-03
10948,55,24.0,4,0.0,96.0,0.0,96.0,GODOS,3,1998-03-13,1998-04-10,1998-03-19,3,23.39,Spain,55,Pâté chinois,6,24.0,0,6,Meat/Poultry,6.0,True,1998,1998-03
10949,6,25.0,12,0.0,300.0,0.0,300.0,BOTTM,2,1998-03-13,1998-04-10,1998-03-17,3,74.44,Canada,6,Grandma's Boysenberry Spread,2,25.0,0,2,Condiments,4.0,True,1998,1998-03
10949,10,31.0,30,0.0,930.0,0.0,930.0,BOTTM,2,1998-03-13,1998-04-10,1998-03-17,3,74.44,Canada,10,Ikura,8,31.0,0,8,Seafood,4.0,True,1998,1998-03
10949,17,39.0,6,0.0,234.0,0.0,234.0,BOTTM,2,1998-03-13,1998-04-10,1998-03-17,3,74.44,Canada,17,Alice Mutton,6,39.0,1,6,Meat/Poultry,4.0,True,1998,1998-03
10949,62,49.3,60,0.0,2958.0,0.0,2958.0,BOTTM,2,1998-03-13,1998-04-10,1998-03-17,3,74.44,Canada,62,Tarte au sucre,3,49.3,0,3,Confections,4.0,True,1998,1998-03
10950,4,22.0,5,0.0,110.0,0.0,110.0,MAGAA,1,1998-03-16,1998-04-13,1998-03-23,2,2.5,Italy,4,Chef Anton's Cajun Seasoning,2,22.0,0,2,Condiments,7.0,True,1998,1998-03
10951,33,2.5,15,0.05,37.5,1.875,35.625,RICSU,9,1998-03-16,1998-04-27,1998-04-07,2,30.85,Switzerland,33,Geitost,4,2.5,0,4,Dairy Products,22.0,True,1998,1998-03
10951,41,9.65,6,0.05,57.900000000000006,2.8950000000000005,55.005,RICSU,9,1998-03-16,1998-04-27,1998-04-07,2,30.85,Switzerland,41,Jack's New England Clam Chowder,8,9.65,0,8,Seafood,22.0,True,1998,1998-03
10951,75,7.75,50,0.05,387.5,19.375,368.125,RICSU,9,1998-03-16,1998-04-27,1998-04-07,2,30.85,Switzerland,75,Rhönbräu Klosterbier,1,7.75,0,1,Beverages,22.0,True,1998,1998-03
10952,6,25.0,16,0.05,400.0,20.0,380.0,ALFKI,1,1998-03-16,1998-04-27,1998-03-24,1,40.42,Germany,6,Grandma's Boysenberry Spread,2,25.0,0,2,Condiments,8.0,True,1998,1998-03
10952,28,45.6,2,0.0,91.2,0.0,91.2,ALFKI,1,1998-03-16,1998-04-27,1998-03-24,1,40.42,Germany,28,Rössle Sauerkraut,7,45.6,1,7,Produce,8.0,True,1998,1998-03
10953,20,81.0,50,0.05,4050.0,202.5,3847.5,AROUT,9,1998-03-16,1998-03-30,1998-03-25,2,23.72,UK,20,Sir Rodney's Marmalade,3,81.0,0,3,Confections,9.0,True,1998,1998-03
10953,31,12.5,50,0.05,625.0,31.25,593.75,AROUT,9,1998-03-16,1998-03-30,1998-03-25,2,23.72,UK,31,Gorgonzola Telino,4,12.5,0,4,Dairy Products,9.0,True,1998,1998-03
10954,16,17.45,28,0.15,488.59999999999997,73.28999999999999,415.30999999999995,LINOD,5,1998-03-17,1998-04-28,1998-03-20,1,27.91,Venezuela,16,Pavlova,3,17.45,0,3,Confections,3.0,True,1998,1998-03
10954,31,12.5,25,0.15,312.5,46.875,265.625,LINOD,5,1998-03-17,1998-04-28,1998-03-20,1,27.91,Venezuela,31,Gorgonzola Telino,4,12.5,0,4,Dairy Products,3.0,True,1998,1998-03
10954,45,9.5,30,0.0,285.0,0.0,285.0,LINOD,5,1998-03-17,1998-04-28,1998-03-20,1,27.91,Venezuela,45,Rogede sild,8,9.5,0,8,Seafood,3.0,True,1998,1998-03
10954,60,34.0,24,0.15,816.0,122.39999999999999,693.6,LINOD,5,1998-03-17,1998-04-28,1998-03-20,1,27.91,Venezuela,60,Camembert Pierrot,4,34.0,0,4,Dairy Products,3.0,True,1998,1998-03
10955,75,7.75,12,0.2,93.0,18.6,74.4,FOLKO,8,1998-03-17,1998-04-14,1998-03-20,2,3.26,Sweden,75,Rhönbräu Klosterbier,1,7.75,0,1,Beverages,3.0,True,1998,1998-03
10956,21,10.0,12,0.0,120.0,0.0,120.0,BLAUS,6,1998-03-17,1998-04-28,1998-03-20,2,44.65,Germany,21,Sir Rodney's Scones,3,10.0,0,3,Confections,3.0,True,1998,1998-03
10956,47,9.5,14,0.0,133.0,0.0,133.0,BLAUS,6,1998-03-17,1998-04-28,1998-03-20,2,44.65,Germany,47,Zaanse koeken,3,9.5,0,3,Confections,3.0,True,1998,1998-03
10956,51,53.0,8,0.0,424.0,0.0,424.0,BLAUS,6,1998-03-17,1998-04-28,1998-03-20,2,44.65,Germany,51,Manjimup Dried Apples,7,53.0,0,7,Produce,3.0,True,1998,1998-03
10957,30,25.89,30,0.0,776.7,0.0,776.7,HILAA,8,1998-03-18,1998-04-15,1998-03-27,3,105.36,Venezuela,30,Nord-Ost Matjeshering,8,25.89,0,8,Seafood,9.0,True,1998,1998-03
10957,35,18.0,40,0.0,720.0,0.0,720.0,HILAA,8,1998-03-18,1998-04-15,1998-03-27,3,105.36,Venezuela,35,Steeleye Stout,1,18.0,0,1,Beverages,9.0,True,1998,1998-03
10957,64,33.25,8,0.0,266.0,0.0,266.0,HILAA,8,1998-03-18,1998-04-15,1998-03-27,3,105.36,Venezuela,64,Wimmers gute Semmelknödel,5,33.25,0,5,Grains/Cereals,9.0,True,1998,1998-03
10958,5,21.35,20,0.0,427.0,0.0,427.0,OCEAN,7,1998-03-18,1998-04-15,1998-03-27,2,49.56,Argentina,5,Chef Anton's Gumbo Mix,2,21.35,1,2,Condiments,9.0,True,1998,1998-03
10958,7,30.0,6,0.0,180.0,0.0,180.0,OCEAN,7,1998-03-18,1998-04-15,1998-03-27,2,49.56,Argentina,7,Uncle Bob's Organic Dried Pears,7,30.0,0,7,Produce,9.0,True,1998,1998-03
10958,72,34.8,5,0.0,174.0,0.0,174.0,OCEAN,7,1998-03-18,1998-04-15,1998-03-27,2,49.56,Argentina,72,Mozzarella di Giovanni,4,34.8,0,4,Dairy Products,9.0,True,1998,1998-03
10959,75,7.75,20,0.15,155.0,23.25,131.75,GOURL,6,1998-03-18,1998-04-29,1998-03-23,2,4.98,Brazil,75,Rhönbräu Klosterbier,1,7.75,0,1,Beverages,5.0,True,1998,1998-03
10960,24,4.5,10,0.25,45.0,11.25,33.75,HILAA,3,1998-03-19,1998-04-02,1998-04-08,1,2.08,Venezuela,24,Guaraná Fantástica,1,4.5,1,1,Beverages,20.0,False,1998,1998-03
10960,41,9.65,24,0.0,231.60000000000002,0.0,231.60000000000002,HILAA,3,1998-03-19,1998-04-02,1998-04-08,1,2.08,Venezuela,41,Jack's New England Clam Chowder,8,9.65,0,8,Seafood,20.0,False,1998,1998-03
10961,52,7.0,6,0.05,42.0,2.1,39.9,QUEEN,8,1998-03-19,1998-04-16,1998-03-30,1,104.47,Brazil,52,Filo Mix,5,7.0,0,5,Grains/Cereals,11.0,True,1998,1998-03
10961,76,18.0,60,0.0,1080.0,0.0,1080.0,QUEEN,8,1998-03-19,1998-04-16,1998-03-30,1,104.47,Brazil,76,Lakkalikööri,1,18.0,0,1,Beverages,11.0,True,1998,1998-03
10962,7,30.0,45,0.0,1350.0,0.0,1350.0,QUICK,8,1998-03-19,1998-04-16,1998-03-23,2,275.79,Germany,7,Uncle Bob's Organic Dried Pears,7,30.0,0,7,Produce,4.0,True,1998,1998-03
10962,13,6.0,77,0.0,462.0,0.0,462.0,QUICK,8,1998-03-19,1998-04-16,1998-03-23,2,275.79,Germany,13,Konbu,8,6.0,0,8,Seafood,4.0,True,1998,1998-03
10962,53,32.8,20,0.0,656.0,0.0,656.0,QUICK,8,1998-03-19,1998-04-16,1998-03-23,2,275.79,Germany,53,Perth Pasties,6,32.8,1,6,Meat/Poultry,4.0,True,1998,1998-03
10962,69,36.0,9,0.0,324.0,0.0,324.0,QUICK,8,1998-03-19,1998-04-16,1998-03-23,2,275.79,Germany,69,Gudbrandsdalsost,4,36.0,0,4,Dairy Products,4.0,True,1998,1998-03
10962,76,18.0,44,0.0,792.0,0.0,792.0,QUICK,8,1998-03-19,1998-04-16,1998-03-23,2,275.79,Germany,76,Lakkalikööri,1,18.0,0,1,Beverages,4.0,True,1998,1998-03
10963,60,34.0,2,0.15,68.0,10.2,57.8,FURIB,9,1998-03-19,1998-04-16,1998-03-26,3,2.7,Portugal,60,Camembert Pierrot,4,34.0,0,4,Dairy Products,7.0,True,1998,1998-03
10964,18,62.5,6,0.0,375.0,0.0,375.0,SPECD,3,1998-03-20,1998-04-17,1998-03-24,2,87.38,France,18,Carnarvon Tigers,8,62.5,0,8,Seafood,4.0,True,1998,1998-03
10964,38,263.5,5,0.0,1317.5,0.0,1317.5,SPECD,3,1998-03-20,1998-04-17,1998-03-24,2,87.38,France,38,Côte de Blaye,1,263.5,0,1,Beverages,4.0,True,1998,1998-03
10964,69,36.0,10,0.0,360.0,0.0,360.0,SPECD,3,1998-03-20,1998-04-17,1998-03-24,2,87.38,France,69,Gudbrandsdalsost,4,36.0,0,4,Dairy Products,4.0,True,1998,1998-03
10965,51,53.0,16,0.0,848.0,0.0,848.0,OLDWO,6,1998-03-20,1998-04-17,1998-03-30,3,144.38,USA,51,Manjimup Dried Apples,7,53.0,0,7,Produce,10.0,True,1998,1998-03
10966,37,26.0,8,0.0,208.0,0.0,208.0,CHOPS,4,1998-03-20,1998-04-17,1998-04-08,1,27.19,Switzerland,37,Gravad lax,8,26.0,0,8,Seafood,19.0,True,1998,1998-03
10966,56,38.0,12,0.15,456.0,68.39999999999999,387.6,CHOPS,4,1998-03-20,1998-04-17,1998-04-08,1,27.19,Switzerland,56,Gnocchi di nonna Alice,5,38.0,0,5,Grains/Cereals,19.0,True,1998,1998-03
10966,62,49.3,12,0.15,591.5999999999999,88.73999999999998,502.8599999999999,CHOPS,4,1998-03-20,1998-04-17,1998-04-08,1,27.19,Switzerland,62,Tarte au sucre,3,49.3,0,3,Confections,19.0,True,1998,1998-03
10967,19,9.2,12,0.0,110.39999999999999,0.0,110.39999999999999,TOMSP,2,1998-03-23,1998-04-20,1998-04-02,2,62.22,Germany,19,Teatime Chocolate Biscuits,3,9.2,0,3,Confections,10.0,True,1998,1998-03
10967,49,20.0,40,0.0,800.0,0.0,800.0,TOMSP,2,1998-03-23,1998-04-20,1998-04-02,2,62.22,Germany,49,Maxilaku,3,20.0,0,3,Confections,10.0,True,1998,1998-03
10968,12,38.0,30,0.0,1140.0,0.0,1140.0,ERNSH,1,1998-03-23,1998-04-20,1998-04-01,3,74.6,Austria,12,Queso Manchego La Pastora,4,38.0,0,4,Dairy Products,9.0,True,1998,1998-03
10968,24,4.5,30,0.0,135.0,0.0,135.0,ERNSH,1,1998-03-23,1998-04-20,1998-04-01,3,74.6,Austria,24,Guaraná Fantástica,1,4.5,1,1,Beverages,9.0,True,1998,1998-03
10968,64,33.25,4,0.0,133.0,0.0,133.0,ERNSH,1,1998-03-23,1998-04-20,1998-04-01,3,74.6,Austria,64,Wimmers gute Semmelknödel,5,33.25,0,5,Grains/Cereals,9.0,True,1998,1998-03
10969,46,12.0,9,0.0,108.0,0.0,108.0,COMMI,1,1998-03-23,1998-04-20,1998-03-30,2,0.21,Brazil,46,Spegesild,8,12.0,0,8,Seafood,7.0,True,1998,1998-03
10970,52,7.0,40,0.2,280.0,56.0,224.0,BOLID,9,1998-03-24,1998-04-07,1998-04-24,1,16.16,Spain,52,Filo Mix,5,7.0,0,5,Grains/Cereals,31.0,False,1998,1998-03
10971,29,123.79,14,0.0,1733.0600000000002,0.0,1733.0600000000002,FRANR,2,1998-03-24,1998-04-21,1998-04-02,2,121.82,France,29,Thüringer Rostbratwurst,6,123.79,1,6,Meat/Poultry,9.0,True,1998,1998-03
10972,17,39.0,6,0.0,234.0,0.0,234.0,LACOR,4,1998-03-24,1998-04-21,1998-03-26,2,0.02,France,17,Alice Mutton,6,39.0,1,6,Meat/Poultry,2.0,True,1998,1998-03
10972,33,2.5,7,0.0,17.5,0.0,17.5,LACOR,4,1998-03-24,1998-04-21,1998-03-26,2,0.02,France,33,Geitost,4,2.5,0,4,Dairy Products,2.0,True,1998,1998-03
10973,26,31.23,5,0.0,156.15,0.0,156.15,LACOR,6,1998-03-24,1998-04-21,1998-03-27,2,15.17,France,26,Gumbär Gummibärchen,3,31.23,0,3,Confections,3.0,True,1998,1998-03
10973,41,9.65,6,0.0,57.900000000000006,0.0,57.900000000000006,LACOR,6,1998-03-24,1998-04-21,1998-03-27,2,15.17,France,41,Jack's New England Clam Chowder,8,9.65,0,8,Seafood,3.0,True,1998,1998-03
10973,75,7.75,10,0.0,77.5,0.0,77.5,LACOR,6,1998-03-24,1998-04-21,1998-03-27,2,15.17,France,75,Rhönbräu Klosterbier,1,7.75,0,1,Beverages,3.0,True,1998,1998-03
10974,63,43.9,10,0.0,439.0,0.0,439.0,SPLIR,3,1998-03-25,1998-04-08,1998-04-03,3,12.96,USA,63,Vegie-spread,2,43.9,0,2,Condiments,9.0,True,1998,1998-03
10975,8,40.0,16,0.0,640.0,0.0,640.0,BOTTM,1,1998-03-25,1998-04-22,1998-03-27,3,32.27,Canada,8,Northwoods Cranberry Sauce,2,40.0,0,2,Condiments,2.0,True,1998,1998-03
10975,75,7.75,10,0.0,77.5,0.0,77.5,BOTTM,1,1998-03-25,1998-04-22,1998-03-27,3,32.27,Canada,75,Rhönbräu Klosterbier,1,7.75,0,1,Beverages,2.0,True,1998,1998-03
10976,28,45.6,20,0.0,912.0,0.0,912.0,HILAA,1,1998-03-25,1998-05-06,1998-04-03,1,37.97,Venezuela,28,Rössle Sauerkraut,7,45.6,1,7,Produce,9.0,True,1998,1998-03
10977,39,18.0,30,0.0,540.0,0.0,540.0,FOLKO,8,1998-03-26,1998-04-23,1998-04-10,3,208.5,Sweden,39,Chartreuse verte,1,18.0,0,1,Beverages,15.0,True,1998,1998-03
10977,47,9.5,30,0.0,285.0,0.0,285.0,FOLKO,8,1998-03-26,1998-04-23,1998-04-10,3,208.5,Sweden,47,Zaanse koeken,3,9.5,0,3,Confections,15.0,True,1998,1998-03
10977,51,53.0,10,0.0,530.0,0.0,530.0,FOLKO,8,1998-03-26,1998-04-23,1998-04-10,3,208.5,Sweden,51,Manjimup Dried Apples,7,53.0,0,7,Produce,15.0,True,1998,1998-03
10977,63,43.9,20,0.0,878.0,0.0,878.0,FOLKO,8,1998-03-26,1998-04-23,1998-04-10,3,208.5,Sweden,63,Vegie-spread,2,43.9,0,2,Condiments,15.0,True,1998,1998-03
10978,8,40.0,20,0.15,800.0,120.0,680.0,MAISD,9,1998-03-26,1998-04-23,1998-04-23,2,32.82,Belgium,8,Northwoods Cranberry Sauce,2,40.0,0,2,Condiments,28.0,True,1998,1998-03
10978,21,10.0,40,0.15,400.0,60.0,340.0,MAISD,9,1998-03-26,1998-04-23,1998-04-23,2,32.82,Belgium,21,Sir Rodney's Scones,3,10.0,0,3,Confections,28.0,True,1998,1998-03
10978,40,18.4,10,0.0,184.0,0.0,184.0,MAISD,9,1998-03-26,1998-04-23,1998-04-23,2,32.82,Belgium,40,Boston Crab Meat,8,18.4,0,8,Seafood,28.0,True,1998,1998-03
10978,44,19.45,6,0.15,116.69999999999999,17.505,99.195,MAISD,9,1998-03-26,1998-04-23,1998-04-23,2,32.82,Belgium,44,Gula Malacca,2,19.45,0,2,Condiments,28.0,True,1998,1998-03
10979,7,30.0,18,0.0,540.0,0.0,540.0,ERNSH,8,1998-03-26,1998-04-23,1998-03-31,2,353.07,Austria,7,Uncle Bob's Organic Dried Pears,7,30.0,0,7,Produce,5.0,True,1998,1998-03
10979,12,38.0,20,0.0,760.0,0.0,760.0,ERNSH,8,1998-03-26,1998-04-23,1998-03-31,2,353.07,Austria,12,Queso Manchego La Pastora,4,38.0,0,4,Dairy Products,5.0,True,1998,1998-03
10979,24,4.5,80,0.0,360.0,0.0,360.0,ERNSH,8,1998-03-26,1998-04-23,1998-03-31,2,353.07,Austria,24,Guaraná Fantástica,1,4.5,1,1,Beverages,5.0,True,1998,1998-03
10979,27,43.9,30,0.0,1317.0,0.0,1317.0,ERNSH,8,1998-03-26,1998-04-23,1998-03-31,2,353.07,Austria,27,Schoggi Schokolade,3,43.9,0,3,Confections,5.0,True,1998,1998-03
10979,31,12.5,24,0.0,300.0,0.0,300.0,ERNSH,8,1998-03-26,1998-04-23,1998-03-31,2,353.07,Austria,31,Gorgonzola Telino,4,12.5,0,4,Dairy Products,5.0,True,1998,1998-03
10979,63,43.9,35,0.0,1536.5,0.0,1536.5,ERNSH,8,1998-03-26,1998-04-23,1998-03-31,2,353.07,Austria,63,Vegie-spread,2,43.9,0,2,Condiments,5.0,True,1998,1998-03
10980,75,7.75,40,0.2,310.0,62.0,248.0,FOLKO,4,1998-03-27,1998-05-08,1998-04-17,1,1.26,Sweden,75,Rhönbräu Klosterbier,1,7.75,0,1,Beverages,21.0,True,1998,1998-03
10981,38,263.5,60,0.0,15810.0,0.0,15810.0,HANAR,1,1998-03-27,1998-04-24,1998-04-02,2,193.37,Brazil,38,Côte de Blaye,1,263.5,0,1,Beverages,6.0,True,1998,1998-03
10982,7,30.0,20,0.0,600.0,0.0,600.0,BOTTM,2,1998-03-27,1998-04-24,1998-04-08,1,14.01,Canada,7,Uncle Bob's Organic Dried Pears,7,30.0,0,7,Produce,12.0,True,1998,1998-03
10982,43,46.0,9,0.0,414.0,0.0,414.0,BOTTM,2,1998-03-27,1998-04-24,1998-04-08,1,14.01,Canada,43,Ipoh Coffee,1,46.0,0,1,Beverages,12.0,True,1998,1998-03
10983,13,6.0,84,0.15,504.0,75.6,428.4,SAVEA,2,1998-03-27,1998-04-24,1998-04-06,2,657.54,USA,13,Konbu,8,6.0,0,8,Seafood,10.0,True,1998,1998-03
10983,57,19.5,15,0.0,292.5,0.0,292.5,SAVEA,2,1998-03-27,1998-04-24,1998-04-06,2,657.54,USA,57,Ravioli Angelo,5,19.5,0,5,Grains/Cereals,10.0,True,1998,1998-03
10984,16,17.45,55,0.0,959.75,0.0,959.75,SAVEA,1,1998-03-30,1998-04-27,1998-04-03,3,211.22,USA,16,Pavlova,3,17.45,0,3,Confections,4.0,True,1998,1998-03
10984,24,4.5,20,0.0,90.0,0.0,90.0,SAVEA,1,1998-03-30,1998-04-27,1998-04-03,3,211.22,USA,24,Guaraná Fantástica,1,4.5,1,1,Beverages,4.0,True,1998,1998-03
10984,36,19.0,40,0.0,760.0,0.0,760.0,SAVEA,1,1998-03-30,1998-04-27,1998-04-03,3,211.22,USA,36,Inlagd Sill,8,19.0,0,8,Seafood,4.0,True,1998,1998-03
10985,16,17.45,36,0.1,628.1999999999999,62.81999999999999,565.3799999999999,HUNGO,2,1998-03-30,1998-04-27,1998-04-02,1,91.51,Ireland,16,Pavlova,3,17.45,0,3,Confections,3.0,True,1998,1998-03
10985,18,62.5,8,0.1,500.0,50.0,450.0,HUNGO,2,1998-03-30,1998-04-27,1998-04-02,1,91.51,Ireland,18,Carnarvon Tigers,8,62.5,0,8,Seafood,3.0,True,1998,1998-03
10985,32,32.0,35,0.1,1120.0,112.0,1008.0,HUNGO,2,1998-03-30,1998-04-27,1998-04-02,1,91.51,Ireland,32,Mascarpone Fabioli,4,32.0,0,4,Dairy Products,3.0,True,1998,1998-03
10986,11,21.0,30,0.0,630.0,0.0,630.0,OCEAN,8,1998-03-30,1998-04-27,1998-04-21,2,217.86,Argentina,11,Queso Cabrales,4,21.0,0,4,Dairy Products,22.0,True,1998,1998-03
10986,20,81.0,15,0.0,1215.0,0.0,1215.0,OCEAN,8,1998-03-30,1998-04-27,1998-04-21,2,217.86,Argentina,20,Sir Rodney's Marmalade,3,81.0,0,3,Confections,22.0,True,1998,1998-03
10986,76,18.0,10,0.0,180.0,0.0,180.0,OCEAN,8,1998-03-30,1998-04-27,1998-04-21,2,217.86,Argentina,76,Lakkalikööri,1,18.0,0,1,Beverages,22.0,True,1998,1998-03
10986,77,13.0,15,0.0,195.0,0.0,195.0,OCEAN,8,1998-03-30,1998-04-27,1998-04-21,2,217.86,Argentina,77,Original Frankfurter grüne Soße,2,13.0,0,2,Condiments,22.0,True,1998,1998-03
10987,7,30.0,60,0.0,1800.0,0.0,1800.0,EASTC,8,1998-03-31,1998-04-28,1998-04-06,1,185.48,UK,7,Uncle Bob's Organic Dried Pears,7,30.0,0,7,Produce,6.0,True,1998,1998-03
10987,43,46.0,6,0.0,276.0,0.0,276.0,EASTC,8,1998-03-31,1998-04-28,1998-04-06,1,185.48,UK,43,Ipoh Coffee,1,46.0,0,1,Beverages,6.0,True,1998,1998-03
10987,72,34.8,20,0.0,696.0,0.0,696.0,EASTC,8,1998-03-31,1998-04-28,1998-04-06,1,185.48,UK,72,Mozzarella di Giovanni,4,34.8,0,4,Dairy Products,6.0,True,1998,1998-03
10988,7,30.0,60,0.0,1800.0,0.0,1800.0,RATTC,3,1998-03-31,1998-04-28,1998-04-10,2,61.14,USA,7,Uncle Bob's Organic Dried Pears,7,30.0,0,7,Produce,10.0,True,1998,1998-03
10988,62,49.3,40,0.1,1972.0,197.20000000000002,1774.8,RATTC,3,1998-03-31,1998-04-28,1998-04-10,2,61.14,USA,62,Tarte au sucre,3,49.3,0,3,Confections,10.0,True,1998,1998-03
10989,6,25.0,40,0.0,1000.0,0.0,1000.0,QUEDE,2,1998-03-31,1998-04-28,1998-04-02,1,34.76,Brazil,6,Grandma's Boysenberry Spread,2,25.0,0,2,Condiments,2.0,True,1998,1998-03
10989,11,21.0,15,0.0,315.0,0.0,315.0,QUEDE,2,1998-03-31,1998-04-28,1998-04-02,1,34.76,Brazil,11,Queso Cabrales,4,21.0,0,4,Dairy Products,2.0,True,1998,1998-03
10989,41,9.65,4,0.0,38.6,0.0,38.6,QUEDE,2,1998-03-31,1998-04-28,1998-04-02,1,34.76,Brazil,41,Jack's New England Clam Chowder,8,9.65,0,8,Seafood,2.0,True,1998,1998-03
10990,21,10.0,65,0.0,650.0,0.0,650.0,ERNSH,2,1998-04-01,1998-05-13,1998-04-07,3,117.61,Austria,21,Sir Rodney's Scones,3,10.0,0,3,Confections,6.0,True,1998,1998-04
10990,34,14.0,60,0.15,840.0,126.0,714.0,ERNSH,2,1998-04-01,1998-05-13,1998-04-07,3,117.61,Austria,34,Sasquatch Ale,1,14.0,0,1,Beverages,6.0,True,1998,1998-04
10990,55,24.0,65,0.15,1560.0,234.0,1326.0,ERNSH,2,1998-04-01,1998-05-13,1998-04-07,3,117.61,Austria,55,Pâté chinois,6,24.0,0,6,Meat/Poultry,6.0,True,1998,1998-04
10990,61,28.5,66,0.15,1881.0,282.15,1598.85,ERNSH,2,1998-04-01,1998-05-13,1998-04-07,3,117.61,Austria,61,Sirop d'érable,2,28.5,0,2,Condiments,6.0,True,1998,1998-04
10991,2,19.0,50,0.2,950.0,190.0,760.0,QUICK,1,1998-04-01,1998-04-29,1998-04-07,1,38.51,Germany,2,Chang,1,19.0,0,1,Beverages,6.0,True,1998,1998-04
10991,70,15.0,20,0.2,300.0,60.0,240.0,QUICK,1,1998-04-01,1998-04-29,1998-04-07,1,38.51,Germany,70,Outback Lager,1,15.0,0,1,Beverages,6.0,True,1998,1998-04
10991,76,18.0,90,0.2,1620.0,324.0,1296.0,QUICK,1,1998-04-01,1998-04-29,1998-04-07,1,38.51,Germany,76,Lakkalikööri,1,18.0,0,1,Beverages,6.0,True,1998,1998-04
10992,72,34.8,2,0.0,69.6,0.0,69.6,THEBI,1,1998-04-01,1998-04-29,1998-04-03,3,4.27,USA,72,Mozzarella di Giovanni,4,34.8,0,4,Dairy Products,2.0,True,1998,1998-04
10993,29,123.79,50,0.25,6189.5,1547.375,4642.125,FOLKO,7,1998-04-01,1998-04-29,1998-04-10,3,8.81,Sweden,29,Thüringer Rostbratwurst,6,123.79,1,6,Meat/Poultry,9.0,True,1998,1998-04
10993,41,9.65,35,0.25,337.75,84.4375,253.3125,FOLKO,7,1998-04-01,1998-04-29,1998-04-10,3,8.81,Sweden,41,Jack's New England Clam Chowder,8,9.65,0,8,Seafood,9.0,True,1998,1998-04
10994,59,55.0,18,0.05,990.0,49.5,940.5,VAFFE,2,1998-04-02,1998-04-16,1998-04-09,3,65.53,Denmark,59,Raclette Courdavault,4,55.0,0,4,Dairy Products,7.0,True,1998,1998-04
10995,51,53.0,20,0.0,1060.0,0.0,1060.0,PERIC,1,1998-04-02,1998-04-30,1998-04-06,3,46.0,Mexico,51,Manjimup Dried Apples,7,53.0,0,7,Produce,4.0,True,1998,1998-04
10995,60,34.0,4,0.0,136.0,0.0,136.0,PERIC,1,1998-04-02,1998-04-30,1998-04-06,3,46.0,Mexico,60,Camembert Pierrot,4,34.0,0,4,Dairy Products,4.0,True,1998,1998-04
10996,42,14.0,40,0.0,560.0,0.0,560.0,QUICK,4,1998-04-02,1998-04-30,1998-04-10,2,1.12,Germany,42,Singaporean Hokkien Fried Mee,5,14.0,1,5,Grains/Cereals,8.0,True,1998,1998-04
10997,32,32.0,50,0.0,1600.0,0.0,1600.0,LILAS,8,1998-04-03,1998-05-15,1998-04-13,2,73.91,Venezuela,32,Mascarpone Fabioli,4,32.0,0,4,Dairy Products,10.0,True,1998,1998-04
10997,46,12.0,20,0.25,240.0,60.0,180.0,LILAS,8,1998-04-03,1998-05-15,1998-04-13,2,73.91,Venezuela,46,Spegesild,8,12.0,0,8,Seafood,10.0,True,1998,1998-04
10997,52,7.0,20,0.25,140.0,35.0,105.0,LILAS,8,1998-04-03,1998-05-15,1998-04-13,2,73.91,Venezuela,52,Filo Mix,5,7.0,0,5,Grains/Cereals,10.0,True,1998,1998-04
10998,24,4.5,12,0.0,54.0,0.0,54.0,WOLZA,8,1998-04-03,1998-04-17,1998-04-17,2,20.31,Poland,24,Guaraná Fantástica,1,4.5,1,1,Beverages,14.0,True,1998,1998-04
10998,61,28.5,7,0.0,199.5,0.0,199.5,WOLZA,8,1998-04-03,1998-04-17,1998-04-17,2,20.31,Poland,61,Sirop d'érable,2,28.5,0,2,Condiments,14.0,True,1998,1998-04
10998,74,10.0,20,0.0,200.0,0.0,200.0,WOLZA,8,1998-04-03,1998-04-17,1998-04-17,2,20.31,Poland,74,Longlife Tofu,7,10.0,0,7,Produce,14.0,True,1998,1998-04
10998,75,7.75,30,0.0,232.5,0.0,232.5,WOLZA,8,1998-04-03,1998-04-17,1998-04-17,2,20.31,Poland,75,Rhönbräu Klosterbier,1,7.75,0,1,Beverages,14.0,True,1998,1998-04
10999,41,9.65,20,0.05,193.0,9.65,183.35,OTTIK,6,1998-04-03,1998-05-01,1998-04-10,2,96.35,Germany,41,Jack's New England Clam Chowder,8,9.65,0,8,Seafood,7.0,True,1998,1998-04
10999,51,53.0,15,0.05,795.0,39.75,755.25,OTTIK,6,1998-04-03,1998-05-01,1998-04-10,2,96.35,Germany,51,Manjimup Dried Apples,7,53.0,0,7,Produce,7.0,True,1998,1998-04
10999,77,13.0,21,0.05,273.0,13.65,259.35,OTTIK,6,1998-04-03,1998-05-01,1998-04-10,2,96.35,Germany,77,Original Frankfurter grüne Soße,2,13.0,0,2,Condiments,7.0,True,1998,1998-04
11000,4,22.0,25,0.25,550.0,137.5,412.5,RATTC,2,1998-04-06,1998-05-04,1998-04-14,3,55.12,USA,4,Chef Anton's Cajun Seasoning,2,22.0,0,2,Condiments,8.0,True,1998,1998-04
11000,24,4.5,30,0.25,135.0,33.75,101.25,RATTC,2,1998-04-06,1998-05-04,1998-04-14,3,55.12,USA,24,Guaraná Fantástica,1,4.5,1,1,Beverages,8.0,True,1998,1998-04
11000,77,13.0,30,0.0,390.0,0.0,390.0,RATTC,2,1998-04-06,1998-05-04,1998-04-14,3,55.12,USA,77,Original Frankfurter grüne Soße,2,13.0,0,2,Condiments,8.0,True,1998,1998-04
11001,7,30.0,60,0.0,1800.0,0.0,1800.0,FOLKO,2,1998-04-06,1998-05-04,1998-04-14,2,197.3,Sweden,7,Uncle Bob's Organic Dried Pears,7,30.0,0,7,Produce,8.0,True,1998,1998-04
11001,22,21.0,25,0.0,525.0,0.0,525.0,FOLKO,2,1998-04-06,1998-05-04,1998-04-14,2,197.3,Sweden,22,Gustaf's Knäckebröd,5,21.0,0,5,Grains/Cereals,8.0,True,1998,1998-04
11001,46,12.0,25,0.0,300.0,0.0,300.0,FOLKO,2,1998-04-06,1998-05-04,1998-04-14,2,197.3,Sweden,46,Spegesild,8,12.0,0,8,Seafood,8.0,True,1998,1998-04
11001,55,24.0,6,0.0,144.0,0.0,144.0,FOLKO,2,1998-04-06,1998-05-04,1998-04-14,2,197.3,Sweden,55,Pâté chinois,6,24.0,0,6,Meat/Poultry,8.0,True,1998,1998-04
11002,13,6.0,56,0.0,336.0,0.0,336.0,SAVEA,4,1998-04-06,1998-05-04,1998-04-16,1,141.16,USA,13,Konbu,8,6.0,0,8,Seafood,10.0,True,1998,1998-04
11002,35,18.0,15,0.15,270.0,40.5,229.5,SAVEA,4,1998-04-06,1998-05-04,1998-04-16,1,141.16,USA,35,Steeleye Stout,1,18.0,0,1,Beverages,10.0,True,1998,1998-04
11002,42,14.0,24,0.15,336.0,50.4,285.6,SAVEA,4,1998-04-06,1998-05-04,1998-04-16,1,141.16,USA,42,Singaporean Hokkien Fried Mee,5,14.0,1,5,Grains/Cereals,10.0,True,1998,1998-04
11002,55,24.0,40,0.0,960.0,0.0,960.0,SAVEA,4,1998-04-06,1998-05-04,1998-04-16,1,141.16,USA,55,Pâté chinois,6,24.0,0,6,Meat/Poultry,10.0,True,1998,1998-04
11003,1,18.0,4,0.0,72.0,0.0,72.0,THECR,3,1998-04-06,1998-05-04,1998-04-08,3,14.91,USA,1,Chai,1,18.0,0,1,Beverages,2.0,True,1998,1998-04
11003,40,18.4,10,0.0,184.0,0.0,184.0,THECR,3,1998-04-06,1998-05-04,1998-04-08,3,14.91,USA,40,Boston Crab Meat,8,18.4,0,8,Seafood,2.0,True,1998,1998-04
11003,52,7.0,10,0.0,70.0,0.0,70.0,THECR,3,1998-04-06,1998-05-04,1998-04-08,3,14.91,USA,52,Filo Mix,5,7.0,0,5,Grains/Cereals,2.0,True,1998,1998-04
11004,26,31.23,6,0.0,187.38,0.0,187.38,MAISD,3,1998-04-07,1998-05-05,1998-04-20,1,44.84,Belgium,26,Gumbär Gummibärchen,3,31.23,0,3,Confections,13.0,True,1998,1998-04
11004,76,18.0,6,0.0,108.0,0.0,108.0,MAISD,3,1998-04-07,1998-05-05,1998-04-20,1,44.84,Belgium,76,Lakkalikööri,1,18.0,0,1,Beverages,13.0,True,1998,1998-04
11005,1,18.0,2,0.0,36.0,0.0,36.0,WILMK,2,1998-04-07,1998-05-05,1998-04-10,1,0.75,Finland,1,Chai,1,18.0,0,1,Beverages,3.0,True,1998,1998-04
11005,59,55.0,10,0.0,550.0,0.0,550.0,WILMK,2,1998-04-07,1998-05-05,1998-04-10,1,0.75,Finland,59,Raclette Courdavault,4,55.0,0,4,Dairy Products,3.0,True,1998,1998-04
11006,1,18.0,8,0.0,144.0,0.0,144.0,GREAL,3,1998-04-07,1998-05-05,1998-04-15,2,25.19,USA,1,Chai,1,18.0,0,1,Beverages,8.0,True,1998,1998-04
11006,29,123.79,2,0.25,247.58,61.895,185.685,GREAL,3,1998-04-07,1998-05-05,1998-04-15,2,25.19,USA,29,Thüringer Rostbratwurst,6,123.79,1,6,Meat/Poultry,8.0,True,1998,1998-04
11007,8,40.0,30,0.0,1200.0,0.0,1200.0,PRINI,8,1998-04-08,1998-05-06,1998-04-13,2,202.24,Portugal,8,Northwoods Cranberry Sauce,2,40.0,0,2,Condiments,5.0,True,1998,1998-04
11007,29,123.79,10,0.0,1237.9,0.0,1237.9,PRINI,8,1998-04-08,1998-05-06,1998-04-13,2,202.24,Portugal,29,Thüringer Rostbratwurst,6,123.79,1,6,Meat/Poultry,5.0,True,1998,1998-04
11007,42,14.0,14,0.0,196.0,0.0,196.0,PRINI,8,1998-04-08,1998-05-06,1998-04-13,2,202.24,Portugal,42,Singaporean Hokkien Fried Mee,5,14.0,1,5,Grains/Cereals,5.0,True,1998,1998-04
11008,28,45.6,70,0.05,3192.0,159.60000000000002,3032.4,ERNSH,7,1998-04-08,1998-05-06,,3,79.46,Austria,28,Rössle Sauerkraut,7,45.6,1,7,Produce,,False,1998,1998-04
11008,34,14.0,90,0.05,1260.0,63.0,1197.0,ERNSH,7,1998-04-08,1998-05-06,,3,79.46,Austria,34,Sasquatch Ale,1,14.0,0,1,Beverages,,False,1998,1998-04
11008,71,21.5,21,0.0,451.5,0.0,451.5,ERNSH,7,1998-04-08,1998-05-06,,3,79.46,Austria,71,Flotemysost,4,21.5,0,4,Dairy Products,,False,1998,1998-04
11009,24,4.5,12,0.0,54.0,0.0,54.0,GODOS,2,1998-04-08,1998-05-06,1998-04-10,1,59.11,Spain,24,Guaraná Fantástica,1,4.5,1,1,Beverages,2.0,True,1998,1998-04
11009,36,19.0,18,0.25,342.0,85.5,256.5,GODOS,2,1998-04-08,1998-05-06,1998-04-10,1,59.11,Spain,36,Inlagd Sill,8,19.0,0,8,Seafood,2.0,True,1998,1998-04
11009,60,34.0,9,0.0,306.0,0.0,306.0,GODOS,2,1998-04-08,1998-05-06,1998-04-10,1,59.11,Spain,60,Camembert Pierrot,4,34.0,0,4,Dairy Products,2.0,True,1998,1998-04
11010,7,30.0,20,0.0,600.0,0.0,600.0,REGGC,2,1998-04-09,1998-05-07,1998-04-21,2,28.71,Italy,7,Uncle Bob's Organic Dried Pears,7,30.0,0,7,Produce,12.0,True,1998,1998-04
11010,24,4.5,10,0.0,45.0,0.0,45.0,REGGC,2,1998-04-09,1998-05-07,1998-04-21,2,28.71,Italy,24,Guaraná Fantástica,1,4.5,1,1,Beverages,12.0,True,1998,1998-04
11011,58,13.25,40,0.05,530.0,26.5,503.5,ALFKI,3,1998-04-09,1998-05-07,1998-04-13,1,1.21,Germany,58,Escargots de Bourgogne,8,13.25,0,8,Seafood,4.0,True,1998,1998-04
11011,71,21.5,20,0.0,430.0,0.0,430.0,ALFKI,3,1998-04-09,1998-05-07,1998-04-13,1,1.21,Germany,71,Flotemysost,4,21.5,0,4,Dairy Products,4.0,True,1998,1998-04
11012,19,9.2,50,0.05,459.99999999999994,23.0,436.99999999999994,FRANK,1,1998-04-09,1998-04-23,1998-04-17,3,242.95,Germany,19,Teatime Chocolate Biscuits,3,9.2,0,3,Confections,8.0,True,1998,1998-04
11012,60,34.0,36,0.05,1224.0,61.2,1162.8,FRANK,1,1998-04-09,1998-04-23,1998-04-17,3,242.95,Germany,60,Camembert Pierrot,4,34.0,0,4,Dairy Products,8.0,True,1998,1998-04
11012,71,21.5,60,0.05,1290.0,64.5,1225.5,FRANK,1,1998-04-09,1998-04-23,1998-04-17,3,242.95,Germany,71,Flotemysost,4,21.5,0,4,Dairy Products,8.0,True,1998,1998-04
11013,23,9.0,10,0.0,90.0,0.0,90.0,ROMEY,2,1998-04-09,1998-05-07,1998-04-10,1,32.99,Spain,23,Tunnbröd,5,9.0,0,5,Grains/Cereals,1.0,True,1998,1998-04
11013,42,14.0,4,0.0,56.0,0.0,56.0,ROMEY,2,1998-04-09,1998-05-07,1998-04-10,1,32.99,Spain,42,Singaporean Hokkien Fried Mee,5,14.0,1,5,Grains/Cereals,1.0,True,1998,1998-04
11013,45,9.5,20,0.0,190.0,0.0,190.0,ROMEY,2,1998-04-09,1998-05-07,1998-04-10,1,32.99,Spain,45,Rogede sild,8,9.5,0,8,Seafood,1.0,True,1998,1998-04
11013,68,12.5,2,0.0,25.0,0.0,25.0,ROMEY,2,1998-04-09,1998-05-07,1998-04-10,1,32.99,Spain,68,Scottish Longbreads,3,12.5,0,3,Confections,1.0,True,1998,1998-04
11014,41,9.65,28,0.1,270.2,27.02,243.17999999999998,LINOD,2,1998-04-10,1998-05-08,1998-04-15,3,23.6,Venezuela,41,Jack's New England Clam Chowder,8,9.65,0,8,Seafood,5.0,True,1998,1998-04
11015,30,25.89,15,0.0,388.35,0.0,388.35,SANTG,2,1998-04-10,1998-04-24,1998-04-20,2,4.62,Norway,30,Nord-Ost Matjeshering,8,25.89,0,8,Seafood,10.0,True,1998,1998-04
11015,77,13.0,18,0.0,234.0,0.0,234.0,SANTG,2,1998-04-10,1998-04-24,1998-04-20,2,4.62,Norway,77,Original Frankfurter grüne Soße,2,13.0,0,2,Condiments,10.0,True,1998,1998-04
11016,31,12.5,15,0.0,187.5,0.0,187.5,AROUT,9,1998-04-10,1998-05-08,1998-04-13,2,33.8,UK,31,Gorgonzola Telino,4,12.5,0,4,Dairy Products,3.0,True,1998,1998-04
11016,36,19.0,16,0.0,304.0,0.0,304.0,AROUT,9,1998-04-10,1998-05-08,1998-04-13,2,33.8,UK,36,Inlagd Sill,8,19.0,0,8,Seafood,3.0,True,1998,1998-04
11017,3,10.0,25,0.0,250.0,0.0,250.0,ERNSH,9,1998-04-13,1998-05-11,1998-04-20,2,754.26,Austria,3,Aniseed Syrup,2,10.0,0,2,Condiments,7.0,True,1998,1998-04
11017,59,55.0,110,0.0,6050.0,0.0,6050.0,ERNSH,9,1998-04-13,1998-05-11,1998-04-20,2,754.26,Austria,59,Raclette Courdavault,4,55.0,0,4,Dairy Products,7.0,True,1998,1998-04
11017,70,15.0,30,0.0,450.0,0.0,450.0,ERNSH,9,1998-04-13,1998-05-11,1998-04-20,2,754.26,Austria,70,Outback Lager,1,15.0,0,1,Beverages,7.0,True,1998,1998-04
11018,12,38.0,20,0.0,760.0,0.0,760.0,LONEP,4,1998-04-13,1998-05-11,1998-04-16,2,11.65,USA,12,Queso Manchego La Pastora,4,38.0,0,4,Dairy Products,3.0,True,1998,1998-04
11018,18,62.5,10,0.0,625.0,0.0,625.0,LONEP,4,1998-04-13,1998-05-11,1998-04-16,2,11.65,USA,18,Carnarvon Tigers,8,62.5,0,8,Seafood,3.0,True,1998,1998-04
11018,56,38.0,5,0.0,190.0,0.0,190.0,LONEP,4,1998-04-13,1998-05-11,1998-04-16,2,11.65,USA,56,Gnocchi di nonna Alice,5,38.0,0,5,Grains/Cereals,3.0,True,1998,1998-04
11019,46,12.0,3,0.0,36.0,0.0,36.0,RANCH,6,1998-04-13,1998-05-11,,3,3.17,Argentina,46,Spegesild,8,12.0,0,8,Seafood,,False,1998,1998-04
11019,49,20.0,2,0.0,40.0,0.0,40.0,RANCH,6,1998-04-13,1998-05-11,,3,3.17,Argentina,49,Maxilaku,3,20.0,0,3,Confections,,False,1998,1998-04
11020,10,31.0,24,0.15,744.0,111.6,632.4,OTTIK,2,1998-04-14,1998-05-12,1998-04-16,2,43.3,Germany,10,Ikura,8,31.0,0,8,Seafood,2.0,True,1998,1998-04
11021,2,19.0,11,0.25,209.0,52.25,156.75,QUICK,3,1998-04-14,1998-05-12,1998-04-21,1,297.18,Germany,2,Chang,1,19.0,0,1,Beverages,7.0,True,1998,1998-04
11021,20,81.0,15,0.0,1215.0,0.0,1215.0,QUICK,3,1998-04-14,1998-05-12,1998-04-21,1,297.18,Germany,20,Sir Rodney's Marmalade,3,81.0,0,3,Confections,7.0,True,1998,1998-04
11021,26,31.23,63,0.0,1967.49,0.0,1967.49,QUICK,3,1998-04-14,1998-05-12,1998-04-21,1,297.18,Germany,26,Gumbär Gummibärchen,3,31.23,0,3,Confections,7.0,True,1998,1998-04
11021,51,53.0,44,0.25,2332.0,583.0,1749.0,QUICK,3,1998-04-14,1998-05-12,1998-04-21,1,297.18,Germany,51,Manjimup Dried Apples,7,53.0,0,7,Produce,7.0,True,1998,1998-04
11021,72,34.8,35,0.0,1218.0,0.0,1218.0,QUICK,3,1998-04-14,1998-05-12,1998-04-21,1,297.18,Germany,72,Mozzarella di Giovanni,4,34.8,0,4,Dairy Products,7.0,True,1998,1998-04
11022,19,9.2,35,0.0,322.0,0.0,322.0,HANAR,9,1998-04-14,1998-05-12,1998-05-04,2,6.27,Brazil,19,Teatime Chocolate Biscuits,3,9.2,0,3,Confections,20.0,True,1998,1998-04
11022,69,36.0,30,0.0,1080.0,0.0,1080.0,HANAR,9,1998-04-14,1998-05-12,1998-05-04,2,6.27,Brazil,69,Gudbrandsdalsost,4,36.0,0,4,Dairy Products,20.0,True,1998,1998-04
11023,7,30.0,4,0.0,120.0,0.0,120.0,BSBEV,1,1998-04-14,1998-04-28,1998-04-24,2,123.83,UK,7,Uncle Bob's Organic Dried Pears,7,30.0,0,7,Produce,10.0,True,1998,1998-04
11023,43,46.0,30,0.0,1380.0,0.0,1380.0,BSBEV,1,1998-04-14,1998-04-28,1998-04-24,2,123.83,UK,43,Ipoh Coffee,1,46.0,0,1,Beverages,10.0,True,1998,1998-04
11024,26,31.23,12,0.0,374.76,0.0,374.76,EASTC,4,1998-04-15,1998-05-13,1998-04-20,1,74.36,UK,26,Gumbär Gummibärchen,3,31.23,0,3,Confections,5.0,True,1998,1998-04
11024,33,2.5,30,0.0,75.0,0.0,75.0,EASTC,4,1998-04-15,1998-05-13,1998-04-20,1,74.36,UK,33,Geitost,4,2.5,0,4,Dairy Products,5.0,True,1998,1998-04
11024,65,21.05,21,0.0,442.05,0.0,442.05,EASTC,4,1998-04-15,1998-05-13,1998-04-20,1,74.36,UK,65,Louisiana Fiery Hot Pepper Sauce,2,21.05,0,2,Condiments,5.0,True,1998,1998-04
11024,71,21.5,50,0.0,1075.0,0.0,1075.0,EASTC,4,1998-04-15,1998-05-13,1998-04-20,1,74.36,UK,71,Flotemysost,4,21.5,0,4,Dairy Products,5.0,True,1998,1998-04
11025,1,18.0,10,0.1,180.0,18.0,162.0,WARTH,6,1998-04-15,1998-05-13,1998-04-24,3,29.17,Finland,1,Chai,1,18.0,0,1,Beverages,9.0,True,1998,1998-04
11025,13,6.0,20,0.1,120.0,12.0,108.0,WARTH,6,1998-04-15,1998-05-13,1998-04-24,3,29.17,Finland,13,Konbu,8,6.0,0,8,Seafood,9.0,True,1998,1998-04
11026,18,62.5,8,0.0,500.0,0.0,500.0,FRANS,4,1998-04-15,1998-05-13,1998-04-28,1,47.09,Italy,18,Carnarvon Tigers,8,62.5,0,8,Seafood,13.0,True,1998,1998-04
11026,51,53.0,10,0.0,530.0,0.0,530.0,FRANS,4,1998-04-15,1998-05-13,1998-04-28,1,47.09,Italy,51,Manjimup Dried Apples,7,53.0,0,7,Produce,13.0,True,1998,1998-04
11027,24,4.5,30,0.25,135.0,33.75,101.25,BOTTM,1,1998-04-16,1998-05-14,1998-04-20,1,52.52,Canada,24,Guaraná Fantástica,1,4.5,1,1,Beverages,4.0,True,1998,1998-04
11027,62,49.3,21,0.25,1035.3,258.825,776.4749999999999,BOTTM,1,1998-04-16,1998-05-14,1998-04-20,1,52.52,Canada,62,Tarte au sucre,3,49.3,0,3,Confections,4.0,True,1998,1998-04
11028,55,24.0,35,0.0,840.0,0.0,840.0,KOENE,2,1998-04-16,1998-05-14,1998-04-22,1,29.59,Germany,55,Pâté chinois,6,24.0,0,6,Meat/Poultry,6.0,True,1998,1998-04
11028,59,55.0,24,0.0,1320.0,0.0,1320.0,KOENE,2,1998-04-16,1998-05-14,1998-04-22,1,29.59,Germany,59,Raclette Courdavault,4,55.0,0,4,Dairy Products,6.0,True,1998,1998-04
11029,56,38.0,20,0.0,760.0,0.0,760.0,CHOPS,4,1998-04-16,1998-05-14,1998-04-27,1,47.84,Switzerland,56,Gnocchi di nonna Alice,5,38.0,0,5,Grains/Cereals,11.0,True,1998,1998-04
11029,63,43.9,12,0.0,526.8,0.0,526.8,CHOPS,4,1998-04-16,1998-05-14,1998-04-27,1,47.84,Switzerland,63,Vegie-spread,2,43.9,0,2,Condiments,11.0,True,1998,1998-04
11030,2,19.0,100,0.25,1900.0,475.0,1425.0,SAVEA,7,1998-04-17,1998-05-15,1998-04-27,2,830.75,USA,2,Chang,1,19.0,0,1,Beverages,10.0,True,1998,1998-04
11030,5,21.35,70,0.0,1494.5,0.0,1494.5,SAVEA,7,1998-04-17,1998-05-15,1998-04-27,2,830.75,USA,5,Chef Anton's Gumbo Mix,2,21.35,1,2,Condiments,10.0,True,1998,1998-04
11030,29,123.79,60,0.25,7427.400000000001,1856.8500000000001,5570.55,SAVEA,7,1998-04-17,1998-05-15,1998-04-27,2,830.75,USA,29,Thüringer Rostbratwurst,6,123.79,1,6,Meat/Poultry,10.0,True,1998,1998-04
11030,59,55.0,100,0.25,5500.0,1375.0,4125.0,SAVEA,7,1998-04-17,1998-05-15,1998-04-27,2,830.75,USA,59,Raclette Courdavault,4,55.0,0,4,Dairy Products,10.0,True,1998,1998-04
11031,1,18.0,45,0.0,810.0,0.0,810.0,SAVEA,6,1998-04-17,1998-05-15,1998-04-24,2,227.22,USA,1,Chai,1,18.0,0,1,Beverages,7.0,True,1998,1998-04
11031,13,6.0,80,0.0,480.0,0.0,480.0,SAVEA,6,1998-04-17,1998-05-15,1998-04-24,2,227.22,USA,13,Konbu,8,6.0,0,8,Seafood,7.0,True,1998,1998-04
11031,24,4.5,21,0.0,94.5,0.0,94.5,SAVEA,6,1998-04-17,1998-05-15,1998-04-24,2,227.22,USA,24,Guaraná Fantástica,1,4.5,1,1,Beverages,7.0,True,1998,1998-04
11031,64,33.25,20,0.0,665.0,0.0,665.0,SAVEA,6,1998-04-17,1998-05-15,1998-04-24,2,227.22,USA,64,Wimmers gute Semmelknödel,5,33.25,0,5,Grains/Cereals,7.0,True,1998,1998-04
11031,71,21.5,16,0.0,344.0,0.0,344.0,SAVEA,6,1998-04-17,1998-05-15,1998-04-24,2,227.22,USA,71,Flotemysost,4,21.5,0,4,Dairy Products,7.0,True,1998,1998-04
11032,36,19.0,35,0.0,665.0,0.0,665.0,WHITC,2,1998-04-17,1998-05-15,1998-04-23,3,606.19,USA,36,Inlagd Sill,8,19.0,0,8,Seafood,6.0,True,1998,1998-04
11032,38,263.5,25,0.0,6587.5,0.0,6587.5,WHITC,2,1998-04-17,1998-05-15,1998-04-23,3,606.19,USA,38,Côte de Blaye,1,263.5,0,1,Beverages,6.0,True,1998,1998-04
11032,59,55.0,30,0.0,1650.0,0.0,1650.0,WHITC,2,1998-04-17,1998-05-15,1998-04-23,3,606.19,USA,59,Raclette Courdavault,4,55.0,0,4,Dairy Products,6.0,True,1998,1998-04
11033,53,32.8,70,0.1,2296.0,229.60000000000002,2066.4,RICSU,7,1998-04-17,1998-05-15,1998-04-23,3,84.74,Switzerland,53,Perth Pasties,6,32.8,1,6,Meat/Poultry,6.0,True,1998,1998-04
11033,69,36.0,36,0.1,1296.0,129.6,1166.4,RICSU,7,1998-04-17,1998-05-15,1998-04-23,3,84.74,Switzerland,69,Gudbrandsdalsost,4,36.0,0,4,Dairy Products,6.0,True,1998,1998-04
11034,21,10.0,15,0.1,150.0,15.0,135.0,OLDWO,8,1998-04-20,1998-06-01,1998-04-27,1,40.32,USA,21,Sir Rodney's Scones,3,10.0,0,3,Confections,7.0,True,1998,1998-04
11034,44,19.45,12,0.0,233.39999999999998,0.0,233.39999999999998,OLDWO,8,1998-04-20,1998-06-01,1998-04-27,1,40.32,USA,44,Gula Malacca,2,19.45,0,2,Condiments,7.0,True,1998,1998-04
11034,61,28.5,6,0.0,171.0,0.0,171.0,OLDWO,8,1998-04-20,1998-06-01,1998-04-27,1,40.32,USA,61,Sirop d'érable,2,28.5,0,2,Condiments,7.0,True,1998,1998-04
11035,1,18.0,10,0.0,180.0,0.0,180.0,SUPRD,2,1998-04-20,1998-05-18,1998-04-24,2,0.17,Belgium,1,Chai,1,18.0,0,1,Beverages,4.0,True,1998,1998-04
11035,35,18.0,60,0.0,1080.0,0.0,1080.0,SUPRD,2,1998-04-20,1998-05-18,1998-04-24,2,0.17,Belgium,35,Steeleye Stout,1,18.0,0,1,Beverages,4.0,True,1998,1998-04
11035,42,14.0,30,0.0,420.0,0.0,420.0,SUPRD,2,1998-04-20,1998-05-18,1998-04-24,2,0.17,Belgium,42,Singaporean Hokkien Fried Mee,5,14.0,1,5,Grains/Cereals,4.0,True,1998,1998-04
11035,54,7.45,10,0.0,74.5,0.0,74.5,SUPRD,2,1998-04-20,1998-05-18,1998-04-24,2,0.17,Belgium,54,Tourtière,6,7.45,0,6,Meat/Poultry,4.0,True,1998,1998-04
11036,13,6.0,7,0.0,42.0,0.0,42.0,DRACD,8,1998-04-20,1998-05-18,1998-04-22,3,149.47,Germany,13,Konbu,8,6.0,0,8,Seafood,2.0,True,1998,1998-04
11036,59,55.0,30,0.0,1650.0,0.0,1650.0,DRACD,8,1998-04-20,1998-05-18,1998-04-22,3,149.47,Germany,59,Raclette Courdavault,4,55.0,0,4,Dairy Products,2.0,True,1998,1998-04
11037,70,15.0,4,0.0,60.0,0.0,60.0,GODOS,7,1998-04-21,1998-05-19,1998-04-27,1,3.2,Spain,70,Outback Lager,1,15.0,0,1,Beverages,6.0,True,1998,1998-04
11038,40,18.4,5,0.2,92.0,18.400000000000002,73.6,SUPRD,1,1998-04-21,1998-05-19,1998-04-30,2,29.59,Belgium,40,Boston Crab Meat,8,18.4,0,8,Seafood,9.0,True,1998,1998-04
11038,52,7.0,2,0.0,14.0,0.0,14.0,SUPRD,1,1998-04-21,1998-05-19,1998-04-30,2,29.59,Belgium,52,Filo Mix,5,7.0,0,5,Grains/Cereals,9.0,True,1998,1998-04
11038,71,21.5,30,0.0,645.0,0.0,645.0,SUPRD,1,1998-04-21,1998-05-19,1998-04-30,2,29.59,Belgium,71,Flotemysost,4,21.5,0,4,Dairy Products,9.0,True,1998,1998-04
11039,28,45.6,20,0.0,912.0,0.0,912.0,LINOD,1,1998-04-21,1998-05-19,,2,65.0,Venezuela,28,Rössle Sauerkraut,7,45.6,1,7,Produce,,False,1998,1998-04
11039,35,18.0,24,0.0,432.0,0.0,432.0,LINOD,1,1998-04-21,1998-05-19,,2,65.0,Venezuela,35,Steeleye Stout,1,18.0,0,1,Beverages,,False,1998,1998-04
11039,49,20.0,60,0.0,1200.0,0.0,1200.0,LINOD,1,1998-04-21,1998-05-19,,2,65.0,Venezuela,49,Maxilaku,3,20.0,0,3,Confections,,False,1998,1998-04
11039,57,19.5,28,0.0,546.0,0.0,546.0,LINOD,1,1998-04-21,1998-05-19,,2,65.0,Venezuela,57,Ravioli Angelo,5,19.5,0,5,Grains/Cereals,,False,1998,1998-04
11040,21,10.0,20,0.0,200.0,0.0,200.0,GREAL,4,1998-04-22,1998-05-20,,3,18.84,USA,21,Sir Rodney's Scones,3,10.0,0,3,Confections,,False,1998,1998-04
11041,2,19.0,30,0.2,570.0,114.0,456.0,CHOPS,3,1998-04-22,1998-05-20,1998-04-28,2,48.22,Switzerland,2,Chang,1,19.0,0,1,Beverages,6.0,True,1998,1998-04
11041,63,43.9,30,0.0,1317.0,0.0,1317.0,CHOPS,3,1998-04-22,1998-05-20,1998-04-28,2,48.22,Switzerland,63,Vegie-spread,2,43.9,0,2,Condiments,6.0,True,1998,1998-04
11042,44,19.45,15,0.0,291.75,0.0,291.75,COMMI,2,1998-04-22,1998-05-06,1998-05-01,1,29.99,Brazil,44,Gula Malacca,2,19.45,0,2,Condiments,9.0,True,1998,1998-04
11042,61,28.5,4,0.0,114.0,0.0,114.0,COMMI,2,1998-04-22,1998-05-06,1998-05-01,1,29.99,Brazil,61,Sirop d'érable,2,28.5,0,2,Condiments,9.0,True,1998,1998-04
11043,11,21.0,10,0.0,210.0,0.0,210.0,SPECD,5,1998-04-22,1998-05-20,1998-04-29,2,8.8,France,11,Queso Cabrales,4,21.0,0,4,Dairy Products,7.0,True,1998,1998-04
11044,62,49.3,12,0.0,591.5999999999999,0.0,591.5999999999999,WOLZA,4,1998-04-23,1998-05-21,1998-05-01,1,8.72,Poland,62,Tarte au sucre,3,49.3,0,3,Confections,8.0,True,1998,1998-04
11045,33,2.5,15,0.0,37.5,0.0,37.5,BOTTM,6,1998-04-23,1998-05-21,,2,70.58,Canada,33,Geitost,4,2.5,0,4,Dairy Products,,False,1998,1998-04
11045,51,53.0,24,0.0,1272.0,0.0,1272.0,BOTTM,6,1998-04-23,1998-05-21,,2,70.58,Canada,51,Manjimup Dried Apples,7,53.0,0,7,Produce,,False,1998,1998-04
11046,12,38.0,20,0.05,760.0,38.0,722.0,WANDK,8,1998-04-23,1998-05-21,1998-04-24,2,71.64,Germany,12,Queso Manchego La Pastora,4,38.0,0,4,Dairy Products,1.0,True,1998,1998-04
11046,32,32.0,15,0.05,480.0,24.0,456.0,WANDK,8,1998-04-23,1998-05-21,1998-04-24,2,71.64,Germany,32,Mascarpone Fabioli,4,32.0,0,4,Dairy Products,1.0,True,1998,1998-04
11046,35,18.0,18,0.05,324.0,16.2,307.8,WANDK,8,1998-04-23,1998-05-21,1998-04-24,2,71.64,Germany,35,Steeleye Stout,1,18.0,0,1,Beverages,1.0,True,1998,1998-04
11047,1,18.0,25,0.25,450.0,112.5,337.5,EASTC,7,1998-04-24,1998-05-22,1998-05-01,3,46.62,UK,1,Chai,1,18.0,0,1,Beverages,7.0,True,1998,1998-04
11047,5,21.35,30,0.25,640.5,160.125,480.375,EASTC,7,1998-04-24,1998-05-22,1998-05-01,3,46.62,UK,5,Chef Anton's Gumbo Mix,2,21.35,1,2,Condiments,7.0,True,1998,1998-04
11048,68,12.5,42,0.0,525.0,0.0,525.0,BOTTM,7,1998-04-24,1998-05-22,1998-04-30,3,24.12,Canada,68,Scottish Longbreads,3,12.5,0,3,Confections,6.0,True,1998,1998-04
11049,2,19.0,10,0.2,190.0,38.0,152.0,GOURL,3,1998-04-24,1998-05-22,1998-05-04,1,8.34,Brazil,2,Chang,1,19.0,0,1,Beverages,10.0,True,1998,1998-04
11049,12,38.0,4,0.2,152.0,30.400000000000002,121.6,GOURL,3,1998-04-24,1998-05-22,1998-05-04,1,8.34,Brazil,12,Queso Manchego La Pastora,4,38.0,0,4,Dairy Products,10.0,True,1998,1998-04
11050,76,18.0,50,0.1,900.0,90.0,810.0,FOLKO,8,1998-04-27,1998-05-25,1998-05-05,2,59.41,Sweden,76,Lakkalikööri,1,18.0,0,1,Beverages,8.0,True,1998,1998-04
11051,24,4.5,10,0.2,45.0,9.0,36.0,LAMAI,7,1998-04-27,1998-05-25,,3,2.79,France,24,Guaraná Fantástica,1,4.5,1,1,Beverages,,False,1998,1998-04
11052,43,46.0,30,0.2,1380.0,276.0,1104.0,HANAR,3,1998-04-27,1998-05-25,1998-05-01,1,67.26,Brazil,43,Ipoh Coffee,1,46.0,0,1,Beverages,4.0,True,1998,1998-04
11052,61,28.5,10,0.2,285.0,57.0,228.0,HANAR,3,1998-04-27,1998-05-25,1998-05-01,1,67.26,Brazil,61,Sirop d'érable,2,28.5,0,2,Condiments,4.0,True,1998,1998-04
11053,18,62.5,35,0.2,2187.5,437.5,1750.0,PICCO,2,1998-04-27,1998-05-25,1998-04-29,2,53.05,Austria,18,Carnarvon Tigers,8,62.5,0,8,Seafood,2.0,True,1998,1998-04
11053,32,32.0,20,0.0,640.0,0.0,640.0,PICCO,2,1998-04-27,1998-05-25,1998-04-29,2,53.05,Austria,32,Mascarpone Fabioli,4,32.0,0,4,Dairy Products,2.0,True,1998,1998-04
11053,64,33.25,25,0.2,831.25,166.25,665.0,PICCO,2,1998-04-27,1998-05-25,1998-04-29,2,53.05,Austria,64,Wimmers gute Semmelknödel,5,33.25,0,5,Grains/Cereals,2.0,True,1998,1998-04
11054,33,2.5,10,0.0,25.0,0.0,25.0,CACTU,8,1998-04-28,1998-05-26,,1,0.33,Argentina,33,Geitost,4,2.5,0,4,Dairy Products,,False,1998,1998-04
11054,67,14.0,20,0.0,280.0,0.0,280.0,CACTU,8,1998-04-28,1998-05-26,,1,0.33,Argentina,67,Laughing Lumberjack Lager,1,14.0,0,1,Beverages,,False,1998,1998-04
11055,24,4.5,15,0.0,67.5,0.0,67.5,HILAA,7,1998-04-28,1998-05-26,1998-05-05,2,120.92,Venezuela,24,Guaraná Fantástica,1,4.5,1,1,Beverages,7.0,True,1998,1998-04
11055,25,14.0,15,0.0,210.0,0.0,210.0,HILAA,7,1998-04-28,1998-05-26,1998-05-05,2,120.92,Venezuela,25,NuNuCa Nuß-Nougat-Creme,3,14.0,0,3,Confections,7.0,True,1998,1998-04
11055,51,53.0,20,0.0,1060.0,0.0,1060.0,HILAA,7,1998-04-28,1998-05-26,1998-05-05,2,120.92,Venezuela,51,Manjimup Dried Apples,7,53.0,0,7,Produce,7.0,True,1998,1998-04
11055,57,19.5,20,0.0,390.0,0.0,390.0,HILAA,7,1998-04-28,1998-05-26,1998-05-05,2,120.92,Venezuela,57,Ravioli Angelo,5,19.5,0,5,Grains/Cereals,7.0,True,1998,1998-04
11056,7,30.0,40,0.0,1200.0,0.0,1200.0,EASTC,8,1998-04-28,1998-05-12,1998-05-01,2,278.96,UK,7,Uncle Bob's Organic Dried Pears,7,30.0,0,7,Produce,3.0,True,1998,1998-04
11056,55,24.0,35,0.0,840.0,0.0,840.0,EASTC,8,1998-04-28,1998-05-12,1998-05-01,2,278.96,UK,55,Pâté chinois,6,24.0,0,6,Meat/Poultry,3.0,True,1998,1998-04
11056,60,34.0,50,0.0,1700.0,0.0,1700.0,EASTC,8,1998-04-28,1998-05-12,1998-05-01,2,278.96,UK,60,Camembert Pierrot,4,34.0,0,4,Dairy Products,3.0,True,1998,1998-04
11057,70,15.0,3,0.0,45.0,0.0,45.0,NORTS,3,1998-04-29,1998-05-27,1998-05-01,3,4.13,UK,70,Outback Lager,1,15.0,0,1,Beverages,2.0,True,1998,1998-04
11058,21,10.0,3,0.0,30.0,0.0,30.0,BLAUS,9,1998-04-29,1998-05-27,,3,31.14,Germany,21,Sir Rodney's Scones,3,10.0,0,3,Confections,,False,1998,1998-04
11058,60,34.0,21,0.0,714.0,0.0,714.0,BLAUS,9,1998-04-29,1998-05-27,,3,31.14,Germany,60,Camembert Pierrot,4,34.0,0,4,Dairy Products,,False,1998,1998-04
11058,61,28.5,4,0.0,114.0,0.0,114.0,BLAUS,9,1998-04-29,1998-05-27,,3,31.14,Germany,61,Sirop d'érable,2,28.5,0,2,Condiments,,False,1998,1998-04
11059,13,6.0,30,0.0,180.0,0.0,180.0,RICAR,2,1998-04-29,1998-06-10,,2,85.8,Brazil,13,Konbu,8,6.0,0,8,Seafood,,False,1998,1998-04
11059,17,39.0,12,0.0,468.0,0.0,468.0,RICAR,2,1998-04-29,1998-06-10,,2,85.8,Brazil,17,Alice Mutton,6,39.0,1,6,Meat/Poultry,,False,1998,1998-04
11059,60,34.0,35,0.0,1190.0,0.0,1190.0,RICAR,2,1998-04-29,1998-06-10,,2,85.8,Brazil,60,Camembert Pierrot,4,34.0,0,4,Dairy Products,,False,1998,1998-04
11060,60,34.0,4,0.0,136.0,0.0,136.0,FRANS,2,1998-04-30,1998-05-28,1998-05-04,2,10.98,Italy,60,Camembert Pierrot,4,34.0,0,4,Dairy Products,4.0,True,1998,1998-04
11060,77,13.0,10,0.0,130.0,0.0,130.0,FRANS,2,1998-04-30,1998-05-28,1998-05-04,2,10.98,Italy,77,Original Frankfurter grüne Soße,2,13.0,0,2,Condiments,4.0,True,1998,1998-04
11061,60,34.0,15,0.0,510.0,0.0,510.0,GREAL,4,1998-04-30,1998-06-11,,3,14.01,USA,60,Camembert Pierrot,4,34.0,0,4,Dairy Products,,False,1998,1998-04
11062,53,32.8,10,0.2,328.0,65.60000000000001,262.4,REGGC,4,1998-04-30,1998-05-28,,2,29.93,Italy,53,Perth Pasties,6,32.8,1,6,Meat/Poultry,,False,1998,1998-04
11062,70,15.0,12,0.2,180.0,36.0,144.0,REGGC,4,1998-04-30,1998-05-28,,2,29.93,Italy,70,Outback Lager,1,15.0,0,1,Beverages,,False,1998,1998-04
11063,34,14.0,30,0.0,420.0,0.0,420.0,HUNGO,3,1998-04-30,1998-05-28,1998-05-06,2,81.73,Ireland,34,Sasquatch Ale,1,14.0,0,1,Beverages,6.0,True,1998,1998-04
11063,40,18.4,40,0.1,736.0,73.60000000000001,662.4,HUNGO,3,1998-04-30,1998-05-28,1998-05-06,2,81.73,Ireland,40,Boston Crab Meat,8,18.4,0,8,Seafood,6.0,True,1998,1998-04
11063,41,9.65,30,0.1,289.5,28.950000000000003,260.55,HUNGO,3,1998-04-30,1998-05-28,1998-05-06,2,81.73,Ireland,41,Jack's New England Clam Chowder,8,9.65,0,8,Seafood,6.0,True,1998,1998-04
11064,17,39.0,77,0.1,3003.0,300.3,2702.7,SAVEA,1,1998-05-01,1998-05-29,1998-05-04,1,30.09,USA,17,Alice Mutton,6,39.0,1,6,Meat/Poultry,3.0,True,1998,1998-05
11064,41,9.65,12,0.0,115.80000000000001,0.0,115.80000000000001,SAVEA,1,1998-05-01,1998-05-29,1998-05-04,1,30.09,USA,41,Jack's New England Clam Chowder,8,9.65,0,8,Seafood,3.0,True,1998,1998-05
11064,53,32.8,25,0.1,819.9999999999999,82.0,737.9999999999999,SAVEA,1,1998-05-01,1998-05-29,1998-05-04,1,30.09,USA,53,Perth Pasties,6,32.8,1,6,Meat/Poultry,3.0,True,1998,1998-05
11064,55,24.0,4,0.1,96.0,9.600000000000001,86.4,SAVEA,1,1998-05-01,1998-05-29,1998-05-04,1,30.09,USA,55,Pâté chinois,6,24.0,0,6,Meat/Poultry,3.0,True,1998,1998-05
11064,68,12.5,55,0.0,687.5,0.0,687.5,SAVEA,1,1998-05-01,1998-05-29,1998-05-04,1,30.09,USA,68,Scottish Longbreads,3,12.5,0,3,Confections,3.0,True,1998,1998-05
11065,30,25.89,4,0.25,103.56,25.89,77.67,LILAS,8,1998-05-01,1998-05-29,,1,12.91,Venezuela,30,Nord-Ost Matjeshering,8,25.89,0,8,Seafood,,False,1998,1998-05
11065,54,7.45,20,0.25,149.0,37.25,111.75,LILAS,8,1998-05-01,1998-05-29,,1,12.91,Venezuela,54,Tourtière,6,7.45,0,6,Meat/Poultry,,False,1998,1998-05
11066,16,17.45,3,0.0,52.349999999999994,0.0,52.349999999999994,WHITC,7,1998-05-01,1998-05-29,1998-05-04,2,44.72,USA,16,Pavlova,3,17.45,0,3,Confections,3.0,True,1998,1998-05
11066,19,9.2,42,0.0,386.4,0.0,386.4,WHITC,7,1998-05-01,1998-05-29,1998-05-04,2,44.72,USA,19,Teatime Chocolate Biscuits,3,9.2,0,3,Confections,3.0,True,1998,1998-05
11066,34,14.0,35,0.0,490.0,0.0,490.0,WHITC,7,1998-05-01,1998-05-29,1998-05-04,2,44.72,USA,34,Sasquatch Ale,1,14.0,0,1,Beverages,3.0,True,1998,1998-05
11067,41,9.65,9,0.0,86.85000000000001,0.0,86.85000000000001,DRACD,1,1998-05-04,1998-05-18,1998-05-06,2,7.98,Germany,41,Jack's New England Clam Chowder,8,9.65,0,8,Seafood,2.0,True,1998,1998-05
11068,28,45.6,8,0.15,364.8,54.72,310.08000000000004,QUEEN,8,1998-05-04,1998-06-01,,2,81.75,Brazil,28,Rössle Sauerkraut,7,45.6,1,7,Produce,,False,1998,1998-05
11068,43,46.0,36,0.15,1656.0,248.39999999999998,1407.6,QUEEN,8,1998-05-04,1998-06-01,,2,81.75,Brazil,43,Ipoh Coffee,1,46.0,0,1,Beverages,,False,1998,1998-05
11068,77,13.0,28,0.15,364.0,54.6,309.4,QUEEN,8,1998-05-04,1998-06-01,,2,81.75,Brazil,77,Original Frankfurter grüne Soße,2,13.0,0,2,Condiments,,False,1998,1998-05
11069,39,18.0,20,0.0,360.0,0.0,360.0,TORTU,1,1998-05-04,1998-06-01,1998-05-06,2,15.67,Mexico,39,Chartreuse verte,1,18.0,0,1,Beverages,2.0,True,1998,1998-05
11070,1,18.0,40,0.15,720.0,108.0,612.0,LEHMS,2,1998-05-05,1998-06-02,,1,136.0,Germany,1,Chai,1,18.0,0,1,Beverages,,False,1998,1998-05
11070,2,19.0,20,0.15,380.0,57.0,323.0,LEHMS,2,1998-05-05,1998-06-02,,1,136.0,Germany,2,Chang,1,19.0,0,1,Beverages,,False,1998,1998-05
11070,16,17.45,30,0.15,523.5,78.52499999999999,444.975,LEHMS,2,1998-05-05,1998-06-02,,1,136.0,Germany,16,Pavlova,3,17.45,0,3,Confections,,False,1998,1998-05
11070,31,12.5,20,0.0,250.0,0.0,250.0,LEHMS,2,1998-05-05,1998-06-02,,1,136.0,Germany,31,Gorgonzola Telino,4,12.5,0,4,Dairy Products,,False,1998,1998-05
11071,7,30.0,15,0.05,450.0,22.5,427.5,LILAS,1,1998-05-05,1998-06-02,,1,0.93,Venezuela,7,Uncle Bob's Organic Dried Pears,7,30.0,0,7,Produce,,False,1998,1998-05
11071,13,6.0,10,0.05,60.0,3.0,57.0,LILAS,1,1998-05-05,1998-06-02,,1,0.93,Venezuela,13,Konbu,8,6.0,0,8,Seafood,,False,1998,1998-05
11072,2,19.0,8,0.0,152.0,0.0,152.0,ERNSH,4,1998-05-05,1998-06-02,,2,258.64,Austria,2,Chang,1,19.0,0,1,Beverages,,False,1998,1998-05
11072,41,9.65,40,0.0,386.0,0.0,386.0,ERNSH,4,1998-05-05,1998-06-02,,2,258.64,Austria,41,Jack's New England Clam Chowder,8,9.65,0,8,Seafood,,False,1998,1998-05
11072,50,16.25,22,0.0,357.5,0.0,357.5,ERNSH,4,1998-05-05,1998-06-02,,2,258.64,Austria,50,Valkoinen suklaa,3,16.25,0,3,Confections,,False,1998,1998-05
11072,64,33.25,130,0.0,4322.5,0.0,4322.5,ERNSH,4,1998-05-05,1998-06-02,,2,258.64,Austria,64,Wimmers gute Semmelknödel,5,33.25,0,5,Grains/Cereals,,False,1998,1998-05
11073,11,21.0,10,0.0,210.0,0.0,210.0,PERIC,2,1998-05-05,1998-06-02,,2,24.95,Mexico,11,Queso Cabrales,4,21.0,0,4,Dairy Products,,False,1998,1998-05
11073,24,4.5,20,0.0,90.0,0.0,90.0,PERIC,2,1998-05-05,1998-06-02,,2,24.95,Mexico,24,Guaraná Fantástica,1,4.5,1,1,Beverages,,False,1998,1998-05
11074,16,17.45,14,0.05,244.29999999999998,12.215,232.08499999999998,SIMOB,7,1998-05-06,1998-06-03,,2,18.44,Denmark,16,Pavlova,3,17.45,0,3,Confections,,False,1998,1998-05
11075,2,19.0,10,0.15,190.0,28.5,161.5,RICSU,8,1998-05-06,1998-06-03,,2,6.19,Switzerland,2,Chang,1,19.0,0,1,Beverages,,False,1998,1998-05
11075,46,12.0,30,0.15,360.0,54.0,306.0,RICSU,8,1998-05-06,1998-06-03,,2,6.19,Switzerland,46,Spegesild,8,12.0,0,8,Seafood,,False,1998,1998-05
11075,76,18.0,2,0.15,36.0,5.3999999999999995,30.6,RICSU,8,1998-05-06,1998-06-03,,2,6.19,Switzerland,76,Lakkalikööri,1,18.0,0,1,Beverages,,False,1998,1998-05
11076,6,25.0,20,0.25,500.0,125.0,375.0,BONAP,4,1998-05-06,1998-06-03,,2,38.28,France,6,Grandma's Boysenberry Spread,2,25.0,0,2,Condiments,,False,1998,1998-05
11076,14,23.25,20,0.25,465.0,116.25,348.75,BONAP,4,1998-05-06,1998-06-03,,2,38.28,France,14,Tofu,7,23.25,0,7,Produce,,False,1998,1998-05
11076,19,9.2,10,0.25,92.0,23.0,69.0,BONAP,4,1998-05-06,1998-06-03,,2,38.28,France,19,Teatime Chocolate Biscuits,3,9.2,0,3,Confections,,False,1998,1998-05
11077,2,19.0,24,0.2,456.0,91.2,364.8,RATTC,1,1998-05-06,1998-06-03,,2,8.53,USA,2,Chang,1,19.0,0,1,Beverages,,False,1998,1998-05
11077,3,10.0,4,0.0,40.0,0.0,40.0,RATTC,1,1998-05-06,1998-06-03,,2,8.53,USA,3,Aniseed Syrup,2,10.0,0,2,Condiments,,False,1998,1998-05
11077,4,22.0,1,0.0,22.0,0.0,22.0,RATTC,1,1998-05-06,1998-06-03,,2,8.53,USA,4,Chef Anton's Cajun Seasoning,2,22.0,0,2,Condiments,,False,1998,1998-05
11077,6,25.0,1,0.02,25.0,0.5,24.5,RATTC,1,1998-05-06,1998-06-03,,2,8.53,USA,6,Grandma's Boysenberry Spread,2,25.0,0,2,Condiments,,False,1998,1998-05
11077,7,30.0,1,0.05,30.0,1.5,28.5,RATTC,1,1998-05-06,1998-06-03,,2,8.53,USA,7,Uncle Bob's Organic Dried Pears,7,30.0,0,7,Produce,,False,1998,1998-05
11077,8,40.0,2,0.1,80.0,8.0,72.0,RATTC,1,1998-05-06,1998-06-03,,2,8.53,USA,8,Northwoods Cranberry Sauce,2,40.0,0,2,Condiments,,False,1998,1998-05
11077,10,31.0,1,0.0,31.0,0.0,31.0,RATTC,1,1998-05-06,1998-06-03,,2,8.53,USA,10,Ikura,8,31.0,0,8,Seafood,,False,1998,1998-05
11077,12,38.0,2,0.05,76.0,3.8000000000000003,72.2,RATTC,1,1998-05-06,1998-06-03,,2,8.53,USA,12,Queso Manchego La Pastora,4,38.0,0,4,Dairy Products,,False,1998,1998-05
11077,13,6.0,4,0.0,24.0,0.0,24.0,RATTC,1,1998-05-06,1998-06-03,,2,8.53,USA,13,Konbu,8,6.0,0,8,Seafood,,False,1998,1998-05
11077,14,23.25,1,0.03,23.25,0.6975,22.5525,RATTC,1,1998-05-06,1998-06-03,,2,8.53,USA,14,Tofu,7,23.25,0,7,Produce,,False,1998,1998-05
11077,16,17.45,2,0.03,34.9,1.047,33.853,RATTC,1,1998-05-06,1998-06-03,,2,8.53,USA,16,Pavlova,3,17.45,0,3,Confections,,False,1998,1998-05
11077,20,81.0,1,0.04,81.0,3.24,77.76,RATTC,1,1998-05-06,1998-06-03,,2,8.53,USA,20,Sir Rodney's Marmalade,3,81.0,0,3,Confections,,False,1998,1998-05
11077,23,9.0,2,0.0,18.0,0.0,18.0,RATTC,1,1998-05-06,1998-06-03,,2,8.53,USA,23,Tunnbröd,5,9.0,0,5,Grains/Cereals,,False,1998,1998-05
11077,32,32.0,1,0.0,32.0,0.0,32.0,RATTC,1,1998-05-06,1998-06-03,,2,8.53,USA,32,Mascarpone Fabioli,4,32.0,0,4,Dairy Products,,False,1998,1998-05
11077,39,18.0,2,0.05,36.0,1.8,34.2,RATTC,1,1998-05-06,1998-06-03,,2,8.53,USA,39,Chartreuse verte,1,18.0,0,1,Beverages,,False,1998,1998-05
11077,41,9.65,3,0.0,28.950000000000003,0.0,28.950000000000003,RATTC,1,1998-05-06,1998-06-03,,2,8.53,USA,41,Jack's New England Clam Chowder,8,9.65,0,8,Seafood,,False,1998,1998-05
11077,46,12.0,3,0.02,36.0,0.72,35.28,RATTC,1,1998-05-06,1998-06-03,,2,8.53,USA,46,Spegesild,8,12.0,0,8,Seafood,,False,1998,1998-05
11077,52,7.0,2,0.0,14.0,0.0,14.0,RATTC,1,1998-05-06,1998-06-03,,2,8.53,USA,52,Filo Mix,5,7.0,0,5,Grains/Cereals,,False,1998,1998-05
11077,55,24.0,2,0.0,48.0,0.0,48.0,RATTC,1,1998-05-06,1998-06-03,,2,8.53,USA,55,Pâté chinois,6,24.0,0,6,Meat/Poultry,,False,1998,1998-05
11077,60,34.0,2,0.06,68.0,4.08,63.92,RATTC,1,1998-05-06,1998-06-03,,2,8.53,USA,60,Camembert Pierrot,4,34.0,0,4,Dairy Products,,False,1998,1998-05
11077,64,33.25,2,0.03,66.5,1.9949999999999999,64.505,RATTC,1,1998-05-06,1998-06-03,,2,8.53,USA,64,Wimmers gute Semmelknödel,5,33.25,0,5,Grains/Cereals,,False,1998,1998-05
11077,66,17.0,1,0.0,17.0,0.0,17.0,RATTC,1,1998-05-06,1998-06-03,,2,8.53,USA,66,Louisiana Hot Spiced Okra,2,17.0,0,2,Condiments,,False,1998,1998-05
11077,73,15.0,2,0.01,30.0,0.3,29.7,RATTC,1,1998-05-06,1998-06-03,,2,8.53,USA,73,Röd Kaviar,8,15.0,0,8,Seafood,,False,1998,1998-05
11077,75,7.75,4,0.0,31.0,0.0,31.0,RATTC,1,1998-05-06,1998-06-03,,2,8.53,USA,75,Rhönbräu Klosterbier,1,7.75,0,1,Beverages,,False,1998,1998-05
11077,77,13.0,2,0.0,26.0,0.0,26.0,RATTC,1,1998-05-06,1998-06-03,,2,8.53,USA,77,Original Frankfurter grüne Soße,2,13.0,0,2,Condiments,,False,1998,1998-05
